Translation Efficiency Low,Translation Efficiency High,Translation Efficiency Mid
YEL033W,YMR027W,YPR155C
YCR024C-B,YMR244C-A,YHR050W
YJR152W,YNL245C,YJR031C
YDL037C,YDL136W,YLR047C
YNR068C,YLR398C,YIL102C-A
YFL050C,YMR092C,YML005W
YPL056C,YDL140C,YGL246C
YER180C,YLR357W,YGL004C
YBR008C,YDL100C,YFR048W
YDL039C,YLR359W,YNL225C
YJL213W,YFL048C,YDL035C
YGL192W,YGL041W-A,YNL022C
YER039C,YKL073W,YNL182C
YNL204C,YBL018C,YDL203C
YOL029C,YNL302C,YGL095C
YBR298C,YLR136C,YPL074W
YOR084W,YPL119C,YAL026C
YER186C,YPR043W,YHL029C
YBR020W,YNL050C,YFL042C
YJR107W,YML058W-A,YOR377W
YER187W,YDR320C,YOR110W
YEL023C,YMR159C,YGR100W
YFL051C,YIL044C,YMR063W
YLR046C,YGR203W,YDR416W
YOR034C-A,YLR199C,YGL216W
Q0255,YBL069W,YLR361C
YOL104C,YNL154C,YNL039W
YLL053C,YPL032C,YML076C
YJL108C,YML127W,YDR047W
YCR095W-A,YOR042W,YGR046W
YBR063C,YML069W,YLR135W
YFL041W-A,YOL039W,YER078C
YIR016W,YGL065C,YPR081C
YJL106W,YJL055W,YPL112C
YGL262W,YCR076C,YNL195C
YHR175W-A,YNL166C,YBL089W
YHR033W,YBR010W,YBR105C
YCR014C,YJL212C,YOR118W
YDR438W,YOL120C,YDR520C
YFL031W,YEL058W,YDR503C
YDL239C,YJL186W,YOR127W
YMR085W,YOR372C,YPL162C
YPR121W,YKL165C,YMR194C-B
YGR154C,YGR284C,YCR048W
YBL044W,YNL281W,YDR282C
YJL216C,YCL055W,YIL111W
YLR263W,YKR029C,YNL218W
YBR196C-A,YAR002C-A,YHR118C
YIL029C,YGL195W,YPR176C
YCR100C,YHR154W,YMR277W
YIL165C,YHR170W,YHR009C
YKR050W,YKL001C,YHL020C
YOR180C,YKL034W,YHR172W
YMR018W,YBR138C,YGR117C
YIR031C,YGL084C,YBR204C
YFR026C,YKL021C,YPR185W
YOL015W,YNL158W,YKL023C-A
YBL075C,YAL007C,YBL055C
YPR054W,YIL064W,YDR369C
YKL163W,YJR075W,YOR279C
YGL138C,YOR151C,YDR076W
YMR303C,YNL148C,YOL017W
YLR174W,YLR204W,YMR089C
YOR032W-A,YJR076C,YMR211W
YNR076W,YMR178W,YDL001W
YOR192C,YDR068W,YMR228W
YDL231C,YHR097C,YJL081C
YNR058W,YPL235W,YPR075C
YDR402C,YDR146C,YPL247C
YNR069C,YJL063C,YKL043W
YJL089W,YLR342W,YMR021C
YBR018C,YGR081C,YNL325C
YIR021W-A,YLL034C,YDL177C
YPL258C,YBR167C,YIL112W
YPR117W,YPL184C,YDL237W
YKL187C,YBR031W,YGL252C
YML002W,YEL003W,YJL038C
YLR394W,YNR035C,YNL026W
YKL050C,YDR356W,YMR061W
YKL161C,YDL235C,YPL176C
YNL331C,YKL080W,YPL039W
YLL056C,YDR512C,YJR126C
YGR289C,YDL060W,YIL077C
YGL193C,YBR122C,YDR374C
YJR149W,YOR197W,YKR041W
YKR104W,YPR098C,YDR375C
YNL196C,YMR236W,YJL077C
YGR066C,YOL092W,YHR171W
YNL097C-B,YPR133W-A,YMR170C
YLL055W,YKL056C,YPL254W
YOR298W,YGL057C,YDR061W
YPL167C,YDR113C,YIR010W
YNR056C,YOR316C-A,YAL027W
YPR007C,YNL137C,YDR301W
YKR102W,YML130C,YJL094C
YDR242W,YOL129W,YOL003C
YOL014W,YNL301C,YIR013C
YMR232W,YER086W,YGL110C
YOR351C,YJL178C,YBL043W
YMR306W,YMR003W,YDR186C
YDR082W,YKL119C,YHL039W
YIL164C,YPR180W,YOR025W
YBR270C,YNL134C,YLR254C
YDL079C,YNL067W,YDR527W
YEL009C,YJL030W,YER105C
YJR153W,YNL232W,YJL085W
YNL270C,YPR182W,YJR059W
YIR041W,YGL180W,YDR458C
YKR103W,YBR146W,YOR148C
YKL071W,YMR246W,YLL048C
YLR031W,YDL236W,YOR010C
YDR263C,YLR326W,YJL054W
YNL187W,YGL171W,YLR238W
YHL032C,YJR131W,YPL196W
YLR164W,YDL095W,YEL062W
YML066C,YOR131C,YNL006W
YLR343W,YPR110C,YOR058C
YNR072W,YER012W,YLL010C
YKL188C,YGR116W,YDR257C
YER044C-A,YPL169C,YPL257W
YOR161C-C,YJR148W,YCL010C
YHL043W,YHR201C,YMR104C
YDL218W,YIL075C,YLR023C
YLR318W,YLR176C,YKL125W
YOR186W,YKL186C,YGR247W
YDR256C,YDL160C-A,YKL181W
YOR328W,YDR450W,YNL032W
YOR388C,YMR116C,YHR189W
YJR154W,YNL167C,YBL042C
YMR065W,YDR321W,YDR494W
YJR004C,YML014W,YJL006C
YNL014W,YAL019W,YNL291C
YKL132C,YDR331W,YER137C
YCL021W-A,YKL103C,YDL174C
YKL222C,YDR395W,YMR253C
YOR032C,YBR091C,YKL106W
YBR293W,YPL065W,YJR096W
YGL015C,YGR060W,YGL119W
YLR037C,YKL006C-A,YBR221W-A
YKR015C,YOR259C,YMR242W-A
YML054C,YBR034C,YKL191W
YGL158W,YAL061W,YIL104C
YOR178C,YPL139C,YEL061C
YOL113W,YIR003W,YOR304C-A
YDL109C,YGR026W,YCL032W
YOR348C,YLL038C,YHR050W-A
YPL174C,YLR118C,YLR149C
YDL214C,YDR054C,YLR307W
YDL154W,YBL059C-A,YLR132C
YAL034C,YOR317W,YKR037C
YPL200W,YDR116C,YJR106W
YCR098C,YKL112W,YDL063C
YPR194C,YNR003C,YHR111W
YLR320W,YEL040W,YBL104C
YKL070W,YGL221C,YDR456W
YPL034W,YNL268W,YJL126W
YOL084W,YIL119C,YDR123C
YHR210C,YOR230W,YBL101C
YMR084W,YLR372W,YOR144C
YDR504C,YHR052W,YOL115W
YML042W,YLR193C,YDR141C
YIL099W,YLR367W,YMR150C
YER065C,YGR253C,YDR251W
YCL001W-A,YIL063C,YHR003C
YML023C,YGR130C,YPR152C
YLR266C,YML004C,YOL136C
YCR020C,YPL067C,YBL061C
YHR139C,YNL155W,YLR260W
YER041W,YGR135W,YGR274C
YOL163W,YGL153W,YKR021W
YNL294C,YDR399W,YIL107C
YPL269W,YDR020C,YEL004W
YLR233C,YMR164C,YIR018W
YGR146C-A,YAL033W,YMR032W
YFL003C,YCR051W,YLR106C
YKR069W,YCR069W,YDR329C
YEL067C,YDR091C,YMR113W
YOR137C,YLR332W,YDR538W
YOL164W,YER121W,YGL107C
YMR056C,YLR347C,YPR027C
YPL121C,YDL232W,YJR049C
YKR061W,YDR404C,YNL058C
YIR029W,YKR056W,YNR029C
YDR459C,YPR086W,YKL010C
YHR080C,YER004W,YHR041C
YNL146C-A,YOR234C,YLR345W
YER184C,YHR136C,YPL157W
YLL057C,YLR133W,YDR316W
YLR329W,YBR261C,YOL016C
YEL072W,YKL114C,YMR191W
YMR271C,YOR069W,YCL024W
YAR029W,YNL123W,YDR530C
YNL318C,YDR492W,YOR273C
YLR227C,YGL082W,YDL108W
YLL005C,YDL191W,YNL077W
YBR040W,YBR026C,YKR030W
YGL249W,YKR024C,YDL240W
YPR196W,YDL083C,YMR206W
YDR124W,YHR213W-B,YNL326C
YFL020C,YCR108C,YIL011W
YHL035C,YIL124W,YDR005C
YBR163W,YOL032W,YOL010W
YPR085C,YPL249C,YER053C
YLR285C-A,YGR118W,YKL219W
YPR001W,YJR093C,YDR333C
YGL096W,YPR046W,YGL017W
YHR048W,YDR346C,YDR236C
YBR043C,YKR084C,YMR212C
YER115C,YGR218W,YIL002W-A
YOR100C,YGL078C,YBR272C
YIR042C,YDR307W,YPL181W
YFL030W,YDL054C,YGR177C
YBL088C,YGL066W,YOR211C
YFL055W,YDL084W,YBL008W
YOR306C,YLR248W,YAL014C
YDR160W,YPL063W,YGR007W
YJL093C,YJL218W,YMR285C
YNR070W,YER146W,YKR072C
YMR096W,YDR469W,YPL116W
YOR387C,YDR382W,YGR197C
YOR313C,YDR394W,YNL139C
YOL024W,YBR092C,YML062C
YBR276C,YKL013C,YMR041C
YDR387C,YDR373W,YGL162W
YGL136C,YBR214W,YMR220W
YGL251C,YIL018W,YGR283C
YML051W,YHR068W,YPR106W
YLL003W,YDL003W,YGR113W
YBR117C,YDR447C,YOL054W
YBR182C,YOR167C,YPR006C
YOL091W,YMR128W,YDR105C
YAL018C,YKL154W,YGL236C
YPL148C,YIL109C,YDL199C
YOR381W,YLR034C,YDL042C
YPL130W,YCR020C-A,YDR379W
YPL280W,YOR163W,YGL133W
YKL026C,YDL078C,YNL238W
Q0130,YDR258C,YMR310C
YKR005C,YBR273C,YPL071C
YIL160C,YDR482C,YIR015W
YIR032C,YMR117C,YOR373W
YDL048C,YGL220W,Q0275
YDR332W,YGL120C,YGR033C
YGL176C,YML079W,YLL043W
YJL209W,YHR162W,YLR241W
YCR089W,YPL012W,YIL156W
YOR107W,YLR350W,YLR423C
YPL171C,YDL015C,YMR133W
YGL183C,YGL011C,YDL006W
YLL060C,YBL035C,YLR119W
YOR237W,YOL059W,YHR011W
YDL204W,YBR029C,YHR084W
YIR019C,YOR007C,YOL053W
YDR004W,YJR117W,YDL215C
YEL030W,YEL054C,YNL256W
YOR120W,YOR111W,YJL048C
YAL062W,YGR173W,YFL034W
YOL105C,YGL032C,YMR216C
YKR054C,YDL121C,YJL181W
YIL120W,YOR123C,YML064C
YJR036C,YOL057W,YJR040W
YMR207C,YMR222C,YGR091W
YGL090W,YCL044C,YBR125C
YCR021C,YJR053W,YNL258C
YKL220C,YKL082C,YGL128C
YGL256W,YGR185C,YPL156C
YNL117W,YNL287W,YPL245W
YGR168C,YEL019C,YPL141C
YGL063W,YBL032W,YBR003W
YLR087C,YNL027W,YKR100C
YOR080W,YGR172C,YKL079W
YBR076W,YNR017W,YGL073W
YAL037W,YGL194C-A,YLR291C
YLR368W,YLR397C,YLR071C
YGR059W,YER178W,YDL189W
YMR175W-A,YPR103W,YPL002C
YKR058W,YDL202W,YDR464W
YJL105W,YJL184W,YPL068C
YOL043C,YDR388W,YGR122W
YKL086W,YIL065C,YBR201W
YPL201C,YOL141W,YML061C
YER185W,YNL104C,YOL045W
YPL075W,YNR038W,YCR105W
YLR125W,YJL174W,YPL081W
YFL040W,YGL012W,YDR176W
YOL112W,YDR368W,YEL022W
YBR203W,YLR022C,YDL155W
YNL094W,YNL045W,YOR001W
YOR242C,YHR158C,YGL164C
YBR033W,YMR110C,YLR191W
YDL222C,YOR254C,YIR025W
YBL052C,YGR232W,YCR068W
YJR150C,YLR029C,YGR149W
YAL054C,YGL203C,YGL112C
YCR106W,YLR364W,YOR196C
YOR059C,YDR463W,YPL209C
YKL133C,YLR083C,YDR130C
YNR059W,YOR016C,YMR005W
YJL043W,YER079W,YIL097W
YDL247W,YDR516C,YLL015W
YBR250W,YIL069C,YLL004W
YPL272C,YIR012W,YBR195C
YOR205C,YLR104W,YBR148W
YIL037C,YLL011W,YJL201W
YER085C,YMR314W,YDR517W
YML047C,YFL023W,YNL065W
YDL176W,YNL069C,YPR179C
YAL067C,YFR055W,YPL172C
YPL088W,YDR121W,YOR081C
YEL025C,YDR169C,YFR018C
YGL134W,YDL168W,YDR490C
YJL025W,YGL028C,YJL131C
YBR301W,YPL218W,YNL040W
YCR104W,YJL003W,YPR162C
YPL186C,YFL013C,YLR151C
YDR265W,YMR043W,YOR311C
YGR087C,YOR185C,YCL038C
YOL068C,YPR088C,YNR041C
YDR249C,YLR321C,YGL075C
YPL268W,YOR063W,YGL023C
YML104C,YNR006W,YGL142C
YBL014C,YGR109C,YDR135C
YGR070W,YEL017C-A,YMR165C
YML068W,YPL085W,YPL120W
YKR053C,YBL058W,YBR200W
YJL153C,YDR238C,YJR129C
YKR097W,YJL008C,YNL180C
YKR098C,YGR029W,YNL048W
YLR224W,YHR061C,YGR165W
YGR236C,YPL126W,YIL049W
YBR180W,YDL099W,YPL161C
YDR314C,YJR145C,YEL011W
YPR005C,YER177W,YLR265C
YMR257C,YGR124W,YBR172C
YEL016C,YBL091C-A,YER116C
YPR030W,YJL121C,YER141W
YGR248W,YBL081W,YFL052W
YPL149W,YKL141W,YHR202W
YOL154W,YHR147C,YLR237W
YLR341W,YKL150W,YGL093W
YOR193W,YBR143C,YDL233W
YCR073C,YGL188C-A,YDR422C
YLR012C,YGR030C,YHR156C
YOR214C,YJL151C,YPL115C
YLR267W,YFL018C,YDL028C
YLR014C,YJL020C,YGR004W
YFR022W,YGL148W,YKR076W
YGR062C,YOR125C,YPL092W
YLR377C,YLL041C,YER119C
YPR160W,YFR041C,YOL101C
YPR193C,YDR358W,YCL011C
YCL026C-A,YDL081C,YDR140W
YLR130C,YOL056W,YPL006W
YFR012W,YPL093W,YKL089W
YER106W,YLR298C,YER069W
YER024W,YLR287C-A,YER008C
YJR095W,YHR060W,YGL067W
YOR172W,YDR515W,YJR042W
YHR204W,YBR221C,YER061C
YER054C,YKL042W,YOR322C
YKL176C,YOR236W,YCR028C
YPL147W,YDL226C,YPR144C
YLR213C,YBL021C,YER162C
YGL113W,YPR108W,YKL206C
YJL027C,YNL292W,YOR274W
YLR177W,YDR084C,YPR186C
YGL257C,YGL101W,YMR087W
YLR152C,YKR011C,YOR143C
YBR168W,YLR380W,YHR085W
YBR128C,YNL071W,YER142C
YAR023C,YML027W,YMR289W
YGR213C,YGR158C,YGR012W
YMR090W,YDL075W,YCL051W
YNL142W,YER134C,YDR017C
YGL263W,YMR083W,YMR093W
YBR019C,YIL038C,YNL124W
YOR190W,YNL162W,YDL019C
YLR246W,YNR061C,YHR028C
YMR126C,YLR447C,YHR184W
YER051W,YER156C,YIR011C
YER153C,YPL135W,YLR178C
YEL057C,YIL125W,YBR236C
YHR014W,YLR066W,YDR003W
YDR223W,YLR026C,YMR201C
YMR176W,YPR188C,YER018C
YPL164C,YLL001W,YHR056C
YDR350C,YJL010C,YNR014W
YPR200C,YLR197W,YOR115C
YIL072W,YFL044C,YOR057W
YHR194W,YNL215W,YNR073C
YFL054C,YMR230W,YJL049W
YJR005C-A,YDL058W,YOL152W
YER173W,YMR227C,YHR188C
YPL187W,YDR337W,YCR024C
YOR339C,YDR063W,YOL049W
YLR242C,YOR061W,YLR166C
YMR118C,YDR101C,YDR514C
YOR365C,YOL007C,YDR069C
YBR284W,YNR021W,YOL042W
YDL197C,YJR015W,YDR335W
YGL243W,YGL025C,YML071C
YGL131C,YCR084C,YGR153W
YKR051W,YBL015W,YBL074C
YDL073W,YEL012W,YDR277C
YDR275W,YDR511W,YOR315W
YNL230C,YCR009C,YOL122C
YDR370C,YBR222C,YDL074C
YML099C,YJL217W,YKL059C
YPL282C,YLR390W,YPL191C
YBR259W,YML008C,YOR108W
YPL189W,YGR145W,YML117W
YLR067C,YDR320C-A,YJL069C
YNL063W,YDL173W,YMR156C
YHR150W,YDL165W,YLL039C
YDR132C,YPL123C,YDR531W
YGR131W,YDR415C,YIL042C
YDL024C,YPL250C,YDR539W
YLR454W,YDR056C,YEL050C
YOR305W,YNL216W,YPL227C
YMR180C,YNL061W,YBR129C
YHL044W,YBL029C-A,YDL119C
YOR338W,YPL266W,YBR288C
YGL170C,YOL041C,YPL193W
YBR295W,YIL142W,YNL201C
YGL146C,YPR133C,YDR070C
YDR541C,YML106W,YML006C
YDR403W,YHR127W,YDL216C
YDL080C,YGR227W,YBR193C
YMR064W,YDR100W,YDR011W
YNL279W,YLR194C,YJR012C
YJR147W,YPR170W-B,YOR090C
YHL026C,YBR079C,YOR268C
YLR313C,YHR013C,YDR293C
YFL053W,YDR189W,YLR287C
YMR251W,YHR108W,YDR081C
YBL095W,YPR132W,YMR105C
YMR095C,YML077W,YNL250W
YMR023C,YNR018W,YKL110C
YOL081W,YFR003C,YIL149C
YDR542W,YML030W,YHR101C
YPR115W,YIL005W,YNL227C
YFR023W,YKL062W,YOL137W
YOR208W,YOR261C,YMR101C
YHR035W,YKR065C,YLR396C
YJR141W,YGR192C,YFR013W
YPL216W,YKR068C,YMR167W
YDL138W,YMR214W,YOR153W
YHR091C,YCL043C,YPR056W
YDL194W,YHR005C-A,YBR225W
YKL217W,YMR266W,YOR134W
YKL015W,YIL137C,YDR449C
YHL016C,YNR026C,YDR528W
YDR197W,YBL045C,YOL002C
YGR201C,YGR055W,YMR223W
YAL056W,YOL093W,YML111W
YHR157W,YLR008C,YHR096C
YIL151C,YMR037C,YGR225W
YOR380W,YPL145C,YDL104C
YNL128W,YKL145W,YGR032W
YOL052C-A,YAL049C,YKL134C
YCR032W,YNL129W,YML049C
YHR078W,YDL002C,YDR185C
YOR030W,YPR094W,YGR249W
YML116W,YDR330W,YNL277W
YLR013W,YDR237W,YDR436W
YLR443W,YLR420W,YKL108W
YHR134W,YMR195W,YGL071W
YJL129C,YLR185W,YLR079W
YGR088W,YJR025C,YBR023C
YDL146W,YBR177C,YGR143W
YLL054C,YBR046C,YKL008C
YDL170W,YER049W,YDL150W
YCR045C,YNL085W,YIL009C-A
YCL004W,YML036W,YNL103W
YBL049W,YLL026W,YOL065C
YLR376C,YDR041W,YLR114C
YJL044C,YER036C,YCR092C
YPR013C,YER094C,YGL104C
YIL092W,YML123C,YPL195W
YLL049W,YOR176W,YNL236W
YIL085C,YDR031W,YDR452W
YOR152C,YLR048W,YML097C
YDR522C,YMR006C,YHR207C
YNL029C,YPL262W,YAL047C
YHR022C,YHR104W,YKL124W
YAR035W,YDL219W,YBR151W
YMR270C,YDL225W,YOR356W
YJR061W,YLR346C,YER163C
YDR444W,YGL127C,YFR040W
YFR032C-B,YOR202W,YGL081W
YBR223C,YOR243C,YCL049C
YLR273C,YCL059C,YOR258W
YPR068C,YJR086W,YGL160W
YOR231W,YNR022C,YNL059C
YLR353W,YOR195W,YPL020C
YNL194C,YOR077W,YCL026C-B
YBR228W,YJL144W,YLR352W
YFR032C,YDR308C,YLR399C
YMR053C,YPR159W,YKL174C
YOR154W,YDR171W,YGL151W
YKL098W,YIL074C,YDR279W
YPR157W,YNL312W,YJL109C
YNL024C,YDR190C,YGR104C
YOR003W,YCL057C-A,YCR027C
YEL006W,YBL087C,YGR281W
YGL085W,YMR208W,YPR079W
YCL036W,YNL305C,YKL074C
YCL056C,YLR354C,YNL192W
YPL230W,YJL068C,YLR019W
YLR312C,YKL095W,YDR021W
YJL057C,YNL197C,YDL230W
YMR190C,YPR051W,YBR013C
YDR009W,YGL122C,YDR138W
YER076C,YJL033W,YNL136W
YJR008W,YLR065C,YGL091C
YPL165C,YKL122C,YGL185C
YPL042C,YFL017C,YBR095C
YOR019W,YIL140W,YNL076W
YPL022W,YJL124C,YDR090C
YMR020W,YDL102W,YLR033W
YPL214C,YMR188C,YOL119C
YJR120W,YPL143W,YFL062W
YOL140W,YKR092C,YFR007W
YHR071W,YLR344W,YDL091C
YBR136W,YDR188W,YFL002C
YDR065W,YOR341W,YBR057C
YPL008W,YDR233C,YNR034W-A
YOL001W,YMR120C,YKL028W
YDR420W,YPL046C,YDL044C
YDL223C,YDR451C,YMR294W
YIL146C,YML048W,YIL136W
YLR035C,YJL214W,YDR245W
YDR034W-B,YBR242W,YJL082W
YJR039W,YOL127W,YPL233W
YPL052W,YMR031C,YHR018C
YER132C,YER071C,YJL155C
YJR130C,YKL157W,YOR219C
YOR026W,YPL099C,YPL018W
YOL128C,YNL263C,YJR091C
YNR045W,YAR015W,YLR211C
YPL151C,YOL012C,YBR280C
YML043C,YBR186W,YDR200C
YCR037C,YNL081C,YOR035C
YOR303W,YOL038W,YLL019C
YJR112W-A,YNR034W,YDR473C
YLR098C,YKL006W,YMR033W
YKL171W,YDR016C,YPL158C
YPL095C,YNL229C,YDR072C
YJL037W,YBR254C,YGR233C
YER038C,YER027C,YBL105C
YCR023C,YJL104W,YLR218C
YDR179W-A,YHR116W,YJR111C
YDR499W,YBR022W,YBR004C
YLR251W,YLR304C,YBR157C
YLL051C,YEL013W,YKL151C
YNL249C,YPL189C-A,YPL183C
YHR004C,YHR181W,YNL330C
YOR269W,YMR315W,YDL169C
YJL023C,YBR233W-A,YDR049W
YMR187C,YJL079C,YOL025W
YFL027C,YGR161C,YIL155C
YNL080C,YBR282W,YOR097C
YLR127C,YPR017C,YFL001W
YKR034W,YGR001C,YKR019C
YNR057C,YNL141W,YML034W
YHR151C,YLR335W,YDR202C
YNL335W,YOR224C,YOL066C
YBR237W,YBR089C-A,YDR006C
YMR299C,YNR009W,YDR227W
YMR265C,YJL011C,YOR289W
YPR009W,YMR049C,YDR398W
YBR274W,YNL121C,YKL105C
YNR071C,YBR263W,YPL180W
YCL002C,YIL133C,YJR137C
YGR057C,YNL153C,YPR173C
YOR043W,YLR275W,YGR002C
YOL103W,YOL061W,YNL186W
YHR120W,YGL226W,YPL060W
YPR109W,YDR519W,YOR104W
YMR034C,YPL265W,YBR002C
YPR031W,YMR183C,YNL004W
YHR177W,YHR010W,YGL223C
YKR036C,YGL244W,YLR401C
YJR115W,YNL015W,YBR119W
YKR064W,YDR461C-A,YMR106C
YOL047C,YBR111C,YOR092W
YDR042C,YIR009W,YLR090W
YJR127C,YHR007C,YPL021W
YMR169C,YCL017C,YBR179C
YIL017C,YFL038C,YHR117W
YOR005C,YEL001C,YNL176C
YNL025C,YFR051C,YJL039C
YGR257C,YMR136W,YDR165W
YDR181C,YJR133W,YOR188W
YHR176W,YAL013W,YPL030W
YIL024C,YDR152W,YBL020W
YKL065W-A,YGL207W,YPL026C
YPR078C,YLR214W,YLR032W
YDR419W,YKL053C-A,YMR140W
YER005W,YCR031C,YNL298W
YIL139C,YLR408C,YLL061W
YBR030W,YFR016C,YOL159C
YKL090W,YER092W,YDR326C
YML100W,YDL082W,YKL129C
YBL066C,YER074W-A,YCL063W
YPL027W,YDR148C,YDL115C
YJL090C,YBR061C,YDL127W
YJR122W,YPL226W,YML072C
YPR057W,YER143W,YAL034W-A
YJL103C,YKL099C,YOL116W
YOR060C,YOR267C,YCR082W
YGR144W,YOL107W,YPL153C
YMR171C,YMR184W,YFL049W
YHR106W,YKL077W,YJR013W
YDR421W,YIL021W,YBR041W
YDR235W,YGL184C,YDR195W
YNR062C,YOR020W-A,YMR204C
YGR170W,YPR052C,YBR069C
YIR021W,YGR128C,YNL035C
YKR044W,YPR101W,YMR213W
YJR021C,YIL157C,YNL202W
YDR536W,YPR102C,YMR115W
YMR026C,YGR264C,YOL089C
YOL132W,YPL004C,YGR016W
YGL144C,YML026C,YER107C
YGR150C,YGR049W,YMR247C
YML107C,YNR019W,YNL005C
YOR062C,YOR251C,YDR267C
YPL066W,YHR026W,YNR011C
YLR097C,YPL078C,YLR419W
YIL166C,YDL064W,YMR239C
YOR064C,YBR085C-A,YMR259C
YMR282C,YGL099W,YNL304W
YLR457C,YIR017C,YHR112C
YIR028W,YHR122W,YDR229W
YLR165C,YLR300W,YLR440C
YHL046C,YCL066W,YHR167W
YDL186W,YGL205W,YKR023W
YKR004C,YOR158W,YBL046W
YLR422W,YPR016C,YGR047C
YBR107C,YHR200W,YHR187W
YHR129C,YDL147W,YDR478W
YNL329C,YPL252C,YCR015C
YLR253W,YCL005W-A,YHR140W
YLR381W,YML085C,YKL159C
YJR054W,YAR002W,YGR163W
YIL071C,YNR050C,YPL101W
YDR318W,YCL048W-A,YHR023W
YIL013C,YGR086C,YLR348C
YIL047C,YER035W,YHR024C
YNL073W,YOR046C,YDR260C
YPR192W,YNL133C,YER154W
YPL175W,YDL053C,YNR053C
YBR158W,YNL178W,YHR149C
YGR015C,YDL208W,YOR264W
YKL107W,YLR186W,YJR113C
YNL018C,YER068W,YJL125C
YOR009W,YCR034W,YFL025C
YHR165C,YPR129W,YFL021W
YGR221C,YDR304C,YLL058W
YGR256W,YNL309W,YPR198W
YGR043C,YCR071C,YMR109W
YKL203C,YDR379C-A,YCR017C
YOL009C,YBR062C,YLR039C
YBR220C,YBL001C,YHR197W
YJR066W,YHR042W,YML075C
YDR109C,YGR234W,YDL056W
YGR216C,YPR172W,YLR113W
YIL002C,YPR028W,YLR064W
YEL005C,YDL192W,YAR014C
YNL257C,YML098W,YOL078W
YDL244W,YJR072C,YGL161C
YFR005C,YBR049C,YOR238W
YPL082C,YKR094C,YOR049C
YML081W,YGL123W,YDL089W
YOR073W,YNL220W,YAL051W
YOL097W-A,YNL231C,YOL020W
YGR171C,YDL092W,YCR011C
YKL201C,YBR084C-A,YER020W
YHR155W,YGL210W,YEL065W
YCR101C,YPL178W,YJL137C
YDR336W,YBR248C,YLR201C
YIR027C,YNR052C,YLR219W
YHR185C,YER148W,YHR040W
YDR364C,YER127W,YAR042W
YDR128W,YOL097C,YML029W
YPR083W,YDL051W,YIR033W
YDL085W,YLR179C,YDR405W
YDR206W,YML055W,YNL290W
YOR033C,YBR106W,YPR097W
YHR131C,YGR282C,YCL008C
YMR258C,YJL050W,YNL093W
YGR238C,YBR115C,YKL106C-A
YOR324C,YOL133W,YLR215C
YMR175W,YHR008C,YJR116W
YAL028W,YGL139W,YNL214W
YLR431C,YPL260W,YPL096C-A
YHL012W,YOR189W,YLR207W
YKL038W,YFL016C,YGR261C
YLR247C,YAL044C,YPR156C
YDR540C,YLR340W,YMR055C
YOR249C,YER074W,YGR125W
YIL046W,YOR128C,YBR065C
YKL033W,YML070W,YHR123W
YIL113W,YDR043C,YBR216C
YGL094C,YGR208W,YMR267W
YGL154C,YBL022C,YGL145W
YER098W,YOL102C,YNR015W
YHR015W,YNL185C,YDL159W
YIL014C-A,YHR039C-A,YNL056W
YOL063C,YNL239W,YBL084C
YJL046W,YGR038W,YGL247W
YNL172W,YPL043W,YKR087C
YMR162C,YBL099W,YOR076C
YHR199C,YOR280C,YEL032W
YKL011C,YDR201W,YER174C
YLR054C,YLR268W,YKL017C
YMR127C,YBL047C,YBR059C
YMR019W,YNL244C,YDL111C
YDR259C,YBR283C,YPL204W
YDR125C,YOR357C,YBR070C
YIL031W,YPR060C,YDR103W
YGL124C,YBL039C,YDL149W
YLR188W,YOR099W,YIL050W
YGL229C,YAL016W,YPL031C
YOL157C,YJL145W,YDR221W
YPL015C,YDL195W,YLR072W
YLR283W,YNR020C,YDL090C
YGR098C,YGR235C,YLR223C
YJL016W,YPL048W,YDL234C
YGL155W,YJL060W,YER111C
YLR099C,YMR099C,YGR210C
YMR244W,YPR112C,YKL027W
YDR523C,YER159C,YHR169W
YBL060W,YOR168W,YDR013W
YPL003W,YER056C,YMR308C
YOR011W,YOR253W,YHL024W
YLR077W,YDL241W,YAL041W
YPR011C,YGL097W,YBR021W
YCR010C,YPL028W,YGR013W
YOR384W,YBL097W,YIL091C
YKL221W,YDR214W,YCR097W
YLR375W,YLR270W,YIL003W
YHR124W,YOR285W,YDR295C
YOR162C,YLR314C,YHR159W
YOR222W,YHR132W-A,YBR211C
YNL295W,YEL046C,YNL062C
YOR363C,YER117W,YPL001W
YER081W,YEL037C,YDR007W
YBR055C,YLR244C,YNL102W
YPR026W,YPL090C,YIL048W
YNL012W,YGL058W,YCL025C
YML131W,YPR165W,YLR001C
YIL014W,YDR529C,YGL039W
YML038C,YPL154C,YLR096W
YJL112W,YOR181W,YHR163W
YDR104C,YBR126C,YJL154C
YGR270W,YJL138C,YDL107W
YPL011C,YFR034C,YNL193W
YDR386W,YJL001W,YKL061W
YDL206W,YOR142W,YMR179W
YDR119W-A,YGR204W,YIL101C
YLL052C,YLR120C,YML015C
YNL011C,YDR381W,YGR112W
YPL248C,YPR069C,YDR066C
YML083C,YBR286W,YNL286W
YCR007C,YNL308C,YPR104C
YGR188C,YNL010W,YNL191W
YLR412W,YEL031W,YML025C
YMR182C,YPL146C,YDR239C
YIL129C,YBL076C,YOR054C
YOR296W,YDR289C,YPR137W
YMR017W,YNL208W,YDR208W
YPL104W,YOR369C,YOR119C
YOL062C,YBL026W,YDL008W
YLR426W,YBR245C,YLR210W
YOL055C,YPL059W,YLR005W
YCR079W,YFR050C,YIL154C
YLR053C,YAL008W,YGR023W
YOR129C,YIL093C,YML041C
YNL165W,YMR012W,YDR485C
YOR330C,YGL008C,YGR031W
YPL040C,YPR065W,YHR066W
YLR030W,YIL033C,YDR089W
YPL024W,YMR217W,YMR107W
YJL210W,YHR191C,YMR160W
YJL071W,YMR008C,YKL091C
YER129W,YNL251C,YDR173C
YOR166C,YDR518W,YOR386W
YMR319C,YKL003C,YIL126W
YDR137W,YHR021W-A,YDL020C
YLR460C,YPR033C,YDL139C
YPL007C,YDL171C,YDR460W
YDR273W,YLR459W,YGR072W
YDR359C,YDR168W,YOR086C
YNL092W,YIL041W,YKL018W
YNL083W,YDR252W,YBR132C
YJL127C-B,YNL247W,YDR347W
YOL083W,YGR123C,YIR030C
YKR091W,YKL127W,YLR094C
YDR198C,YNL146W,YOR138C
YIL134W,YPL010W,YHR137W
YGL255W,YBR249C,YIL110W
YPL270W,YGR152C,YMR004W
YBR045C,YJR032W,YLR080W
YAL020C,YKL212W,YDR057W
YMR066W,YOL159C-A,YGR262C
YML096W,YLR208W,YLR011W
YFL012W,YER007C-A,YNL316C
YNR060W,YBR120C,YLR086W
YDR026C,YKL211C,YJR098C
YJR006W,YKL035W,YNL237W
YLL042C,YOR117W,YKL100C
YFR031C,YHR152W,YKL020C
YGR053C,YGR191W,YJR017C
YBR294W,YGR251W,YPR175W
YIL152W,YMR286W,YPR045C
YMR293C,YOR096W,YPL113C
YLR288C,YDL010W,YDR357C
YJL005W,YOR184W,YJR001W
YMR185W,YER062C,YGR006W
YGL114W,YPL131W,YPL155C
YJL147C,YKR059W,YLR099W-A
YIL147C,YNL189W,YBR192W
YGR224W,YDR035W,YDR001C
YOR255W,YFR010W,YFR029W
YJL187C,YBL092W,YDR194C
YDR334W,YJR016C,YFR014C
YMR172W,YPL190C,YKR067W
YOR183W,YMR260C,YDR483W
YGL211W,YJL190C,YCR042C
YGR067C,YJL014W,YDL179W
YOL033W,YOR145C,YLL063C
YOL011W,YGR054W,YOR109W
YBR208C,YBR121C,YGR010W
YPL244C,YBR149W,YJL180C
YHR199C-A,YLL009C,YKR055W
YGR096W,YHR107C,YMR102C
YLR004C,YCL054W,YIL026C
YKL093W,YKL060C,YLR442C
YOR093C,YBR230W-A,YLR015W
YOL048C,YFL045C,YGR271W
YMR316W,YKL088W,YLR455W
YDL211C,YOR095C,YDR164C
YPL072W,YGR129W,YDL093W
YDL210W,YBL093C,YML007W
YPR184W,YJL148W,YLR203C
YIL159W,YJL170C,YBR161W
YOR227W,YGL137W,YOL004W
YJL100W,YLR250W,YPR148C
YAR003W,YKL049C,YOL114C
YOR017W,YKL085W,YNL072W
YPR164W,YBR101C,YDR472W
YKR086W,YER087C-B,YOR336W
YDR030C,YCR086W,YLR128W
YDR315C,YKL184W,YCR044C
YNL042W,YBR035C,YDR430C
YMR154C,YFL041W,YBR253W
YBL029W,YCL030C,YDR213W
YNL188W,YDR097C,YBR068C
YBL005W,YBR269C,YPR055W
YOR266W,YBR080C,YFR045W
YPL033C,YDR212W,YOR245C
YOR389W,YHR128W,YDL070W
YFR046C,YGL044C,YFR042W
YDR078C,YBL050W,YML103C
YOL110W,YML093W,YPR120C
YKR009C,YOR287C,YNR033W
YPL029W,YEL002C,YAL043C
YGR121C,YOR361C,YDR392W
YDR363W,YOL077W-A,YGR102C
YDR291W,YNL084C,YMR139W
YBR246W,YLR337C,YBR187W
YJL185C,YGR211W,YLR410W
YER096W,YPL234C,YKL130C
YCR019W,YDL125C,YDR264C
YIL067C,YKL196C,YPL023C
YIL055C,YCR020W-B,YBR074W
YIR002C,YHR019C,YMR129W
YER113C,YHR190W,YIL161W
YDL133W,YPL173W,YIL061C
YOR177C,YJR125C,YAR008W
YML046W,YDR086C,YOR106W
YLR189C,YNL096C,YBL056W
YPR138C,YLR175W,YMR231W
YHL047C,YJL034W,YPL207W
YKR101W,YDR044W,YCR094W
YKL048C,YMR038C,YGL115W
YBR050C,YLR301W,YBR066C
YJL056C,YJR108W,YLR212C
YMR262W,YER136W,YCR035C
YPR021C,YNL310C,YPL053C
YPR070W,YJR097W,YER093C-A
YDR085C,YIL098C,YGL021W
YBL019W,YGR082W,YMR275C
YNL019C,YLR229C,YOR140W
YJL160C,YGR285C,YMR086W
YDR126W,YGR009C,YEL048C
YOL125W,YGR193C,YBR085W
YOR149C,YBL041W,YMR028W
YNL333W,YOR164C,YBR141C
YOR275C,YPR073C,YNR051C
YLR360W,YGL035C,YNR063W
YJR089W,YDL046W,YJL099W
YDR288W,YLR027C,YGR237C
YHL028W,YGR079W,YJR078W
YHR079C,YNL321W,YBR130C
YER152C,YML053C,YDR014W-A
YBR133C,YOR136W,YKL205W
YLR010C,YBR162C,YPL096W
YMR279C,YER072W,YOR385W
YDL183C,YER006W,YLR446W
YOR191W,YGL222C,YDR225W
YNR064C,YLR448W,YBR073W
YDL238C,YGR085C,YLR102C
YDR018C,YOR323C,YER075C
YNL275W,YHR021C,YDR292C
YDR142C,YML022W,YOR250C
YAL029C,YDR309C,YGR277C
YOR350C,YHR079C-A,YIL145C
YNL009W,YGL187C,YDR303C
YJR062C,YDR272W,YIL056W
YER028C,YLR437C,YDL021W
YDR073W,YDR429C,YKL094W
YLR108C,YHR049W,YHR160C
YGL045W,YBR268W,YGR278W
YBR255W,YNL307C,YHL003C
YGR222W,YKR077W,YBL017C
YML118W,YKL214C,YOL142W
YKR099W,YPR041W,YER118C
YLR436C,YNL259C,YOR083W
YPL236C,YLR286C,YLR324W
YLR020C,YPR143W,YOR355W
YMR097C,YCL035C,YDR019C
YJL095W,YDR341C,YIL143C
YHR168W,YLR449W,YBR185C
YDR319C,YBR118W,YER164W
YPL137C,YOL080C,YJL098W
YGL197W,YDR424C,YHR005C
YLL035W,YJR139C,YGL100W
YIL073C,YBR135W,YBL085W
YPR093C,YKL016C,YNL138W-A
YLR137W,YMR197C,YPR118W
YKR027W,YJL087C,YDR228C
YKL149C,YER042W,YLR336C
YER046W,YBR137W,YDR448W
YHL008C,YNR047W,YBR285W
YBR044C,YPR163C,YOR018W
YPR127W,YGR136W,YKL051W
YPL083C,YPL249C-A,YDR080W
YIL090W,YGL245W,YJL165C
YLR297W,YOL070C,YER176W
YGR258C,YAL003W,YML037C
YLR383W,YIL150C,YDR028C
YGR108W,YGL225W,YGR044C
YPL064C,YGR008C,YGR246C
YPR108W-A,YDR033W,YNL031C
YLR417W,YFL022C,YLL032C
YOL075C,YLR429W,YAL048C
YJL101C,YDR524C-B,YDR484W
YMR198W,YGR020C,YER047C
YPL005W,YOR232W,YGL135W
YIL132C,YMR146C,YHL009C
YPR201W,YMR226C,YER104W
YJR110W,YFR004W,YDR022C
YGR042W,YNL151C,YMR059W
YML091C,YCR004C,YOR036W
YHR119W,YNL175C,YLR018C
YLR382C,YLR413W,YMR024W
YGL121C,YPR080W,YJL036W
YPR071W,YPL228W,YBL068W
YML032C,YJL096W,YLR319C
YGR077C,YKL142W,YIL039W
YCR075C,YKL143W,YNL278W
YMR013C,YDR247W,YFL026W
YNR066C,YEL047C,YPR147C
YER015W,YGR080W,YJL031C
YPR084W,YGL031C,YOR212W
YPL133C,YDR468C,YGL238W
YNL023C,YLR042C,YML003W
YOR292C,YOR215C,YKR018C
YLR308W,YOR375C,YGR097W
YJR138W,YDL161W,YOR295W
YLR105C,YIL027C,YGL016W
YKL168C,YCL001W,YGR263C
YAL024C,YGR005C,YPL079W
YDL069C,YKR042W,YML031W
YHR209W,YGR078C,YEL056W
YJL028W,YIL135C,YBR094W
YJL206C,YAL021C,YGL092W
YDR323C,YOL030W,YDL167C
YGL003C,YPL013C,YDR497C
YLR305C,YHR051W,YOL086W-A
YDL027C,YLR295C,YMR148W
YLR430W,YPR145W,YNR039C
YCR008W,YJR121W,YDL205C
YPL103C,YGR162W,YNL253W
YJL092W,YBR162W-A,YDR096W
YDR362C,YAR007C,YCR052W
YPR105C,YFR036W,YBR290W
YHR164C,YMR215W,YDL132W
YGL248W,YLL050C,YNL199C
YML087C,YKL081W,YJL183W
YLR371W,YFL037W,YKR049C
YAL015C,YDL245C,YOR070C
YLR425W,YOR074C,YHR102W
YMR036C,YER133W,YDR287W
YLR016C,YDR298C,YKR039W
YHR077C,YER063W,YMR081C
YAL002W,YDL227C,YAL032C
YKL198C,YBR188C,YDR219C
YHL040C,YBL090W,YLL036C
YML088W,YDL007W,YML065W
YER144C,YBR014C,YKL057C
YPL122C,YDR418W,YJL164C
YOR228C,YER048C,YMR210W
YMR252C,YDL065C,YGL219C
YER033C,YOR283W,YKL022C
YDL013W,YBL028C,YER013W
YHR075C,YOL147C,YPR190C
YPL017C,YMR039C,YLR450W
YLR445W,YML081C-A,YOL018C
YOR173W,YJR088C,YKL135C
YNL046W,YOL121C,YDL043C
YDR479C,YOR157C,YHR161C
YPR095C,YKL144C,YJL204C
YER060W,YDL201W,YGR199W
YBR147W,YPR187W,YLR362W
YPL242C,YEL027W,YLL029W
YDR443C,YOR226C,YBL004W
YGL126W,YER044C,YJL198W
YAL017W,YDR328C,YLR126C
YNL234W,YLL008W,YMR264W
YMR280C,YJR034W,YBR111W-A
YLR258W,YBR039W,YDL159W-A
YEL020C,YHR121W,YHR213W-A
YDR131C,YOR020C,YJR050W
YER007W,YJR123W,YNR028W
YBR114W,YHR179W,YMR221C
YHR099W,YGL202W,YNL320W
YBR110W,YNL074C,YLR225C
YOL034W,YLL021W,YLR146C
YLR091W,YFR052W,YMR054W
YAR018C,YJL074C,YPR019W
YMR283C,YMR276W,YPL047W
YER140W,YGL043W,YBR169C
YDR439W,YDR454C,YER014W
YHL019C,YGR156W,YMR052W
YDR349C,YER048W-A,YNL252C
YLR142W,YNL222W,YDR487C
YNR031C,YBR025C,YDR312W
YKR017C,YBR072W,YKL078W
YMR068W,YDL045W-A,YNL280C
YGL117W,YNL108C,YBR278W
YEL064C,YML092C,YGL174W
YDR285W,YDL004W,YHR069C
YJL051W,YER052C,YER089C
YCL052C,YNL248C,YJR101W
YER130C,YHR020W,YIR024C
YMR284W,YJR014W,YOR087W
YDL036C,YEL007W,YHR032W
YER147C,YDR127W,YGR075C
YDR423C,YDR353W,YLL027W
YJL207C,YBL013W,YPL166W
YDR159W,YIL138C,YHR087W
YNL299W,YER030W,YLR163C
YGR252W,YJL122W,YMR080C
YBR291C,YJL173C,YML067C
YGR099W,YDL148C,YNR040W
YMR040W,YOR344C,YOR229W
YNL126W,YDR156W,YKL014C
YGR288W,YNL086W,YBR234C
YKR063C,YGL212W,YPL041C
YIL153W,YHL031C,YIL130W
YPR140W,YIR006C,YCL029C
YHR067W,YCR075W-A,YLR363C
YBR060C,YDL130W-A,YPR171W
YJR100C,YGR215W,YOR284W
YHR142W,YER056C-A,YHR047C
YOL138C,YLR221C,YGR220C
YBR183W,YER019C-A,YMR145C
YDR407C,YMR071C,YLR021W
YGR134W,YKR001C,YJR132W
YDR475C,YLR216C,YCR072C
YDL033C,YDR025W,YGR271C-A
YJR005W,YML108W,YER019W
YNL332W,YLR378C,YNL264C
YLR226W,YBR171W,YBL091C
YIL023C,YJL026W,YDR428C
YDR147W,YKR093W,YGR280C
YMR119W,YCR047C,YLL007C
YLR451W,YCL018W,YLR407W
YLL002W,YDR178W,YOL060C
YOR147W,YAL059W,YGR241C
YFR019W,YBL024W,YBR077C
YBR153W,YIL010W,YDR248C
YPL045W,YPL231W,YMR132C
YNL314W,YDR023W,YGL005C
YMR209C,YDR129C,YNL200C
YBR140C,YHR046C,YKL215C
YOR346W,YOR194C,YPR037C
YLR006C,YGL068W,YER150W
YOR290C,YGL191W,YDR231C
YKR078W,YLR009W,YJL002C
YDR306C,YMR263W,YBL006C
YER093C,YMR158W,YOR012W
YNL038W,YLR196W,YBR262C
YBR175W,YMR305C,YJR051W
YMR177W,YFL039C,YLR403W
YLR107W,YKL193C,YNR007C
YKR088C,YOR004W,YDR106W
YMR029C,YPL098C,YIL128W
YGR217W,YGL020C,YLR386W
YEL052W,YJR104C,YIL035C
YNL119W,YHR132C,YPL210C
YKR038C,YKL152C,YGR147C
YHL014C,YKL120W,YNL284C
YDR446W,YNL260C,YBL103C
YAL058W,YOL040C,YGL198W
YPL194W,YGR243W,YMR060C
YFR053C,YIL118W,YMR135C
YHR002W,YDL106C,YOR359W
YNL003C,YDR276C,YMR281W
YOR299W,YGR187C,YFR043C
YHL036W,YER050C,YIL106W
YBR184W,YLR060W,YPL125W
YPR178W,YDR002W,YMR273C
YDR457W,YDL022W,YNL041C
YNL223W,YHR143W,YJR010W
YFL024C,YOR310C,YBR152W
YJL133W,YML105C,YMR261C
YNL101W,YBR252W,YGR111W
YGL059W,YDL153C,YBL086C
YDL117W,YGL087C,YDL209C
YPL221W,YPL128C,YGR021W
YDL207W,YLR432W,YKL189W
YAL011W,YMR011W,YBR142W
YHL025W,YJL024C,YBR123C
YJR035W,YDR167W,YDR354W
YPL069C,YMR112C,YLR055C
YPR134W,YPR145C-A,YOR132W
YLR117C,YHR138C,YJR082C
YIL009W,YPR154W,YGR140W
YML114C,YDR158W,YJR103W
YDR371W,YDR462W,YJL196C
YOL073C,YPL267W,YBR056W
YHL023C,YPL061W,YOL096C
YBR131W,YDL166C,YER087W
YER077C,YLR074C,YHR034C
YMR234W,YDL055C,YGR212W
YGR169C,YLR150W,YPL049C
YPR167C,YHR059W,YDR400W
YGL006W,YGR094W,YHR205W
YGR127W,YKL067W,YGR133W
YHL006C,YIR022W,YPR034W
YCL048W,YBR189W,YGR146C
YDR283C,YNL160W,YKL024C
YOR378W,YKR074W,YHR039C
YDR014W,YJR105W,YJL134W
YNR055C,YGR167W,YDR151C
YNL127W,YIL019W,YDR205W
YJR046W,YJR118C,YNL157W
YGR028W,YOL051W,YGR121W-A
YKR089C,YML086C,YER058W
YJL118W,YNL112W,YJR143C
YBL054W,YJL052W,YMR199W
YLR168C,YEL071W,YDL087C
YNL221C,YNL135C,YDR380W
YDR376W,YNR054C,YJL042W
YKR010C,YFL005W,YCL031C
YKL121W,YLR075W,YKL018C-A
YNR004W,YCR087C-A,YBR102C
YJL058C,YDR162C,YLR330W
YOR174W,YHR038W,YPL110C
YFR039C,YNR024W,YER099C
YHR045W,YPL225W,YMR238W
YHR017W,YER112W,YBR150C
YHR178W,YIL052C,YFL028C
YGR003W,YGR214W,YKR016W
YIR023W,YER003C,YFR028C
YJR090C,YDL103C,YLR414C
YFR017C,YHR183W,YDR196C
YJR136C,YJR048W,YBR037C
YJR003C,YGL103W,YOR040W
YNL271C,YLR061W,YML112W
YOL095C,YLR363W-A,YDR036C
YPL150W,YPL091W,YBR197C
YHR103W,YMR161W,YAL022C
YNR075W,YOR210W,YLR328W
YLR103C,YCR003W,YML063W
YBR240C,YAL036C,YJL205C
YGL175C,YOR220W,YPR113W
YDR317W,YBR164C,YJR019C
YDR034C,YGR035C,YJL163C
YJL139C,YLR051C,YMR058W
YOL069W,YER090W,YKL207W
YEL053C,YER025W,YGR250C
YNL144C,YIL127C,YBL033C
YBL031W,YBR071W,YBR243C
YLR405W,YKL204W,YGR090W
YNR032W,YJL078C,YKL128C
YOR342C,YER120W,YIL144W
YKL162C,YJL167W,YER149C
YIL122W,YJR070C,YLR129W
YDR216W,YMR309C,YPR018W
YLR057W,YJR077C,YBR279W
YIL006W,YGL055W,YDR390C
YLR092W,YBR212W,YHL002W
YAL009W,YDR486C,YGL022W
YMR100W,YGL105W,YBL010C
YNL254C,YER031C,YDR261C
YMR088C,YGL049C,YPR153W
YKR052C,YPR010C-A,YDR210W
YGR166W,YOL005C,YER158C
YGL140C,YOR340C,YIL043C
YNR027W,YDR377W,YMR077C
YMR313C,YJR060W,YPR024W
YHR182W,YMR295C,YEL017W
YDL105W,YMR251W-A,YLR441C
YFR015C,YJL189W,YDR174W
YNL033W,YML074C,YMR073C
YDL180W,YNL037C,YLR052W
YNL047C,YDR363W-A,YBR213W
YMR163C,YDR378C,YPR141C
YPL109C,YKL137W,YDR351W
YDR108W,YIR034C,YML119W
YHR073W,YPL239W,YGL086W
YOR334W,YOR247W,YGL201C
YGR068C,YGL054C,YDR286C
YOR161C,YOL149W,YHR062C
YCR081W,YDR059C,YLR190W
YDR393W,YGL026C,YEL036C
YMR268C,YKL138C,YCL068C
YPL168W,YNL052W,YHR153C
YGR071C,YNR016C,YBR229C
YOR291W,YGL018C,YOL052C
YBR217W,YGL106W,YNL068C
YJL132W,YKR095W-A,YDL144C
YKL178C,YBR238C,YBR017C
YOR071C,YDL067C,YJL156C
YKL019W,YLR147C,YLR145W
YGL163C,YFL017W-A,YBR265W
YDR498C,YLR390W-A,YJL073W
YDL030W,YER126C,YOR207C
YLR310C,YOL077C,YJL066C
YLR115W,YDR302W,YPL215W
YML059C,YNL210W,YIL004C
YNR002C,YCR016W,YBL064C
YHR109W,YDL128W,YDR481C
YDL076C,YLL018C,YGR027C
YBR239C,YGR175C,YNL090W
YMR287C,YLR293C,YPL089C
YLR271W,YBL030C,YIR035C
YGL224C,YIL020C,YKL055C
YMR168C,YDR493W,YER103W
YBL106C,YHL013C,YLR049C
YOL072W,YMR022W,YDR411C
YOL023W,YPR035W,YHR100C
YOR233W,YOL109W,YKL052C
YNL213C,YML001W,YBL071W-A
YLR316C,YGL253W,YCL061C
YLR116W,YLR262C,YGL116W
YDL134C,YJL166W,YJL197W
YOR360C,YNL055C,YGR157W
YMR196W,YKL156W,YJR102C
YDR488C,YEL060C,YMR075W
YJL161W,YLR044C,YGL050W
YGR041W,YGR076C,YMR130W
YKR022C,YDR384C,YJL035C
YPL223C,YML078W,YBR202W
YDR118W,YPL271W,YIL016W
YJL141C,YLR421C,YBR241C
YOR307C,YKL041W,YGL130W
YCL005W,YOR383C,YGL254W
YBR297W,YMR311C,YDL052C
YBR047W,YPR036W-A,YAR028W
YNR074C,YGR155W,YPL100W
YOR037W,YOR159C,YDR074W
YGL159W,YDR037W,YLR220W
YDL220C,YGR189C,YHR076W
YHL010C,YKL096W-A,YNL207W
YNL261W,YPL037C,YCL039W
YBL067C,YKL063C,YJR142W
YLR007W,YDR155C,YEL021W
YBR275C,YMR002W,YGL196W
YDL142C,YOL123W,YIL115C
YPL202C,YDR172W,YGR052W
YDR067C,YOR094W,YKR070W
YBR235W,YJR085C,YCR002C
YLR278C,YGL231C,YLR373C
YPR015C,YOR052C,YOR047C
YKL208W,YLL014W,YGR239C
YDR058C,YLR361C-A,YGL064C
YGR040W,YGR180C,YNL233W
YPL255W,YLR040C,YDL131W
YJL013C,YOL143C,YKL179C
YLR240W,YKR025W,YMR157C
YLR272C,YBR016W,YNL288W
YAL040C,YDR050C,YGL167C
YJL070C,YGR207C,YML101C
YLR456W,YNL132W,YGR260W
YLR411W,YPR096C,YER037W
YJL029C,YNL138W,YFR002W
YMR218C,YER034W,YNR008W
YCL069W,YER029C,YJL194W
YMR155W,YML094W,YGL250W
YMR114C,YOL058W,YLR059C
YHR072W,YDL157C,YPL057C
YPL179W,YNL111C,YCR067C
YJR124C,YKR043C,YBR289W
YJR140C,YJL062W-A,YPL124W
YOR278W,YDL185W,YOR067C
YPL097W,YDR513W,YER032W
YGL079W,YDR055W,YAL060W
YNL240C,YOL111C,YNL224C
YML121W,YKL084W,YBR015C
YCR033W,YPR166C,YPL086C
YLR289W,YOL146W,YOR329C
YNL169C,YLR146W-A,YML113W
YER017C,YKL138C-A,YGL010W
YGL143C,YOR276W,YKL173W
YIL158W,YCR053W,YNL289W
YPL058C,YKR035W-A,YGR268C
YJL045W,YDL135C,YDR441C
YPR047W,YNL075W,YLR181C
YPR169W,YPL129W,YIL022W
YPL222W,YMR072W,YFL004W
YFL011W,YNR043W,YDL193W
YDR383C,YNL255C,YGR202C
YHR031C,YFR032C-A,YGL166W
YGL036W,YKL172W,YDL116W
YPL087W,YER057C,YJL012C
YHR196W,YNL066W,YNL282W
YLR281C,YOR239W,YPR125W
YEL043W,YDR153C,YHR105W
YLR138W,YOR298C-A,YDL017W
YOR201C,YBR230C,YDR470C
YLR424W,YDR032C,YDR207C
YOR028C,YDR510W,YGR276C
YMR166C,YIL078W,YBL072C
YOR368W,YKL164C,YLR206W
YOR155C,YDR177W,YLR306W
YDL114W,YKR014C,YLR003C
YPL140C,YDL229W,YNL030W
YPL224C,YKL087C,YLR323C
YCR091W,YLR192C,YGL040C
YBR028C,YAL035W,YNL212W
YBL082C,YML028W,YMR076C
YPL208W,YHR143W-A,YPL229W
YLL046C,YBR082C,YLL023C
YLR073C,YDR071C,YFL008W
YOR213C,YLR109W,YBR260C
YJR084W,YDR098C,YGL111W
YLR453C,YPL163C,YDR046C
YOL013C,YPL117C,YDR175C
YNL152W,YDR339C,YBR156C
YDR414C,YMR290C,YGL230C
YDR111C,YLR264W,YML021C
YGR120C,YOR198C,YOL088C
YDR254W,YNL036W,YOR116C
YOL087C,YMR079W,YKL160W
YLR239C,YDR437W,YLR082C
YKL012W,YJR069C,YBL057C
YBR005W,YKL096W,YDR374W-A
YPR151C,YDR226W,YMR288W
YPR199C,YOR382W,YML080W
YDR268W,YDR361C,YBL034C
YAL001C,YLR370C,YHR086W
YDR524C,YLR200W,YHR036W
YER175C,YLR292C,YPR161C
YEL041W,YKR081C,YCR054C
YHR030C,YDL217C,YOL008W
YFL033C,YNR032C-A,YHR115C
YOR337W,YMR307W,YNL049C
YOL028C,YNL044W,YBR287W
YKL072W,YEL024W,YER161C
YJR033C,YMR108W,YDL123W
YGL215W,YHR208W,YDL141W
YOR370C,YPL183W-A,YOR150W
YNL262W,YNL113W,YJL061W
YLR141W,YKR020W,YDR191W
YDL246C,YLR025W,YLR415C
YNL053W,YPR183W,YMR044W
YLL033W,YNL079C,YDL145C
YGL150C,YFR049W,YER021W
YJR011C,YOR089C,YLR351C
YOL151W,YLR110C,YIL103W
YKR096W,YCR063W,YBR006W
YKL194C,YOR286W,YGR142W
YDL059C,YJR007W,YGL129C
YKR031C,YDR115W,YKR003W
YLR085C,YHR146W,YGL241W
YPR023C,YBR088C,YMR181C
YIL089W,YOL071W,YBR007C
YDR435C,YGL030W,YLR309C
YHR083W,YHR064C,YDR322W
YOR044W,YGR063C,YDL200C
YBR255C-A,YBR155W,YGL027C
YNL272C,YKL167C,YPL152W
YDR325W,YMR298W,YMR014W
YPR111W,YHR081W,YBR176W
YBR097W,YJR044C,YBL003C
YMR243C,YNL002C,YLR131C
YGR223C,YOR327C,YLR243W
YBR098W,YGR037C,YDR389W
YJL162C,YPR074C,YFR021W
YMR094W,YGR181W,YPL177C
YML102W,YLR153C,YDR217C
YLR277C,YDR087C,YIR005W
YKL155C,YDR064W,YNL177C
YCL040W,YGR061C,YNL130C
YMR025W,YIL070C,YBR258C
YLR070C,YFR001W,YPR189W
YOR246C,YLR395C,YLL012W
YPL134C,YPL170W,YNL054W
YOR244W,YJL179W,YPR058W
YJL083W,YGR074W,YJL168C
YGL233W,YEL020W-A,YER114C
YMR137C,YCR088W,YHR006W
YKL005C,YCR012W,YBR086C
YNL159C,YER131W,YER168C
YMR189W,YOR332W,YDR119W
YPR002W,YFL010C,YCR073W-A
YBL039W-B,YDR502C,YPR158W
YMR098C,YNL024C-A,YNL020C
YDL049C,YPR181C,YKR085C
YER045C,YOL139C,YGL186C
YKL197C,YNL209W,YHR133C
YIL001W,YNR046W,YBR084W
YMR240C,YGL234W,YDL098C
YNL125C,YKL170W,YGR036C
YHR195W,YIL053W,YLR095C
YNL283C,YGR105W,YJL192C
YGL002W,YAL038W,YJR094W-A
YOR002W,YDR092W,YLR144C
YOR034C,YPL160W,YPL118W
YDR313C,YER011W,YBR267W
YDR255C,YKR013W,YKL004W
YPR066W,YGL242C,YHL021C
YDR027C,YOR294W,YCR060W
YCR036W,YJL171C,YER183C
YCR066W,YLR180W,YGR017W
YBR001C,YHR072W-A,YJL191W
YDL077C,YFL014W,YDR262W
YDR533C,YHR193C,YJL072C
YFR025C,YHR174W,YLR167W
YFL047W,YJL115W,YMR153W
YLR284C,YGR209C,YFR037C
YKL101W,YHR027C,YOL006C
YNL206C,YKL032C,YPL253C
YDR218C,YER165W,YMR123W
YLR427W,YPL036W,YNL161W
YBL063W,YJL041W,YDR410C
YPL105C,YNL064C,YGL190C
YOL148C,YFR011C,YKL148C
YOL082W,YML126C,YOR374W
YDL129W,YAL025C,YDR280W
YPR122W,YKL009W,YHR058C
YGL169W,YBL078C,YPL038W
YJR135C,YPR063C,YBL037W
YAL031C,YPR116W,YPR029C
YDR532C,YOR021C,YPR008W
YML019W,YMR256C,YLR409C
YGL179C,YDL014W,YPR089W
YJR030C,YBR078W,YLL031C
YNL293W,YDL213C,YBR256C
YBL011W,YOR085W,YKL047W
YOR319W,YGL029W,YDR243C
YER167W,YHL015W,YDL124W
YMR301C,YGR159C,YLR290C
YLR404W,YBR011C,YIL007C
YLR256W,YCR024C-A,YLR045C
YGL013C,YBR173C,YPL084W
YDR240C,YBR154C,YDR062W
YNL317W,YHR088W,YDR143C
YGR194C,YLR043C,YJL107C
YER155C,YNL110C,YNL100W
YDR110W,YOR335C,YLR139C
YIL068C,YPL127C,YJR092W
YGR179C,YER053C-A,YHR175W
YML128C,YHL034C,YIL034C
YNR048W,YNL131W,YCL014W
YFL009W,YJR135W-A,YLR069C
YOR022C,YJR109C,YPL246C
YIL079C,YNL327W,YDR505C
YHR126C,YDR412W,YDR425W
YOR353C,YGR254W,YOL098C
YMR078C,YLR170C,YBR166C
YBR103W,YKL210W,YBL107C
YDR480W,YOR103C,YLR056W
YBL080C,YBR244W,YHR098C
YPL132W,YMR122W-A,YOR262W
YGR065C,YER039C-A,YER022W
YKR079C,YNL147W,YER016W
YHL022C,YLR058C,YOL076W
YNL217W,YJR067C,YCL034W
YJL047C,YDR224C,YDR311W
YHR090C,YML058W,YER001W
YOR256C,YOR045W,YOR048C
YCR059C,YCR028C-A,YPL144W
YGR198W,YKL216W,YER145C
YML082W,YGR034W,YDR166C
YGR024C,YLR038C,YLR036C
YGR255C,YDL126C,YHL017W
YCR026C,YMR229C,YNL163C
YLR392C,YPL211W,YEL059C-A
YNL273W,YLR435W,YOR008C
YJL193W,YBR218C,YEL018W
YPR061C,YOR293W,YDR234W
YOL158C,YPR020W,YLR231C
YLR173W,YNR044W,YCL058W-A
YOR320C,YIL040W,YHR144C
YMR010W,YDR232W,YKR095W
YPR091C,YOL131W,YBL009W
YFR038W,YGR205W,YMR048W
YIL088C,YER009W,YJL200C
YHR186C,YML010W,YJR112W
YOL100W,YIL062C,YNR013C
YOR316C,YER043C,YGR161W-C
YKL116C,YHR148W,YNR067C
YNL156C,YML129C,YLR078C
YHR166C,YKL182W,YLR182W
YNL078W,YDL181W,YJL053W
YDR310C,YHR001W-A,YCL047C
YML050W,YER100W,YDL047W
YDL045C,YOR265W,YML009C
YNL297C,YJL052C-A,YJL117W
YER171W,YDL007C-A,YOR098C
YKL075C,YML073C,YDL057W
YDR495C,YBL002W,YGR048W
YDL122W,YCL050C,YBR251W
YMR030W,YJR063W,YKR057W
YOR304W,YEL026W,YLL062C
YBR042C,YPL016W,YJL146W
YOL117W,YDR170C,YOR051C
YOR349W,YDR322C-A,YGR092W
YGL227W,YMR203W,YKL023W
YPL138C,YLR355C,YLR307C-A
YMR302C,YBR127C,YNL088W
YER166W,YAL012W,YKL045W
YOR358W,YIL015W,YGR229C
YPR049C,YDL012C,YGR186W
YJR024C,YJL172W,YMR174C
YER179W,YDR432W,YNL315C
YPR003C,YGL070C,YAL042W
YPL076W,YBR201C-A,YNL098C
YPR048W,YPR062W,YGR103W
YMR250W,YIL051C,YIR014W
YGR184C,YGL226C-A,YOR241W
YNL164C,YJL130C,YDR222W
YGR110W,YER110C,YDL018C
YNR012W,YPR149W,YOR288C
YBR087W,YOR113W,YKL166C
YPL077C,YNL122C,YBR160W
YHR110W,YCL028W,YOL067C
YKR028W,YIR037W,YBR257W
YJR052W,YDR099W,YHR057C
YGR093W,YOR252W,YOR075W
YDR391C,YGR014W,YBR145W
YER169W,YGR126W,YKR066C
YMR042W,YOL086C,YER059W
YNL008C,YGL080W,YIL094C
YDR093W,YLR068W,YBR281C
YIL121W,YKL192C,YDR434W
YER157W,YJL143W,YKL213C
YDR466W,YLR259C,YLR143W
YIR008C,YBR058C-A,YGL237C
YOR301W,YBR109C,YER010C
YKL064W,YJL158C,YNL116W
YKL092C,YLR134W,YNL183C
YPR114W,YBL051C,YHR135C
YLR024C,YPR042C,YDR060W
YDL025C,YKL096C-B,YMR274C
YPR128C,YGL062W,YOR038C
YJL127C,YOR257W,YBL027W
YOL036W,YHR055C,YDR453C
YPR067W,YBR196C,YDR211W
YBR271W,YDR045C,YPL050C
YOL044W,YNL328C,YGR230W
YNL051W,YLR325C,YOL145C
YKL183W,YPL111W,YIL083C
YFL007W,YJR010C-A,YNL118C
YOL130W,YHR089C,YLR183C
YGL051W,YJL080C,YGL208W
YBL079W,YMR291W,YJR068W
YDR052C,YJR151C,YDR145W
YPL192C,YLR327C,YPR168W
YBR081C,YJL133C-A,YMR067C
YNL267W,YJR009C,YJL019W
YDL113C,YHL018W,YBR093C
YCR095C,YNL145W,YBR096W
YEL029C,YKL054C,YER128W
YIL114C,YGR279C,YPL212C
YJL059W,YMR173W,YPL159C
YDR180W,YLR388W,YFR027W
YIL045W,YBR067C,YLR081W
YDR253C,YNL016W,YIL030C
YBR199W,YER002W,YCR005C
YOR130C,YFR035C,YGL083W
YPL264C,YJR045C,YBR207W
YJR134C,YPL106C,YPL094C
YMR035W,YDR077W,YJR056C
YGR138C,YKL117W,YIR036C
YOR354C,YMR317W,YML120C
YMR224C,YJL159W,YMR134W
YJL102W,YNL007C,YOL094C
YFR033C,YEL034W,YBR210W
YDR338C,YIL008W,YDR179C
YPL259C,YDR150W,YFR006W
YNL242W,YML017W,YIL116W
YPR022C,YLR438C-A,YNR023W
YKL109W,YGR240C,YDR409W
YNL211C,YDL066W,YJR022W
YOR078W,YNL300W,YJR041C
YGL141W,YNL070W,YHR082C
YHR198C,YOR027W,YAL039C
YIL066C,YIL057C,YDR294C
YFL029C,YNL190W,YNL095C
YLL040C,YLR249W,YOR175C
YBR165W,YLR385C,YPR131C
YJL110C,YLR438W,YGR200C
YKL218C,YLR303W,YLR063W
YGR089W,YER125W,YMR233W
YCR018C,YEL073C,YDR083W
YNL106C,Q0250,YER180C-A
YDR440W,YGL206C,YMR292W
YJR119C,YGL009C,YML016C
YAR019C,YLR162W,YMR069W
YOR079C,YMR205C,YKL180W
YFR030W,YDR461W,YHR029C
YNL311C,YPL240C,YDR305C
YML018C,YLL013C,YDR476C
YMR111C,YIL123W,YGL228W
YPR025C,YDR525W-A,YIL117C
YLR228C,YMR186W,YOR156C
YML020W,YLR264C-A,YDR144C
YCL016C,YDL061C,YBR194W
YDR367W,YCR061W,YPL188W
YER172C,YAL005C,YDR270W
YKL139W,YLL024C,YLR333C
YNL091W,YER091C,YER082C
YLR234W,YOR204W,YDR471W
YDR204W,YCL037C,YCR090C
YHL038C,YOR302W,YGR056W
YDR352W,YDL160C,YCL027W
YDR122W,,YOL064C
,,YNL243W
,,YBR104W
,,YGL048C
,,YBR170C
,,YOR039W
,,YDL029W
,,YPL274W
,,YML115C
,,YBR159W
,,YBL040C
,,YGR101W
,,YMR269W
,,YLR209C
,,YMR235C
,,YDR051C
,,YOR056C
,,YML109W
,,YNR049C
,,YKL146W
,,YDR281C
,,YLR384C
,,YDR465C
,,YGL014W
,,YOL124C
,,YNL082W
,,YNL246W
,,YKL033W-A
,,YGL056C
,,YKL068W-A
,,YOR179C
,,YDL086W
,,YLR088W
,,YML056C
,,YIL108W
,,YDL097C
,,YLR387C
,,YAL055W
,,YGR244C
,,YMR193W
,,YBR264C
,,YNL087W
,,YGL019W
,,YOR014W
,,YGL240W
,,YAL053W
,,YFL036W
,,YPR139C
,,YGL098W
,,YHL007C
,,YML095C
,,YDR079W
,,YLL006W
,,YKR002W
,,YMR001C
,,YJL091C
,,YCL009C
,,YDL188C
,,YLR017W
,,YLR315W
,,YOR321W
,,YBR038W
,,YMR304W
,,YOR101W
,,YML012W
,,YJR043C
,,YEL039C
,,YKR082W
,,YLR406C
,,YDR489W
,,YOR126C
,,YNL313C
,,YPR119W
,,YKR090W
,,YBR205W
,,YOR347C
,,YPR082C
,,YEL055C
,,YOR112W
,,YMR121C
,,YLR369W
,,YLR222C
,,YDR496C
,,YIL095W
,,YIL096C
,,YKL104C
,,YMR009W
,,YML110C
,,YEL051W
,,YGL077C
,,YJR083C
,,YMR131C
,,YFR009W
,,YPL241C
,,YGL038C
,,YOR216C
,,YLL022C
,,YMR062C
,,YKL140W
,,YJL177W
,,YBL102W
,,YIL156W-B
,,YFL034C-B
,,YCL064C
,,YML124C
,,YHR074W
,,YFL046W
,,YGR183C
,,YOL090W
,,YJR080C
,,YOR371C
,,YOR270C
,,YMR272C
,,YLR452C
,,YMR138W
,,YGL108C
,,YNL099C
,,YPL263C
,,YGR119C
,,YJL065C
,,YDR107C
,,YOR065W
,,YDR120C
,,YLR195C
,,YLR389C
,,YER123W
,,YMR237W
,,YOR209C
,,YJL062W
,,YJR094C
,,YKR062W
,,YIL131C
,,YER139C
,,YGR206W
,,YPL203W
,,YOR006C
,,YJR073C
,,YGR266W
,,YGL156W
,,YMR124W
,,YDL088C
,,YIR038C
,,YMR219W
,,YDL101C
,,YDR348C
,,YNL322C
,,YGL047W
,,YLL045C
,,YLR084C
,,YPL014W
,,YIL087C
,,YML125C
,,YBL025W
,,YJL116C
,,YPR040W
,,YDR372C
,,YER102W
,,YPL243W
,,YOR221C
,,YAL023C
,,YDR184C
,,YCR065W
,,YMR192W
,,YBL016W
,,YDR506C
,,YDL190C
,,YGL157W
,,YOR326W
,,YBL023C
,,YML057W
,,YHR070W
,,YHR192W
,,YDR381C-A
,,YER170W
,,YDR501W
,,YML035C
,,YJL004C
,,YBR139W
,,YGR141W
,,YGR196C
,,YGL213C
,,YCR057C
,,YLR100W
,,YIL084C
,,YOR260W
,,YOR160W
,,YNL181W
,,YER151C
,,YDL120W
,,YJR065C
,,YGL181W
,,YAL044W-A
,,YJL084C
,,YPL055C
,,YGR174C
,,YCR083W
,,YOL026C
,,YER067W
,,YHL030W
,,YJL176C
,,YGR195W
,,YOR023C
,,YER055C
,,YLR050C
,,YFR008W
,,YDR406W
,,YMR297W
,,YCR046C
,,YDL143W
,,YHR114W
,,YLR154C
,,YOR352W
,,YOL019W
,,YPL009C
,,YDR139C
,,YHR012W
,,YOL021C
,,YOR091W
,,YDL224C
,,YNL021W
,,YGR095C
,,YMR091C
,,YBR024W
,,YDR284C
,,YPL219W
,,YPR174C
,,YIR007W
,,YJL111W
,,YHR065C
,,YCR030C
,,YDR297W
,,YGL125W
,,YJL088W
,,YKR080W
,,YKL113C
,,YKL058W
,,YCR093W
,,YKL029C
,,YHL027W
,,YBR198C
,,YGL089C
,,YKL040C
,,YMR296C
,,YLR274W
,,YKL126W
,,YDR397C
,,YKR026C
,,YOL022C
,,YKL046C
,,YLL028W
,,YHL011C
,,YDL040C
,,YGR178C
,,YDL212W
,,YER080W
,,YFL034C-A
,,YKR008W
,,YOR217W
,,YNR030W
,,YBL098W
,,YOR141C
,,YGL033W
,,YDR088C
,,YEL015W
,,YHL042W
,,YOL027C
,,YGL194C
,,YJL123C
,,YGL172W
,,YDL072C
,,YNL107W
,,YNL097C
,,YOR367W
,,YBR083W
,,YGL173C
,,YOR206W
,,YPL070W
,,YMR149W
,,YNR036C
,,YPR032W
,,YJR002W
,,YGR058W
,,YGR083C
,,YPL107W
,,YDL156W
,,YNR001C
,,YLL018C-A
,,YIL162W
,,YJL149W
,,YPR124W
,,YOR066W
,,YHR001W
,,YDL198C
,,YKL175W
,,YKR045C
,,YPR191W
,,YLR262C-A
,,YPL108W
,,YPL232W
,,YAL046C
,,YBR052C
,,YOL144W
,,YHR141C
,,YPL256C
,,YMR278W
,,YGL061C
,,YMR312W
,,YLR205C
,,YDR299W
,,YMR125W
,,YAL030W
,,YEL044W
,,YBR053C
,,YPL054W
,,YEL038W
,,YOR124C
,,YNL274C
,,YPL051W
,,YKL068W
,,YGL209W
,,YOR165W
,,YOR171C
,,YMR194W
,,YNL241C
,,YDL130W
,,YJL128C
,,YKR071C
,,YMR144W
,,YJR064W
,,YIL105C
,,YPL213W
,,YOR122C
,,YKR048C
,,YLR276C
,,YPL019C
,,YDR183W
,,YKL025C
,,YJL076W
,,YLR121C
,,YEL066W
,,YDL005C
,,YAL010C
,,YER095W
,,YER083C
,,YBR227C
,,YDR408C
,,YPR004C
,,YDR266C
,,YCL012C
,,YDR324C
,,YER124C
,,YLR093C
,,YNL265C
,,YGR132C
,,YNR010W
,,YGR231C
,,YIR026C
,,YNL219C
,,YKL065C
,,YBR108W
,,YIR001C
,,YKL069W
,,YPR135W
,,YKR007W
,,YGR084C
,,YOL135C
,,YGL076C
,,YDR508C
,,YAR027W
,,YDL031W
,,YCL033C
,,YPL237W
,,YOR308C
,,YFR024C-A
,,YJR057W
,,YHR094C
,,YBR247C
,,YFR044C
,,YPR010C
,,YDL175C
,,YLR257W
,,YDL085C-A
,,YDR244W
,,YDR075W
,,YBR112C
,,YLR028C
,,YNL306W
,,YDR296W
,,YIR004W
,,YGL060W
,,YKL039W
,,YDR500C
,,YGR148C
,,YML060W
,,YHR037W
,,YJR055W
,,YKR083C
,,YKR075C
,,YMR152W
,,YMR200W
,,YJL203W
,,YBL036C
,,YGR169C-A
,,YDL112W
,,YMR147W
,,YML052W
,,YHR113W
,,YHR206W
,,YML024W
,,YLR433C
,,YMR001C-A
,,YDL182W
,,YJR074W
,,YER026C
,,YMR202W
,,YMR255W
,,YDR365C
,,YLR393W
,,YKL007W
,,YDR534C
,,YDL110C
,,YFR031C-A
,,YLR172C
,,YGL200C
,,YIL076W
,,YDR427W
,,YMR070W
,,YER122C
,,YMR047C
,,YJL208C
,,YPL206C
,,YOL126C
,,YGL001C
,,YGR267C
,,YER040W
,,YOR187W
,,YPR100W
,,YOR281C
,,YPR107C
,,YKL209C
,,YDR161W
,,YLR187W
,,YOR271C
,,YDR507C
,,YLR418C
,,YDL178W
,,YKR060W
,,YER182W
,,YLR299W
,,YER070W
,,YMR241W
,,YGR019W
,,YDR246W
,,YJR058C
,,YGR106C
,,YOR297C
,,YCL045C
,,YBR233W
,,YBR058C
,,YMR318C
,,YOL031C
,,YHR063C
,,YJR144W
,,YNL162W-A
,,YNL323W
,,YNL173C
,,YKR006C
,,YBR231C
,,YER064C
,,YHL004W
,,YEL042W
,,YLR285W
,,YCR043C
,,YER073W
,,YER023W
,,YML013W
,,YER101C
,,YER088C
,,YLR312W-A
,,YIL036W
,,YCR077C
,,YMR300C
,,YBR036C
,,YHR203C
,,YNR037C
,,YBR191W
,,YJL157C
,,YLR002C
,,YBR054W
,,YKL002W
,,YER175W-A
,,YHR016C
,,YDR300C
,,YLR148W
,,YKL185W
,,YOL108C
,,YBR296C
,,YBR215W
,,YDL164C
,,YGL232W
,,YJR099W
,,YLR089C
,,YNL115C
,,YKL195W
,,YMR015C
,,YGR286C
,,YBL059W
,,YBL007C
,,YLR356W
,,YDR117C
,,YMR142C
,,YCL057W
,,YEL063C
,,YDR192C
,,YNL001W
,,YMR074C
,,YNL149C
,,YFR047C
,,YDR182W
,,YGR245C
,,YJL136C
,,YJL097W
,,YPL199C
,,YDR079C-A
,,YHR025W
,,YNL168C
,,YKR046C
,,YOR362C
,,YMR016C
,,YDR477W
,,YMR143W
,,YOR223W
,,YOR272W
,,YML011C
,,YPL273W
,,YPR036W
,,YLR439W
,,YBL038W
,,YGR275W
,,YPL217C
,,YPR072W
,,YGL178W
,,YDR163W
,,YLR245C
,,YMR225C
,,YGL037C
,,YJL140W
,,YOR114W
,,YKL190W
