Systematic Name,Codon Adaptation Index
YBR223W-A,0.03
YML009W-B,0.03
YBR141W-A,0.04
YMR182W-A,0.04
YLR154C-G,0.04
Q0297,0.04
Q0092,0.04
YGL063C-A,0.04
YAR035C-A,0.04
YHR214W-A,0.04
YAR068W,0.04
YKL145W-A,0.04
YOR008W-B,0.04
YPL222C-A,0.04
YLR280C,0.04
YKL097C,0.04
YNR075C-A,0.04
YML116W-A,0.05
YJL127W-A,0.05
YFL015W-A,0.05
YDL247W-A,0.05
YCR087W,0.05
YNL277W-A,0.05
YLR279W,0.05
YKL018C-A,0.05
YHL006C,0.05
YOR072W-A,0.05
YKL106C-A,0.05
YOR343C,0.05
YHR199C-A,0.05
YDR133C,0.05
YOR248W,0.05
YLR156C-A,0.05
YLR157C-C,0.05
YHR054C-B,0.05
YLR159C-A,0.05
YLR154C-H,0.05
YHR052C-B,0.05
YLR235C,0.05
YER153C,0.05
YPL062W,0.06
YKR047W,0.06
YGL168W,0.06
YJL142C,0.06
YMR103C,0.06
YKL086W,0.06
YMR057C,0.06
YPR146C,0.06
YOR024W,0.06
YBL006C,0.06
YMR254C,0.06
YIL047C-A,0.06
YOL110W,0.06
YPL136W,0.06
YIR014W,0.06
YLR154W-B,0.06
Q0182,0.06
YGL074C,0.06
YPR064W,0.06
YHR032W-A,0.06
YGL007W,0.06
YDR360W,0.06
YPR195C,0.06
YHL005C,0.06
YOL166C,0.06
YDR482C,0.06
YMR306C-A,0.06
YLR261C,0.06
YNR042W,0.06
YER091C-A,0.06
YLR255C,0.06
YLR281C,0.06
YLR338W,0.06
YER018C,0.06
YOR161W-B,0.06
YFL031C-A,0.06
YFL021C-A,0.06
YIL100C-A,0.06
YGR176W,0.06
YFR018C,0.06
YLR437C-A,0.06
YOR105W,0.06
YGR203W,0.06
YOR083W,0.06
YCR038W-A,0.06
YCR006C,0.06
YFR052C-A,0.06
YAL020C,0.06
YER158W-A,0.06
YML100W-A,0.06
YCL042W,0.06
YJR128W,0.06
YGR137W,0.07
YJL028W,0.07
YPR145C-A,0.07
YPL261C,0.07
YGR062C,0.07
YEL033W,0.07
YPL135C-A,0.07
YPL046C,0.07
YGR050C,0.07
YPR053C,0.07
YOR394C-A,0.07
YJL077C,0.07
YPL114W,0.07
YKL123W,0.07
YEL032C-A,0.07
YPR074W-A,0.07
YEL035C,0.07
YGL126W,0.07
YDR464C-A,0.07
YGL226W,0.07
YBR264C,0.07
YJR120W,0.07
YDR355C,0.07
YDR274C,0.07
YFR034C,0.07
YJR146W,0.07
YCR025C,0.07
YDR246W-A,0.07
YER181C,0.07
YDR024W,0.07
YDR073W,0.07
YDR095C,0.07
YDR194W-A,0.07
YCR047C,0.07
YPR182W,0.07
YJL136W-A,0.07
YJR151W-A,0.07
YDR442W,0.07
YER152W-A,0.07
YGL063W,0.07
Q0032,0.07
YGL072C,0.07
Q0142,0.07
YGL198W,0.07
YJL156W-A,0.07
YJL152W,0.07
YBR005W,0.07
YGL165C,0.07
YJL144W,0.07
YBR091C,0.07
YBR131C-A,0.07
YGL132W,0.07
YOR161C-C,0.07
YER079C-A,0.07
YML012C-A,0.07
YLR163W-A,0.07
YNL140C,0.07
YLR444C,0.07
YHR049C-A,0.07
YLL019W-A,0.07
YMR316C-B,0.07
YHR063W-A,0.07
YHR073W-A,0.07
YMR242W-A,0.07
YIL071W-A,0.07
YLR406C-A,0.07
YHR157W,0.07
YMR086C-A,0.07
YIL100W,0.07
YHR189W,0.07
YHR191C,0.07
YLR415C,0.07
YHR212W-A,0.07
YLR426W,0.07
YOR293C-A,0.07
YML057C-A,0.07
YML064C,0.07
YML099W-A,0.07
YLR438C-A,0.07
YIL122W,0.07
YLR011W,0.07
YLR147C,0.07
YIL032C,0.07
YLR099W-A,0.07
YOR183W,0.07
YGR174W-A,0.07
YOL038C-A,0.07
YOL079W,0.07
YAL067W-A,0.07
YHL034W-A,0.07
YLR111W,0.07
YOL150C,0.07
YKL037W,0.07
YKL066W,0.07
YOR029W,0.07
YAL064W-B,0.07
YGR242W,0.07
YDR525W,0.08
YEL059C-A,0.08
YDR417C,0.08
YLR102C,0.08
YDR512C,0.08
YCR076C,0.08
YCR060W,0.08
YLR091W,0.08
YCR050C,0.08
YLR437C,0.08
YEL010W,0.08
YCR095W-A,0.08
YLL038C,0.08
YJR058C,0.08
YDL142C,0.08
YLR140W,0.08
YLR162W,0.08
YLR120W-A,0.08
YDR281C,0.08
YLR191W,0.08
YLR202C,0.08
YDR203W,0.08
YLR230W,0.08
YJR018W,0.08
YDR193W,0.08
YDR136C,0.08
YLR112W,0.08
YDR488C,0.08
YDR491C,0.08
YLR315W,0.08
YJL027C,0.08
YLR349W,0.08
YDL016C,0.08
YLR141W,0.08
YDL221W,0.08
YLL059C,0.08
YOR186C-A,0.08
YML113W,0.08
YNL057W,0.08
YNL046W,0.08
YNR001W-A,0.08
YPR159C-A,0.08
YNR025C,0.08
YKL030W,0.08
YKL165C-A,0.08
YPR087W,0.08
YPR077C,0.08
YOL155W-A,0.08
YKL036C,0.08
YNL138W-A,0.08
YPR051W,0.08
YKL147C,0.08
YOL108C,0.08
YOL073C,0.08
YOL037C,0.08
YOL026C,0.08
YPL144W,0.08
YOR044W,0.08
YOR050C,0.08
YOR376W,0.08
YOR102W,0.08
YOR345C,0.08
YPR014C,0.08
YCR022C,0.08
YNL148C,0.08
YNL185C,0.08
YML102W,0.08
YCL022C,0.08
YML101C,0.08
YML089C,0.08
YBR268W,0.08
YBR232C,0.08
YML047W-A,0.08
YBR200W-A,0.08
YMR030W-A,0.08
YBR178W,0.08
YMR069W,0.08
YNL179C,0.08
YMR119W-A,0.08
YBR090C,0.08
YMR194C-B,0.08
YMR236W,0.08
YBR064W,0.08
YKR045C,0.08
YBL012C,0.08
YBL013W,0.08
YNL296W,0.08
YNL240C,0.08
Q0144,0.08
YNL226W,0.08
YMR122C,0.08
YAL069W,0.08
YLR041W,0.08
YAR053W,0.08
YHL048C-A,0.08
YHL025W,0.08
YHR032C-A,0.08
YHR041C,0.08
YHR070C-A,0.08
YHR071C-A,0.08
YGR293C,0.08
YHR175W-A,0.08
YHR193C-A,0.08
YER159C,0.08
YHR213W-A,0.08
YER147C,0.08
YER145C-A,0.08
YIL156W-B,0.08
YHR180W-A,0.08
YGR259C,0.08
YGR230W,0.08
YGR182C,0.08
YGL199C,0.08
YGL146C,0.08
YJL133W,0.08
YGL260W,0.08
YJL163C,0.08
YGL034C,0.08
YGR031C-A,0.08
YJL182C,0.08
YGR045C,0.08
YJL184W,0.08
YGR101W,0.08
YFR027W,0.08
YGR107W,0.08
YFL012W-A,0.08
YGR151C,0.08
YER138W-A,0.08
YIL142C-A,0.08
YGL217C,0.08
YER087C-A,0.08
YIL023C,0.08
YIL030W-A,0.08
YIL004C,0.08
YER088W-B,0.08
YER088C-A,0.08
YGR051C,0.09
YOR318C,0.09
YKL102C,0.09
YJL197C-A,0.09
YOR366W,0.09
YOR384W,0.09
YOR396C-A,0.09
YIR009W,0.09
YPL283W-B,0.09
YAL055W,0.09
YIL012W,0.09
YPL096C-A,0.09
YER084W,0.09
YPL200W,0.09
YIR015W,0.09
YKL136W,0.09
YOR316C-A,0.09
YJL199C,0.09
YIR016W,0.09
YJL210W,0.09
YOR084W,0.09
YOR097C,0.09
YGR190C,0.09
YLR169W,0.09
YOR131C,0.09
YOR146W,0.09
YOR161W-A,0.09
YJL205C,0.09
YGR161W-C,0.09
YOR199W,0.09
YOR200W,0.09
YOR202W,0.09
YOR203W,0.09
YOR213C,0.09
YOR235W,0.09
YOR282W,0.09
YOR301W,0.09
YKL138C-A,0.09
YAL033W,0.09
YPL041C,0.09
YBL107W-A,0.09
YBL100C,0.09
YBL096C,0.09
YBL059W,0.09
YBL021C,0.09
YLR018C,0.09
YIR023C-A,0.09
YJL150W,0.09
YGL149W,0.09
YBR032W,0.09
YGL152C,0.09
YKL223W,0.09
YBR076C-A,0.09
YBR126W-B,0.09
YGL193C,0.09
YBR153W,0.09
YBR175W,0.09
YLR101C,0.09
YGL204C,0.09
YBL112C,0.09
YOR060C,0.09
YIR020C,0.09
YGL123C-A,0.09
YLR154W-A,0.09
YPL025C,0.09
YPL017C,0.09
YPL013C,0.09
YIR017C,0.09
YGR031W,0.09
YGR022C,0.09
YGR011W,0.09
YGL007C-A,0.09
YPR108W-A,0.09
YPR126C,0.09
YPR142C,0.09
YGL032C,0.09
YLR146W-A,0.09
YPR204C-A,0.09
YLR145W,0.09
YJL161W,0.09
Q0140,0.09
YGL088W,0.09
YBL113W-A,0.09
YPL049C,0.09
YLR184W,0.09
YIL113W,0.09
YHR213W-B,0.09
YLR347W-A,0.09
YMR013C-A,0.09
YMR013W-A,0.09
YLR339C,0.09
YLR311C,0.09
YMR035W,0.09
YMR040W,0.09
YKR091W,0.09
YMR055C,0.09
YMR059W,0.09
YKR073C,0.09
YMR068W,0.09
YLR269C,0.09
YHR173C,0.09
YMR105W-A,0.09
YMR135C,0.09
YMR138W,0.09
YIL060W,0.09
YMR150C,0.09
YHR218W,0.09
YML066C,0.09
YLR463C,0.09
YIL152W,0.09
YLL060C,0.09
YLR466C-A,0.09
YLR467C-A,0.09
YAL037W,0.09
YML133W-B,0.09
YLL066W-A,0.09
YHR218W-A,0.09
YML122C,0.09
YIL153W,0.09
YLR379W,0.09
YLR364C-A,0.09
YML101C-A,0.09
YIL068W-A,0.09
YAL026C-A,0.09
YIL177W-A,0.09
YHR219C-A,0.09
YLL067W-A,0.09
YMR173W-A,0.09
YKR049C,0.09
YHR125W,0.09
YNR005C,0.09
YBR191W-A,0.09
YNR036C,0.09
YNR037C,0.09
YAR064W,0.09
YHL020C,0.09
YLR204W,0.09
YHL028W,0.09
YHL006W-A,0.09
YOL135C,0.09
YHL050W-A,0.09
YGR296C-B,0.09
YJL222W-A,0.09
YOL047C,0.09
YOL032W,0.09
YKL052C,0.09
YKL053W,0.09
YOR008C-A,0.09
YJL225W-A,0.09
YAR035W,0.09
YNL078W,0.09
YNL109W,0.09
YLL020C,0.09
YMR274C,0.09
YMR304C-A,0.09
YLR236C,0.09
YKR033C,0.09
YMR307C-A,0.09
YNL339W-B,0.09
YNL282W,0.09
YNL269W,0.09
YAR019W-A,0.09
YNL205C,0.09
YKR012C,0.09
YNL199C,0.09
YNL198C,0.09
YNL187W,0.09
YHR034C,0.09
YNL176C,0.09
YIL029W-A,0.09
YHR028W-A,0.09
YGR240C-A,0.09
YER078W-A,0.09
YBR230W-A,0.09
YJR038C,0.09
YDR405W,0.09
YCR097W-A,0.09
YCR086W,0.09
YDR433W,0.09
YCR079W,0.09
YCR075C,0.09
YJL118W,0.09
YJL026C-A,0.09
YFR026C,0.09
YCR027C,0.09
YER119C-A,0.09
YDR510C-A,0.09
YFR034W-A,0.09
YER097W,0.09
YCR013C,0.09
YFR035C,0.09
YCL001W-B,0.09
YCL002C,0.09
YFR056C,0.09
YDR545C-A,0.09
YEL077W-A,0.09
YJR112W,0.09
YEL075W-A,0.09
YEL067C,0.09
YCL056C,0.09
YJL043W,0.09
YJL077W-A,0.09
R0030W,0.09
YEL059W,0.09
YER152C,0.09
YBR300C,0.09
YDR340W,0.09
YDL160C-A,0.09
YDR124W,0.09
YFL068W,0.09
YDR094W,0.09
YDR130C,0.09
YER190C-B,0.09
YJR023C,0.09
YDR163W,0.09
YDR187C,0.09
YFL066C,0.09
YBR196C-B,0.09
YDR066C,0.09
YJL104W,0.09
YDR010C,0.09
YDR192C,0.09
YER175W-A,0.09
YDL023C,0.09
YDL026W,0.09
YDL054C,0.09
YDL062W,0.09
YDR241W,0.09
YDL068W,0.09
YJR010C-A,0.09
YDR250C,0.09
YDL087C,0.09
YDL096C,0.09
YDR260C,0.09
YDL119C,0.09
YDR269C,0.09
YDL151C,0.09
YDR320C-A,0.09
YEL053W-A,0.09
YJL083W,0.09
YEL008C-A,0.09
YJR140W-A,0.09
YGL262W,0.09
YGL239C,0.09
YBR226C,0.09
YJL047C-A,0.09
YBR219C,0.09
YBR209W,0.09
YBR298C-A,0.09
YBR293W,0.09
YEL050W-A,0.09
YER076W-A,0.09
YBR206W,0.09
YBR269C,0.09
YBR224W,0.09
YER029C,0.09
YER085C,0.09
YER092W,0.09
YEL030C-A,0.09
YER074W-A,0.09
YER068C-A,0.09
YGL247W,0.09
YJL063C,0.09
YER034W,0.09
YER058W,0.09
YHR105W,0.1
YMR222C,0.1
YER067C-A,0.1
YMR194C-A,0.1
YHR095W,0.1
YHR086W-A,0.1
YMR245W,0.1
YMR247W-A,0.1
YMR251W,0.1
YIR018C-A,0.1
YHR129C,0.1
YIL042C,0.1
YER172C-A,0.1
YER163C,0.1
YDR278C,0.1
YMR071C,0.1
YER170W,0.1
YER028C,0.1
YMR087W,0.1
YMR097C,0.1
YHR159W,0.1
YMR107W,0.1
YER035W,0.1
YHR150W,0.1
YHR145C,0.1
YMR127C,0.1
YMR135W-A,0.1
YMR141C,0.1
YMR144W,0.1
YMR155W,0.1
YHR136C,0.1
YDR254W,0.1
YMR286W,0.1
YMR262W,0.1
YNL276C,0.1
YNL275W,0.1
YIR040C,0.1
YDR167W,0.1
YNL235C,0.1
YNL223W,0.1
YDR154C,0.1
YNL203C,0.1
YER190W,0.1
YGR227C-A,0.1
YNL188W,0.1
YLR079W,0.1
YLR073C,0.1
YHR040W,0.1
YNL184C,0.1
YLR070C,0.1
YLR064W,0.1
YIR032C,0.1
YHR048W,0.1
YNL279W,0.1
YER187W,0.1
YDR223W,0.1
YLR124W,0.1
YLR154W-E,0.1
YLR123C,0.1
YMR290W-A,0.1
YLR122C,0.1
YDR199W,0.1
YER185W,0.1
YDR230W,0.1
YER186C,0.1
YNL314W,0.1
YIR025W,0.1
YNL309W,0.1
YNL305C,0.1
YNL304W,0.1
YHR056W-A,0.1
YNL285W,0.1
YIR030W-A,0.1
YHR062C,0.1
YMR063W,0.1
YDR344C,0.1
YDR329C,0.1
YLR399W-A,0.1
YLR414C,0.1
YLR232W,0.1
YIL102C-A,0.1
YIL106W,0.1
YLR428C,0.1
YIL111W,0.1
YDR545W,0.1
YLR385C,0.1
YDR537C,0.1
YEL045C,0.1
YDR535C,0.1
YIL029C,0.1
YLR458W,0.1
YDR526C,0.1
YLR193C,0.1
YLR466W,0.1
YIL028W,0.1
YLR443W,0.1
YLR374C,0.1
YEL077C,0.1
YLR365W,0.1
YLR264C-A,0.1
YIL037C,0.1
YIL049W,0.1
YLR254C,0.1
YIL059C,0.1
YLR252W,0.1
YLR285C-A,0.1
YLR246W,0.1
YIL065C,0.1
YLR317W,0.1
YLR316C,0.1
YLR329W,0.1
YIL067C,0.1
YLR342W-A,0.1
YEL073C,0.1
YLR234W,0.1
YLR353W,0.1
YIL092W,0.1
YLR358C,0.1
YER119C,0.1
YLR466C-B,0.1
YLR467W,0.1
YER140W,0.1
YDR420W,0.1
YLR157W-D,0.1
YER147C-A,0.1
YDR411C,0.1
YHR214C-D,0.1
YML034C-A,0.1
YIL006W,0.1
YLR156W,0.1
YDR374W-A,0.1
YML007C-A,0.1
YDR366C,0.1
YMR013C,0.1
YMR026C,0.1
YDR352W,0.1
YDR347W,0.1
YIL046W-A,0.1
YMR042W,0.1
YMR052C-A,0.1
YER020W,0.1
YDR431W,0.1
YDR327W,0.1
YML082W,0.1
YML090W,0.1
YEL008W,0.1
YML133C,0.1
YEL004W,0.1
YLR161W,0.1
YER146W,0.1
YML119W,0.1
YDR114C,0.1
YDR476C,0.1
YIL009C-A,0.1
YML116W,0.1
YDR467C,0.1
YIL156W-A,0.1
YDR461C-A,0.1
YDR439W,0.1
YIL171W-A,0.1
YLR159W,0.1
YDR437W,0.1
YML098W,0.1
YML094C-A,0.1
YER016W,0.1
YNL165W,0.1
YBR188C,0.1
YHR033W,0.1
YPL003W,0.1
YPR003C,0.1
YPR011C,0.1
YCL036W,0.1
YPR015C,0.1
YCL041C,0.1
YPR057W,0.1
YGR021W,0.1
YPR066W,0.1
YFR057W,0.1
YPL005W,0.1
YPR076W,0.1
YPR094W,0.1
YPR106W,0.1
YGL025C,0.1
YCL058W-A,0.1
YPR109W,0.1
YPR122W,0.1
YPR123C,0.1
YPR134W,0.1
R0020C,0.1
R0010W,0.1
YGL023C,0.1
YCL034W,0.1
YCL027W,0.1
YPL021W,0.1
YPL247C,0.1
YPL238C,0.1
YPL209C,0.1
YPL182C,0.1
YPL170W,0.1
YPL157W,0.1
YPL151C,0.1
YGR099W,0.1
YGR068C,0.1
YFR032C-B,0.1
YPL102C,0.1
YPL097W,0.1
YPL080C,0.1
YPL077C,0.1
YPL068C,0.1
YPL056C,0.1
YCL005W,0.1
YGR039W,0.1
YPL044C,0.1
YCL008C,0.1
YPL038W,0.1
YCL010C,0.1
YGR035W-A,0.1
YGL041C-B,0.1
YFR009W-A,0.1
YPR160C-A,0.1
YGL044C,0.1
YBR233W-A,0.1
YGL127C,0.1
YLR046C,0.1
YBL008W-A,0.1
YBR013C,0.1
YBR027C,0.1
YBR221W-A,0.1
YBR070C,0.1
YBR210W,0.1
YGL172W,0.1
YBL025W,0.1
YGL179C,0.1
YBR116C,0.1
YBR124W,0.1
YBR128C,0.1
YGL182C,0.1
YBR134W,0.1
YBR201W,0.1
YGL220W,0.1
YBR174C,0.1
YBR197C,0.1
YBR186W,0.1
YBR103C-A,0.1
YBL039C-A,0.1
YBL044W,0.1
YBL053W,0.1
YGL051W,0.1
YPR198W,0.1
YPR199C,0.1
YPR203W,0.1
Q0010,0.1
Q0017,0.1
YBR277C,0.1
YBR271W,0.1
YGL096W,0.1
YGL114W,0.1
YBR270C,0.1
YGL258W-A,0.1
YBL111C,0.1
YBL107C,0.1
YBL102W,0.1
YBR254C,0.1
YBR253W,0.1
YBL093C,0.1
YBL089W,0.1
YBL071C-B,0.1
YBL070C,0.1
YBL065W,0.1
YBR240C,0.1
YPR178W,0.1
YNL159C,0.1
YCR064C,0.1
YGR119C,0.1
YDR003W,0.1
YDL002C,0.1
YFL065C,0.1
YOL131W,0.1
YHL050C,0.1
YOL116W,0.1
YOL112W,0.1
YDL034W,0.1
YOL106W,0.1
YDL057W,0.1
YOL158C,0.1
YOL053W,0.1
YGR269W,0.1
YOL035C,0.1
YDL069C,0.1
YGR265W,0.1
YOL013W-B,0.1
YFL052W,0.1
YOL001W,0.1
YOR008C,0.1
YDL071C,0.1
YDL080C,0.1
YGR291C,0.1
YDR004W,0.1
YDR016C,0.1
YNR062C,0.1
YDR102C,0.1
YNL130C-A,0.1
YNL120C,0.1
YNL097W-A,0.1
YNL086W,0.1
YDR079W,0.1
YNL072W,0.1
YNL063W,0.1
YHR011W,0.1
YNL056W,0.1
YNL053W,0.1
YHR002W,0.1
YNL043C,0.1
YNL038W,0.1
YNL033W,0.1
YNL029C,0.1
YNL019C,0.1
YDR061W,0.1
YNR027W,0.1
YDR048C,0.1
YHL019W-A,0.1
YNR045W,0.1
YNR049C,0.1
YGR257C,0.1
YOR396W,0.1
YGR243W,0.1
YOR036W,0.1
YFL017W-A,0.1
YOR236W,0.1
YGR146C-A,0.1
YOR266W,0.1
YCR101C,0.1
YOR292C,0.1
YCR096C,0.1
YGR139W,0.1
YOR304C-A,0.1
YFL015C,0.1
YOR231W,0.1
YOR333C,0.1
YCR085W,0.1
YCR081C-A,0.1
YGR133W,0.1
YOR353C,0.1
YOR364W,0.1
YGR131W,0.1
YOR368W,0.1
YGR122W,0.1
YOR378W,0.1
YFL012W,0.1
YOR339C,0.1
YOR223W,0.1
YDL241W,0.1
YFL031W,0.1
YDL086C-A,0.1
YOR053W,0.1
YGR222W,0.1
YOR072W-B,0.1
YGR221C,0.1
YOR073W-A,0.1
YDL114W,0.1
YDL120W,0.1
YDL129W,0.1
YFL040W,0.1
YOR130C,0.1
YOR135C,0.1
YDL163W,0.1
YDL169C,0.1
YDL183C,0.1
YOR181W,0.1
YGR153W,0.1
YDL187C,0.1
YOR189W,0.1
YDL199C,0.1
YDL217C,0.1
YDL220C,0.1
YGR147C,0.1
YOR032W-A,0.1
YGR102C,0.1
YMR008C-A,0.1
YJR084W,0.1
YJR050W,0.1
YKR044W,0.1
YKL058W,0.1
YKR007W,0.1
YAL034C-B,0.1
YKL221W,0.1
YJL003W,0.1
YKL076C,0.1
YJR112W-A,0.1
YJR136C,0.1
YAR047C,0.1
YJL022W,0.1
YKL048C,0.1
YKL098W,0.1
YAL037C-A,0.1
YAR030C,0.1
YJL211C,0.1
YAL042C-A,0.1
YJR100C,0.1
YJR106W,0.1
YKL023C-A,0.1
YJL004C,0.1
YJR056C,0.1
YJR020W,0.1
YLL067C,0.1
YKL206C,0.1
YAR069C,0.1
YAR023C,0.1
YKR083C,0.1
YJL220W,0.1
YKL006C-A,0.1
YKL146W,0.1
YLL066C,0.1
YAL013W,0.1
YAL014C,0.1
YJR036C,0.1
YJR115W,0.1
YJL193W,0.1
YJL105W,0.1
YJR087W,0.1
YJL110C,0.1
YJL038C,0.1
YJR113C,0.1
YKL218C,0.1
YKR095W-A,0.1
YKL044W,0.1
YJL215C,0.1
YJR071W,0.1
YJR086W,0.1
YKL111C,0.1
YCR048W,0.11
YJR021C,0.11
YDR173C,0.11
YPL244C,0.11
YNL092W,0.11
YGR073C,0.11
YGR093W,0.11
YCR046C,0.11
YDR169C,0.11
YGR084C,0.11
YCR040W,0.11
YCR039C,0.11
YLR404W,0.11
YNL097C-B,0.11
YCR045W-A,0.11
YNL328C,0.11
YLR416C,0.11
YNL122C,0.11
YGR004W,0.11
YPL213W,0.11
YPL222W,0.11
YGR015C,0.11
YDR160W,0.11
YGR023W,0.11
YER040W,0.11
YER039C-A,0.11
YGR033C,0.11
YLL051C,0.11
YDR162C,0.11
YGR036C,0.11
YJL181W,0.11
YGR069W,0.11
YCR071C,0.11
YLR431C,0.11
YNL324W,0.11
YGR044C,0.11
YNL326C,0.11
YPR016W-A,0.11
YJL185C,0.11
YGR096W,0.11
YOL024W,0.11
YMR118C,0.11
YPL075W,0.11
YNL100W,0.11
YGR063C,0.11
YGR068W-A,0.11
YLR417W,0.11
YMR112C,0.11
YGR098C,0.11
YOR059C,0.11
YNL089C,0.11
YEL041W,0.11
YKL011C,0.11
YKR032W,0.11
YEL044W,0.11
YGR217W,0.11
YMR316C-A,0.11
YLR345W,0.11
YMR315W-A,0.11
YCL047C,0.11
YPL067C,0.11
YLL033W,0.11
YJR114W,0.11
YLR337C,0.11
YGR238C,0.11
YGR239C,0.11
YNL042W-B,0.11
YEL074W,0.11
YPL119C-A,0.11
YGR247W,0.11
YGR249W,0.11
YPR158W,0.11
YLR326W,0.11
YCL066W,0.11
YJL218W,0.11
YCL067C,0.11
YPL283C,0.11
YGR268C,0.11
YCL068C,0.11
YGR277C,0.11
YPR152C,0.11
YOR037W,0.11
YPL267W,0.11
YMR320W,0.11
YGR105W,0.11
YDR179C,0.11
YLR394W,0.11
YLR392C,0.11
YOR180C,0.11
YGR121C,0.11
YNL339C,0.11
YJL195C,0.11
YEL006W,0.11
YPL074W,0.11
YNL080C,0.11
YCR095C,0.11
YGR134W,0.11
YEL014C,0.11
YCR019W,0.11
YEL016C,0.11
YCR018C-A,0.11
YNL073W,0.11
YEL018C-A,0.11
YJR101W,0.11
YJR019C,0.11
YNL067W-B,0.11
YPL251W,0.11
YLR366W,0.11
YGR174C,0.11
YGR188C,0.11
YPL255W,0.11
YPR150W,0.11
YEL028W,0.11
YCL024W,0.11
YJR099W,0.11
YGL045W,0.11
YJR083C,0.11
YPR039W,0.11
YER148W-A,0.11
YFR042W,0.11
YJL086C,0.11
YOR138C,0.11
YPR038W,0.11
YML031W,0.11
YFR046C,0.11
YDL059C,0.11
YPL159C,0.11
YFR049W,0.11
YML036W,0.11
YKL132C,0.11
YOR005C,0.11
YML041C,0.11
YGL259W,0.11
YML047C,0.11
YML062C,0.11
YDL118W,0.11
YGL212W,0.11
YGL214W,0.11
YOR002W,0.11
YOR003W,0.11
YMR052W,0.11
YNL286W,0.11
YER137C,0.11
YDL104C,0.11
YGL240W,0.11
YDL094C,0.11
YPL100W,0.11
YGL257C,0.11
YJL134W,0.11
YGL208W,0.11
YML023C,0.11
YML021C,0.11
YDR043C,0.11
YDR042C,0.11
YFL063W,0.11
YPL124W,0.11
YPR054W,0.11
YDR029W,0.11
YFL051C,0.11
YER180C-A,0.11
YDR076W,0.11
YPL133C,0.11
YFL034C-B,0.11
YFL032W,0.11
YER173W,0.11
YJR046W,0.11
YOR013W,0.11
YKR019C,0.11
YPR044C,0.11
YKL162C,0.11
YDL028C,0.11
YDR105C,0.11
YFR022W,0.11
YPL150W,0.11
YDL022C-A,0.11
YDL033C,0.11
YFR012W,0.11
YPR071W,0.11
YKR087C,0.11
YML009C-A,0.11
YDL013W,0.11
YDL010W,0.11
YFL003C,0.11
YML011C,0.11
YER137W-A,0.11
YDR118W,0.11
YER133W-A,0.11
YOL013C,0.11
YOR156C,0.11
YDR126W,0.11
YNL150W,0.11
YDL206W,0.11
YDL207W,0.11
YDL209C,0.11
YDL211C,0.11
YKR106W,0.11
YOL013W-A,0.11
YML118W,0.11
YDL216C,0.11
YDL222C,0.11
YGL075C,0.11
YGL069C,0.11
YPR023C,0.11
YJR030C,0.11
YNL318C,0.11
YGL006W-A,0.11
YJL062W-A,0.11
YER059W,0.11
YLR464W,0.11
YLL058W,0.11
YPR034W,0.11
YPL092W,0.11
YNL133C,0.11
YJL065C,0.11
YDR142C,0.11
YDR139C,0.11
YGL057C,0.11
YDR137W,0.11
YKR055W,0.11
YGL118C,0.11
YNL157W,0.11
YMR082C,0.11
YML083C,0.11
YPL172C,0.11
YNL170W,0.11
YJL146W,0.11
YGL169W,0.11
YGL174W,0.11
YMR077C,0.11
YER107W-A,0.11
YER113C,0.11
YNL177C,0.11
YGL181W,0.11
YER115C,0.11
YPL168W,0.11
YDR118W-A,0.11
YER107C,0.11
YGL003C,0.11
YPR101W,0.11
YNL167C,0.11
YPL176C,0.11
YKR101W,0.11
YKR100C,0.11
YGL124C,0.11
YER093C,0.11
YNL295W,0.11
YML087C,0.11
YPR104C,0.11
YML096W,0.11
YDL176W,0.11
YGL142C,0.11
YGL155W,0.11
YOL009C,0.11
YOL008W,0.11
YDL180W,0.11
YKL115C,0.11
YLR331C,0.11
YGR288W,0.11
YIL177C,0.11
YDR414C,0.11
YOR314W,0.11
YIL163C,0.11
YLR152C,0.11
YLR151C,0.11
YOR072W,0.11
YAL027W,0.11
YAL028W,0.11
YBR065C,0.11
YIL154C,0.11
YPL007C,0.11
YDR271C,0.11
YDR401W,0.11
YMR213W,0.11
YBR051W,0.11
Q0143,0.11
YOL148C,0.11
YLR137W,0.11
YIL141W,0.11
YOL146W,0.11
YIL134W,0.11
YBR037C,0.11
YPL008W,0.11
YDR383C,0.11
YOR068C,0.11
YBR016W,0.11
YOR305W,0.11
YBR012C,0.11
YIL121W,0.11
YDR397C,0.11
YHR214C-E,0.11
YLR007W,0.11
YAL019W-A,0.11
YDR444W,0.11
YMR197C,0.11
YOL065C,0.11
YOR228C,0.11
YBR119W,0.11
YMR287C,0.11
YDR438W,0.11
YDR436W,0.11
YBR108W,0.11
YLR173W,0.11
YNR069C,0.11
YMR204C,0.11
YMR206W,0.11
YOR231C-A,0.11
YOR329W-A,0.11
YBR103W,0.11
YCL073C,0.11
YOL163W,0.11
YOR315W,0.11
YDR419W,0.11
YOL072W,0.11
YKL186C,0.11
YHR200W,0.11
YIL120W,0.11
YOR322C,0.11
YBR089W,0.11
YHR194W,0.11
YLL002W,0.11
YMR209C,0.11
YLL003W,0.11
YBR098W,0.11
YPR001W,0.11
YNR057C,0.11
YIL117C,0.11
YBR002C,0.11
YIL017C,0.11
YKL208W,0.11
YOL085C,0.11
YAL056W,0.11
YAL056C-A,0.11
YIL003W,0.11
YBL061C,0.11
YMR263W,0.11
YOL102C,0.11
YPL033C,0.11
YOR064C,0.11
YAL058W,0.11
YIR010W,0.11
YBL073W,0.11
YOR295W,0.11
YDR296W,0.11
YBL077W,0.11
YIR020W-A,0.11
YBL082C,0.11
YIR020C-B,0.11
YIR021W-A,0.11
YOR062C,0.11
YAL064W,0.11
YPL018W,0.11
YIR030C,0.11
YAL065C,0.11
YIR036C,0.11
YKL202W,0.11
YAL066W,0.11
YJR107C-A,0.11
YIR017W-A,0.11
YBL100W-C,0.11
YKL038W,0.11
YAL046C,0.11
YAL034W-A,0.11
YDR282C,0.11
YIL099W,0.11
YBL108W,0.11
YDR362C,0.11
YOL128C,0.11
YIL087C,0.11
YJL006C,0.11
YOL125W,0.11
YLR025W,0.11
YBL016W,0.11
YOR299W,0.11
YIL071C,0.11
YLR099C,0.11
YIL066W-A,0.11
YAL039C,0.11
YDR351W,0.11
YAL045C,0.11
YLR080W,0.11
YIL046W,0.11
YOR297C,0.11
YOL113W,0.11
YMR265C,0.11
YKL093W,0.11
YLR085C,0.11
YIL054W,0.11
YBL039W-B,0.11
YIL055C,0.11
YBL033C,0.11
YOL119C,0.11
YDR350C,0.11
YOR257W,0.11
YHR165W-A,0.11
YDR423C,0.11
YDR446W,0.11
YBR255W,0.11
YJR129C,0.11
YOL044W,0.11
YKL068W,0.11
YDR503C,0.11
YBR241C,0.11
YHR050W,0.11
YPR170C,0.11
YDR229W,0.11
YPR170W-A,0.11
YBR231C,0.11
YBR228W,0.11
YMR172W,0.11
YBR223C,0.11
YAR031W,0.11
YDR445C,0.11
YBR220C,0.11
YHR073C-B,0.11
YBR217W,0.11
YHR078W,0.11
YBR213W,0.11
YJR013W,0.11
YHR081W,0.11
YDR231C,0.11
YHR085W,0.11
YDR490C,0.11
YLR242C,0.11
YLR241W,0.11
YHR091C,0.11
YLR238W,0.11
YHR069C-A,0.11
YOR372C,0.11
YOR205C,0.11
YDR220C,0.11
YLR313C,0.11
R0040C,0.11
YNL032W,0.11
YLL027W,0.11
YGR296W,0.11
YJL225C,0.11
YKL083W,0.11
YMR153W,0.11
YEL076C-A,0.11
YBR290W,0.11
YHL041W,0.11
YHL037C,0.11
YJL037W,0.11
YMR310C,0.11
YLR297W,0.11
YLR296W,0.11
YBR284W,0.11
YHR017W,0.11
YMR166C,0.11
YBR262C,0.11
YDR514C,0.11
YDR219C,0.11
YAR033W,0.11
YNR020C,0.11
YDR215C,0.11
YOR380W,0.11
YDR532C,0.11
YLR288C,0.11
YLR289W,0.11
YMR158C-A,0.11
YAR070C,0.11
YHL008C,0.11
YOR080W,0.11
YOR358W,0.11
YJL100W,0.11
YMR187C,0.11
YDR244W,0.11
YLR218C,0.11
YHR153C,0.11
YHR130C,0.11
YKL023W,0.11
YBR141C,0.11
YHR132W-A,0.11
YLR199C,0.11
YBR144C,0.11
YLR213C,0.11
YMR293C,0.11
YAL009W,0.11
YHR137C-A,0.11
YHR139C-A,0.11
YMR292W,0.11
YDR479C,0.11
YNR040W,0.11
YPR002W,0.11
YOR225W,0.11
YNR041C,0.11
YPL055C,0.11
YBR147W,0.11
YDR466W,0.11
YBR182C,0.11
YDR462W,0.11
YDR455C,0.11
YKL100W-A,0.11
YPR204W,0.11
YHR116W,0.11
YDR475C,0.11
YMR179W,0.11
YPR002C-A,0.11
YOR335W-A,0.11
YOR348C,0.11
YDR478W,0.11
YDR469W,0.11
YJR024C,0.12
YOR018W,0.12
YOR047C,0.12
YKR030W,0.12
YDR200C,0.12
YDR206W,0.12
YDR151C,0.12
YOR025W,0.12
YDR315C,0.12
YMR264W,0.12
YDR205W,0.12
YDR053W,0.12
YMR316W,0.12
YJR034W,0.12
YKR036C,0.12
YDR288W,0.12
YDR078C,0.12
YDR313C,0.12
YMR313C,0.12
YDR079C-A,0.12
YDR249C,0.12
YNL266W,0.12
YDR306C,0.12
YDR161W,0.12
YDR082W,0.12
YDR084C,0.12
YNL319W,0.12
YDR252W,0.12
YDR246W,0.12
YDR204W,0.12
YNL317W,0.12
YDR145W,0.12
YNL270C,0.12
YMR289W,0.12
YJR039W,0.12
YPR042C,0.12
YKL156C-A,0.12
YJR037W,0.12
YMR311C,0.12
YPR037C,0.12
YDR057W,0.12
YMR279C,0.12
YDR213W,0.12
YDR128W,0.12
YNL289W,0.12
YNL290W,0.12
YMR294W-A,0.12
YDR123C,0.12
YDR119W,0.12
YPR012W,0.12
YDR262W,0.12
YDR121W,0.12
YPL002C,0.12
YMR301C,0.12
YDR277C,0.12
YDR275W,0.12
YNL331C,0.12
YDR182W,0.12
YMR299C,0.12
YDR240C,0.12
YKR038C,0.12
YPR013C,0.12
YDR239C,0.12
YPR005C,0.12
YNL293W,0.12
YNL294C,0.12
YMR272W-A,0.12
YKR034W,0.12
YOR055W,0.12
YDR185C,0.12
YMR317W,0.12
YDR106W,0.12
YDR140W,0.12
YDR217C,0.12
YDR253C,0.12
YKR029C,0.12
YDR287W,0.12
YKR027W,0.12
YNL303W,0.12
YNL329C,0.12
YDR196C,0.12
YDR109C,0.12
YJR017C,0.12
YOR028C,0.12
YDR112W,0.12
YPR027C,0.12
YJR012C,0.12
YPL011C,0.12
YDR191W,0.12
YDR115W,0.12
YMR282C,0.12
YMR268C,0.12
YDR116C,0.12
YMR269W,0.12
YDR198C,0.12
YER006C-A,0.12
YNL252C,0.12
YPR171W,0.12
YPR174C,0.12
YBR204C,0.12
YBR201C-A,0.12
YNR017W,0.12
YBR196C-A,0.12
YKL177W,0.12
YNR023W,0.12
YBR192W,0.12
YJR147W,0.12
YKL022C,0.12
YBR190W,0.12
YBR212W,0.12
YBR184W,0.12
YBR182C-A,0.12
YNR032C-A,0.12
YBR180W,0.12
YNR034W,0.12
YPR185W,0.12
YBR168W,0.12
YBR165W,0.12
YNR039C,0.12
YPR196W,0.12
YPR197C,0.12
YNR048W,0.12
YNR052C,0.12
YBR183W,0.12
YJR135C,0.12
YBR235W,0.12
YOL046C,0.12
YNL047C,0.12
YCL051W,0.12
YOL036W,0.12
YNL042W,0.12
YCL063W,0.12
YCL069W,0.12
YBR297W,0.12
YKL176C,0.12
YBR292C,0.12
YNL026W,0.12
YNL024C-A,0.12
YBR289W,0.12
YBR288C,0.12
YBR280C,0.12
YNL020C,0.12
YBR278W,0.12
YBR276C,0.12
YNL017C,0.12
YBR275C,0.12
YPR161C,0.12
YBR266C,0.12
YJR127C,0.12
YNL012W,0.12
YNL008C,0.12
YOL043C,0.12
YNL003C,0.12
YBR246W,0.12
YLR035C,0.12
YKL183W,0.12
YKL185W,0.12
Q0050,0.12
YBR022W,0.12
YBR007C,0.12
YBR001C,0.12
YBL006W-A,0.12
YKL034W,0.12
YOL129W,0.12
YBL010C,0.12
YBL106C,0.12
YBL014C,0.12
YBL019W,0.12
YBL029W,0.12
YBL029C-A,0.12
YOL118C,0.12
YBL101C,0.12
YKL198C,0.12
YBL055C,0.12
YOL085W-A,0.12
YBL062W,0.12
YOL101C,0.12
YBL071C,0.12
YOL099C,0.12
YOL097W-A,0.12
YBL095W,0.12
YBL094C,0.12
YOL093W,0.12
YBL084C,0.12
YBL086C,0.12
YKL220C,0.12
YCL046W,0.12
YBR033W,0.12
Q0255,0.12
YNR059W,0.12
YBR121C-A,0.12
YNR063W,0.12
Q0060,0.12
YOL067C,0.12
Q0065,0.12
YNR068C,0.12
YBR107C,0.12
YBR105C,0.12
YBR104W,0.12
Q0070,0.12
YOL070C,0.12
YKL225W,0.12
YBR083W,0.12
YBR074W,0.12
YOL164W,0.12
YOL162W,0.12
YOL160W,0.12
YOL159C-A,0.12
YBR066C,0.12
YKL031W,0.12
YKL187C,0.12
YBR058C-A,0.12
YBR057C,0.12
YKL188C,0.12
YKL033W,0.12
YBR043C,0.12
YOL078W,0.12
YNL254C,0.12
YJR111C,0.12
YNL054W,0.12
YDL090C,0.12
YDL098C,0.12
YNL194C,0.12
YDL107W,0.12
YDL108W,0.12
YDL111C,0.12
YDL123W,0.12
YPR095C,0.12
YKL053C-A,0.12
YDL138W,0.12
YOL002C,0.12
YDL144C,0.12
YJR062C,0.12
YOL003C,0.12
YKR004C,0.12
YNL174W,0.12
YNL172W,0.12
YDL159W,0.12
YNL164C,0.12
YDL179W,0.12
YDL186W,0.12
YDL189W,0.12
YNL158W,0.12
YPR115W,0.12
YDL197C,0.12
YNL152W,0.12
YDL154W,0.12
YPR093C,0.12
YDL076C,0.12
YDL063C,0.12
YPR056W,0.12
YDR030C,0.12
YDR027C,0.12
YNL245C,0.12
YDR015C,0.12
YPR059C,0.12
YNL242W,0.12
YDR014W,0.12
YDR008C,0.12
YDR007W,0.12
YNL237W,0.12
YDR005C,0.12
YDL006W,0.12
YNL232W,0.12
YDL007C-A,0.12
YOR012W,0.12
YNL229C,0.12
YPR068C,0.12
YNL221C,0.12
YDL024C,0.12
YDL027C,0.12
YDL032W,0.12
YNL214W,0.12
YDL035C,0.12
YNL210W,0.12
YDL049C,0.12
YPR085C,0.12
YDL202W,0.12
YDL203C,0.12
YPR116W,0.12
YDL224C,0.12
YNL101W,0.12
YCR047W-A,0.12
YCR045C,0.12
YCR041W,0.12
YCR038C,0.12
YNL090W,0.12
YCR033W,0.12
YCR032W,0.12
YPR136C,0.12
YPR141C,0.12
YCR026C,0.12
YKL173W,0.12
YNL081C,0.12
YCR020W-B,0.12
YNL076W,0.12
YOL028C,0.12
YKL174C,0.12
YCR001W,0.12
YNL068C,0.12
YNL067W-A,0.12
YPR147C,0.12
YCL004W,0.12
YCL016C,0.12
YKL049C,0.12
YPR151C,0.12
YCL032W,0.12
YCL033C,0.12
YCR049C,0.12
YCL038C,0.12
YNL103W,0.12
YKL171W,0.12
YDL227C,0.12
YDL230W,0.12
YDL233W,0.12
YKL002W,0.12
YOL014W,0.12
YPR117W,0.12
YJR079W,0.12
YPR119W,0.12
YDL247W,0.12
YCR108C,0.12
YCR106W,0.12
YCR102W-A,0.12
YKL003C,0.12
YCR100C,0.12
YNL128W,0.12
YNL127W,0.12
YNL126W,0.12
YCR092C,0.12
YOL018C,0.12
YOL019W-A,0.12
YPR124W,0.12
YJR090C,0.12
YCR073W-A,0.12
YKL169C,0.12
YCR068W,0.12
YNL107W,0.12
YJR093C,0.12
YCR061W,0.12
YKL168C,0.12
YBL091C-A,0.12
YMR252C,0.12
YJL217W,0.12
YLR334C,0.12
YGR236C,0.12
YOR194C,0.12
YPL277C,0.12
YGR226C,0.12
YPL270W,0.12
YLL035W,0.12
YLL036C,0.12
YGR216C,0.12
YLR350W,0.12
YLR351C,0.12
YGR215W,0.12
YGR213C,0.12
YLR332W,0.12
YGR204C-A,0.12
YKL116C,0.12
YLR360W,0.12
YPL257W,0.12
YLR361C-A,0.12
YGR179C,0.12
YPL254W,0.12
YGR169C,0.12
YLR368W,0.12
YGR168C,0.12
YGR166W,0.12
YGR164W,0.12
YGR163W,0.12
YGR156W,0.12
YLR375W,0.12
YPL264C,0.12
YGR248W,0.12
YGR251W,0.12
YGR252W,0.12
YAR029W,0.12
YHR032W,0.12
YLR271W,0.12
YHR021W-A,0.12
YHR014W,0.12
YHR007C-A,0.12
YHR006W,0.12
YHR004C,0.12
YLR284C,0.12
YOR376W-A,0.12
YHL012W,0.12
YHL018W,0.12
YHL019C,0.12
YAR060C,0.12
YHL031C,0.12
YHL030W-A,0.12
YHL036W,0.12
YLR323C,0.12
YGR275W,0.12
YLL030C,0.12
YOR392W,0.12
YLR312W-A,0.12
YLR312C,0.12
YLL042C,0.12
YGR290W,0.12
YHL048W,0.12
YHL046W-A,0.12
YLR302C,0.12
YOR381W,0.12
YOR201C,0.12
YLR299W,0.12
YLR307W,0.12
YAR028W,0.12
YLR376C,0.12
YGR141W,0.12
YPL224C,0.12
YGR014W,0.12
YLR446W,0.12
YPL216W,0.12
YLR451W,0.12
YGR003W,0.12
YGR002C,0.12
YGL004C,0.12
YLR456W,0.12
YGL005C,0.12
YLR457C,0.12
YLR459W,0.12
YMR253C,0.12
YGL017W,0.12
YLR442C,0.12
YJL170C,0.12
YLL063C,0.12
YGL050W,0.12
YPL201C,0.12
YGL056C,0.12
YPL196W,0.12
YPL194W,0.12
YPL193W,0.12
YGL073W,0.12
YPL189W,0.12
YML121W,0.12
YOR159C,0.12
YGL091C,0.12
YKR105C,0.12
YML114C,0.12
YGL047W,0.12
YJL175W,0.12
YPL230W,0.12
YGR025W,0.12
YGR136W,0.12
YKL079W,0.12
YGR127W,0.12
YGR125W,0.12
YGR121W-A,0.12
YGR115C,0.12
YOR179C,0.12
YGR112W,0.12
YLR396C,0.12
YGR104C,0.12
YLL044W,0.12
YGR095C,0.12
YLR405W,0.12
YPL248C,0.12
YLL046C,0.12
YLR407W,0.12
YLR408C,0.12
YGR028W,0.12
YJL180C,0.12
YGR040W,0.12
YGR041W,0.12
YGR042W,0.12
YGR046W,0.12
YJL202C,0.12
YGR048W,0.12
YPL236C,0.12
YOR172W,0.12
YLR422W,0.12
YGR064W,0.12
YLR412W,0.12
YGR078C,0.12
YLR425W,0.12
YKR104W,0.12
YHR045W,0.12
YOR365C,0.12
YIL093C,0.12
YOR250C,0.12
YIL102C,0.12
YLR116W,0.12
YOR249C,0.12
YAL034C,0.12
YAL031W-A,0.12
YIL127C,0.12
YLR127C,0.12
YLR128W,0.12
YOR246C,0.12
YLR130C,0.12
YLR131C,0.12
YLR132C,0.12
YIL090W,0.12
YIL132C,0.12
YLR138W,0.12
YAL031C,0.12
YLR016C,0.12
YOR309C,0.12
YOR242C,0.12
YIL150C,0.12
YLR014C,0.12
YLR013W,0.12
YIL156W,0.12
YIL158W,0.12
YOR314W-A,0.12
YAL024C,0.12
YHR219W,0.12
YAL022C,0.12
YOR307C,0.12
YIL089W,0.12
YIL088C,0.12
YLR105C,0.12
YIR042C,0.12
YIR036W-A,0.12
YIR023W,0.12
YIR021W,0.12
YKL095W,0.12
YLR053C,0.12
YLR055C,0.12
YIR011C,0.12
YIR005W,0.12
YOR289W,0.12
YIL001W,0.12
YLR063W,0.12
YIL002C,0.12
YLR065C,0.12
YLR067C,0.12
YIL007C,0.12
YIL014C-A,0.12
YOR300W,0.12
YIL073C,0.12
YIL064W,0.12
YLR095C,0.12
YLR094C,0.12
YLR093C,0.12
YLR006C,0.12
YOR255W,0.12
YLR084C,0.12
YAL042W,0.12
YOR296W,0.12
YIL027C,0.12
YIL015W,0.12
YLR072W,0.12
YLR088W,0.12
YHR050W-A,0.12
YHR212C,0.12
YLR157W-E,0.12
YHR134W,0.12
YHR131W-A,0.12
YLR219W,0.12
YLR220W,0.12
YHR127W,0.12
YHR124W,0.12
YHR123W,0.12
YLR224W,0.12
YHR120W,0.12
YLR228C,0.12
YHR111W,0.12
YOR220W,0.12
YLL010C,0.12
YHR102W,0.12
YHR142W,0.12
YHR097C,0.12
YAL001C,0.12
YHR086W,0.12
YLR245C,0.12
YLL014W,0.12
YKL105C,0.12
YHR080C,0.12
YHR079C,0.12
YOR357C,0.12
YOR214C,0.12
YKL088W,0.12
YHR067W,0.12
YAR008W,0.12
YAR014C,0.12
YKL107W,0.12
YHR093W,0.12
YAL008W,0.12
YLR205C,0.12
YHR147C,0.12
YHR199C,0.12
YLR001C,0.12
YOR324C,0.12
YAL015C,0.12
YLR164W,0.12
YHR187W,0.12
YOR233W,0.12
YHR181W,0.12
YLR171W,0.12
YLR170C,0.12
YKL090W,0.12
YHR180W,0.12
YLR176C,0.12
YLR177W,0.12
YHR177W,0.12
YLR181C,0.12
YOR330C,0.12
YHR149C,0.12
YLL007C,0.12
YHR151C,0.12
YHR152W,0.12
YAL010C,0.12
YLR194C,0.12
YHR209W,0.12
YHR161C,0.12
YHR164C,0.12
YLR188W,0.12
YHR166C,0.12
YHR167W,0.12
YHR168W,0.12
YLL005C,0.12
YLL006W,0.12
YGL093W,0.12
YGL010W,0.12
YPL183W-A,0.12
YER084W-A,0.12
YER083C,0.12
YER077C,0.12
YJL067W,0.12
YMR094W,0.12
YPL096W,0.12
YJL064W,0.12
YER061C,0.12
YOR098C,0.12
YPL089C,0.12
YER046W-A,0.12
YER046W,0.12
YER044C-A,0.12
YMR106C,0.12
YPL083C,0.12
YER039C,0.12
YMR111C,0.12
YMR113W,0.12
YJL062W,0.12
YJL059W,0.12
YER023C-A,0.12
YJL058C,0.12
YKR063C,0.12
YER014W,0.12
YOR094W,0.12
YER010C,0.12
YBL088C,0.12
YER007W,0.12
YER005W,0.12
YJL071W,0.12
YMR088C,0.12
YKR068C,0.12
YKR069W,0.12
YJL093C,0.12
YER169W,0.12
YPL108W,0.12
YOR112W,0.12
YMR043W,0.12
YER161C,0.12
YPL103C,0.12
YMR047C,0.12
YOR110W,0.12
YPL101W,0.12
YKR077W,0.12
YMR053C,0.12
YMR056C,0.12
YER144C,0.12
YER004W,0.12
YER143W,0.12
YOR107W,0.12
YMR064W,0.12
YMR065W,0.12
YGL104C,0.12
YPL099C,0.12
YER132C,0.12
YER129W,0.12
YPL098C,0.12
YOR104W,0.12
YKL070W,0.12
YER093C-A,0.12
YJL075C,0.12
YJL072C,0.12
YMR086W,0.12
YMR060C,0.12
YOR114W,0.12
YEL005C,0.12
YEL017W,0.12
YKR051W,0.12
YDR443C,0.12
YPL047W,0.12
YDR435C,0.12
YPL045W,0.12
YMR207C,0.12
YPL042C,0.12
YDR421W,0.12
YJL011C,0.12
YDR410C,0.12
YDR409W,0.12
YDR408C,0.12
YPL039W,0.12
YDR387C,0.12
YDR386W,0.12
YOR070C,0.12
YDR379W,0.12
YDR370C,0.12
YDR359C,0.12
YJL005W,0.12
YDR349C,0.12
YMR240C,0.12
YDR338C,0.12
YOR066W,0.12
YDR332W,0.12
YJR001W,0.12
YPL029W,0.12
YPL022W,0.12
YDR319C,0.12
YDR448W,0.12
YMR191W,0.12
YDR459C,0.12
YJL020W-A,0.12
YEL018W,0.12
YEL020C,0.12
YMR137C,0.12
YJL051W,0.12
YEL038W,0.12
YMR141W-A,0.12
YJL047C,0.12
YJL046W,0.12
YEL064C,0.12
YEL072W,0.12
YMR151W,0.12
YEL076C,0.12
YMR154C,0.12
YJL035C,0.12
YPL072W,0.12
YKL068W-A,0.12
YDR521W,0.12
YMR163C,0.12
YPL060W,0.12
YJL030W,0.12
YDR499W,0.12
YMR171C,0.12
YDR495C,0.12
YKR053C,0.12
YDR493W,0.12
YMR175W-A,0.12
YOR079C,0.12
YKR052C,0.12
YKL139W,0.12
YOR077W,0.12
YDR520C,0.12
YMR036C,0.12
YMR066W,0.12
YOR115C,0.12
YGL216W,0.12
YGL219C,0.12
YPL161C,0.12
YOR139C,0.12
YGL236C,0.12
YGL235W,0.12
YGL237C,0.12
YGL243W,0.12
YJL132W,0.12
YGL248W,0.12
YGL251C,0.12
YJL131C,0.12
YML046W,0.12
YGL211W,0.12
YGL263W,0.12
YJL127C,0.12
YML031C-A,0.12
YOR137C,0.12
YPL155C,0.12
YPL153C,0.12
YFR036W-A,0.12
YOR134W,0.12
YJL126W,0.12
YML020W,0.12
YFR029W,0.12
YML018C,0.12
YPL152W-A,0.12
YML014W,0.12
YML038C,0.12
YPL162C,0.12
YGL194C-A,0.12
YGL194C,0.12
YGL109W,0.12
YGL113W,0.12
YPL181W,0.12
YPL180W,0.12
YPL177C,0.12
YKR103W,0.12
YKR099W,0.12
YPL175W,0.12
YGL134W,0.12
YGL138C,0.12
YML095C,0.12
YGL140C,0.12
YPL174C,0.12
YGL160W,0.12
YGL161C,0.12
YML088W,0.12
YOR149C,0.12
YGL164C,0.12
YML084W,0.12
YGL166W,0.12
YPL169C,0.12
YML077W,0.12
YGL176C,0.12
YGL177W,0.12
YJL141C,0.12
YGL183C,0.12
YGL186C,0.12
YPL166W,0.12
YPL164C,0.12
YPL149W,0.12
YFR010W-A,0.12
YKR089C,0.12
YFL050C,0.12
YER183C,0.12
YPL140C,0.12
YJL112W,0.12
YFL055W,0.12
YJL099W,0.12
YFL030W,0.12
YML003W,0.12
YPL119C,0.12
YFL021W,0.12
YMR024W,0.12
YMR016C,0.12
YFL027C,0.12
YFL061W,0.12
YMR018W,0.12
YJL103C,0.12
YER182W,0.12
YMR005W,0.12
YFR003C,0.12
YMR034C,0.12
YJL095W,0.12
YPL148C,0.12
YPL134C,0.12
YFR005C,0.12
YJL119C,0.12
YMR023C,0.12
YML005W,0.12
YMR007W,0.12
YFL054C,0.12
YPR100W,0.13
YOR371C,0.13
YPL051W,0.13
YPL052W,0.13
YPR096C,0.13
YPR169W-A,0.13
YPR120C,0.13
YPR099C,0.13
YPL167C,0.13
YPL120W,0.13
YKL191W,0.13
YKL096C-B,0.13
YKL108W,0.13
YKL101W,0.13
YPL040C,0.13
YOR277C,0.13
YOR279C,0.13
YPL024W,0.13
YPL188W,0.13
YPR160W-A,0.13
YPL014W,0.13
YPR045C,0.13
YPR105C,0.13
YOR284W,0.13
YPL110C,0.13
YPR049C,0.13
YPL189C-A,0.13
YPL035C,0.13
YPL112C,0.13
YPL034W,0.13
YPL199C,0.13
YOR373W,0.13
YPL272C,0.13
YPL006W,0.13
YOR298W,0.13
YKL197C,0.13
YKL151C,0.13
YPR164W,0.13
YPL202C,0.13
YPR162C,0.13
YOR308C,0.13
YPR155C,0.13
YPR009W,0.13
YOR349W,0.13
YPR046W,0.13
YOR329C,0.13
YPR025C,0.13
YPR083W,0.13
YPR081C,0.13
YKL155C,0.13
YPR079W,0.13
YKL162C-A,0.13
YPL141C,0.13
YOR350C,0.13
YOR347C,0.13
YPL252C,0.13
YPR201W,0.13
YPL147W,0.13
YOR346W,0.13
YPR022C,0.13
YKL179C,0.13
YPR188C,0.13
YPR186C,0.13
YPR020W,0.13
YOR338W,0.13
YKL161C,0.13
YPL249C,0.13
YPL128C,0.13
YPL073C,0.13
YPL139C,0.13
YPL059W,0.13
YOR363C,0.13
YPL269W,0.13
YKL131W,0.13
YKL170W,0.13
YPL138C,0.13
YOR313C,0.13
YKL160W,0.13
YPL064C,0.13
YPL066W,0.13
YKL133C,0.13
YPL071C,0.13
YPR030W,0.13
YKL119C,0.13
YPR007C,0.13
YPL241C,0.13
YKL137W,0.13
YPL242C,0.13
YPL268W,0.13
YPL246C,0.13
YOR328W,0.13
YKL178C,0.13
YPR008W,0.13
YPR177C,0.13
Q0115,0.13
YLR036C,0.13
YDR245W,0.13
YBL083C,0.13
YGL119W,0.13
YJL156C,0.13
YGL131C,0.13
YGL144C,0.13
YGL162W,0.13
YJL147C,0.13
YGL175C,0.13
YGL184C,0.13
YGL185C,0.13
YGL190C,0.13
YGL192W,0.13
YGL197W,0.13
YGL218W,0.13
YGL222C,0.13
YFR048W,0.13
YFR045W,0.13
YFR043C,0.13
YFR039C,0.13
YFR037C,0.13
YGL117W,0.13
YFR036W,0.13
YJL157C,0.13
YGL108C,0.13
YJL187C,0.13
YGR058W,0.13
YGR056W,0.13
YGR024C,0.13
YGR016W,0.13
YGR013W,0.13
YGR009C,0.13
YGR006W,0.13
YGL019W,0.13
YGL053W,0.13
YGL061C,0.13
YJL165C,0.13
YGL064C,0.13
YGL066W,0.13
YGL071W,0.13
YGL080W,0.13
YGL085W,0.13
YGL090W,0.13
YGL092W,0.13
YGL111W,0.13
YFR028C,0.13
YFR021W,0.13
YFR017C,0.13
YJL081C,0.13
YER135C,0.13
YER116C,0.13
YER114C,0.13
YER105C,0.13
YER099C,0.13
YER087W,0.13
YER071C,0.13
YER064C,0.13
YER051W,0.13
YER047C,0.13
YER041W,0.13
YER019W,0.13
YER013W,0.13
YEL009C-A,0.13
YEL012W,0.13
YEL023C,0.13
YEL025C,0.13
YEL062W,0.13
YER142C,0.13
YJL084C,0.13
YER149C,0.13
YER158C,0.13
YFR008W,0.13
YFL002C,0.13
YFL013C,0.13
YFL013W-A,0.13
YFL025C,0.13
YFL033C,0.13
YJL107C,0.13
YFL042C,0.13
YFL046W,0.13
YGR070W,0.13
YFL062W,0.13
YJL102W,0.13
YER188W,0.13
YER184C,0.13
YER180C,0.13
YJL094C,0.13
YER172C,0.13
YJL092W,0.13
YER162C,0.13
YJL091C,0.13
YFL064C,0.13
YGR071C,0.13
YGR074W,0.13
YGR077C,0.13
YAL030W,0.13
YIL164C,0.13
YIL166C,0.13
YAL017W,0.13
YHR198C,0.13
YHR195W,0.13
YHR192W,0.13
YHR186C,0.13
YHR185C,0.13
YHR182W,0.13
YHR180C-B,0.13
YHR178W,0.13
YHR175W,0.13
YHR172W,0.13
YHR160C,0.13
YHR154W,0.13
YHR144C,0.13
YHR140W,0.13
YHR131C,0.13
YIL147C,0.13
YIL146C,0.13
YIL145C,0.13
YIL135C,0.13
YIR039C,0.13
YIR027C,0.13
YIR018W,0.13
YIR007W,0.13
YIR003W,0.13
YIL025C,0.13
YAL047W-A,0.13
YAL043C,0.13
YIL050W,0.13
YHR122W,0.13
YAL041W,0.13
YIL072W,0.13
YIL077C,0.13
YIL079C,0.13
YIL098C,0.13
YIL101C,0.13
YIL105C,0.13
YIL114C,0.13
YIL129C,0.13
YIL131C,0.13
YIL062C,0.13
YEL068C,0.13
YHR118C,0.13
YHR109W,0.13
YGR233C,0.13
YGR228W,0.13
YGR227W,0.13
YGR225W,0.13
YGR223C,0.13
YGR212W,0.13
YGR210C,0.13
YGR199W,0.13
YGR198W,0.13
YGR197C,0.13
YGR196C,0.13
YGR170W,0.13
YGR169C-A,0.13
YJL196C,0.13
YJL194W,0.13
YGR129W,0.13
YGR117C,0.13
YGR113W,0.13
YGR079W,0.13
YGR258C,0.13
YGR278W,0.13
YGR283C,0.13
YGR295C,0.13
YHR101C,0.13
YAL002W,0.13
YHR083W,0.13
YHR075C,0.13
YHR073W,0.13
YAR003W,0.13
YHR069C,0.13
YHR058C,0.13
YHR054W-A,0.13
YHR110W,0.13
YHR052W-A,0.13
YAR027W,0.13
YHR022C-A,0.13
YHR022C,0.13
YHR003C,0.13
YHL002W,0.13
YHL014C,0.13
YHL045W,0.13
YHL047C,0.13
YHL049C,0.13
YHR036W,0.13
YDR543C,0.13
YDR538W,0.13
YDR524W-C,0.13
YCR028C,0.13
YJR097W,0.13
YCR023C,0.13
YCR018C,0.13
YCR007C,0.13
YJR102C,0.13
YCL007C,0.13
YJR107W,0.13
YCL023C,0.13
YCL029C,0.13
YCL039W,0.13
YCL044C,0.13
YCL052C,0.13
YCL065W,0.13
YBR302C,0.13
YBR294W,0.13
YJR126C,0.13
YBR261C,0.13
YBR259W,0.13
YCR052W,0.13
YCR063W,0.13
YCR067C,0.13
YCR073C,0.13
YDL155W,0.13
YDL156W,0.13
YDL159C-B,0.13
YDL165W,0.13
YDL170W,0.13
YDL175C,0.13
YDL181W,0.13
YDL194W,0.13
YDL196W,0.13
YBR257W,0.13
YDL200C,0.13
YJR078W,0.13
YDL238C,0.13
YDL239C,0.13
YDL242W,0.13
YCR094W,0.13
YCR091W,0.13
YCR089W,0.13
YCR087C-A,0.13
YJR089W,0.13
YDL214C,0.13
YDL149W,0.13
YJR130C,0.13
YBR239C,0.13
YBR099C,0.13
YBR073W,0.13
YBR072C-A,0.13
YKL222C,0.13
YBR063C,0.13
YBR055C,0.13
YBR044C,0.13
YBR042C,0.13
YBR040W,0.13
YKL219W,0.13
YBL008W,0.13
YKL213C,0.13
YBL031W,0.13
YKL209C,0.13
YBL046W,0.13
YBL052C,0.13
YBL057C,0.13
YKL207W,0.13
YBL080C,0.13
YBR102C,0.13
YBR111W-A,0.13
YBR113W,0.13
YJR160C,0.13
YBR237W,0.13
YBR233W,0.13
YBR211C,0.13
YJR141W,0.13
YBR199W,0.13
YBR198C,0.13
YBR195C,0.13
YBR194W,0.13
YBR170C,0.13
YBR243C,0.13
YBR163W,0.13
YBR158W,0.13
YBR157C,0.13
YBR156C,0.13
YJR154W,0.13
YBR138C,0.13
YBR131W,0.13
YJR157W,0.13
YBR125C,0.13
YBR120C,0.13
YBR161W,0.13
YBL085W,0.13
YDL141W,0.13
YDL127W,0.13
YDR323C,0.13
YJR003C,0.13
YDR320W-B,0.13
YDR318W,0.13
YDR317W,0.13
YDR310C,0.13
YDR295C,0.13
YDR286C,0.13
YJR004C,0.13
YDR279W,0.13
YDR268W,0.13
YDR267C,0.13
YDR264C,0.13
YDR263C,0.13
YDR259C,0.13
YDR251W,0.13
YOR275C,0.13
YDR242W,0.13
YDR235W,0.13
YDR325W,0.13
YDR331W,0.13
YDR336W,0.13
YDR337W,0.13
YDR517W,0.13
YJL029C,0.13
YDR494W,0.13
YJL025W,0.13
YDR473C,0.13
YDR472W,0.13
YJL023C,0.13
YDR458C,0.13
YDR451C,0.13
YJR015W,0.13
YJL019W,0.13
YJL013C,0.13
YDR422C,0.13
YDR416W,0.13
YDR413C,0.13
YDR389W,0.13
YDR384C,0.13
YDR381C-A,0.13
YDR378C,0.13
YJL007C,0.13
YDR440W,0.13
YDL133W,0.13
YDR197W,0.13
YDR183W,0.13
YDR041W,0.13
YDR034C,0.13
YDR014W-A,0.13
YDR013W,0.13
YDR003W-A,0.13
YDL011C,0.13
YDL012C,0.13
YJR049C,0.13
YDL017W,0.13
YDL030W,0.13
YDL036C,0.13
YDL047W,0.13
YDL053C,0.13
YDL056W,0.13
YJR054W,0.13
YJR055W,0.13
YJR061W,0.13
YDL109C,0.13
YDL115C,0.13
YJR042W,0.13
YDR067C,0.13
YDR075W,0.13
YDR081C,0.13
YDR181C,0.13
YDR179W-A,0.13
YDR176W,0.13
YJR022W,0.13
YDR147W,0.13
YDR141C,0.13
YDR132C,0.13
YDR131C,0.13
YJR031C,0.13
YDR186C,0.13
YDR125C,0.13
YDR113C,0.13
YDR110W,0.13
YDR108W,0.13
YDR107C,0.13
YDR104C,0.13
YJR035W,0.13
YDR092W,0.13
YDR089W,0.13
YDR085C,0.13
YDR122W,0.13
YOR268C,0.13
YBR133C,0.13
YPR032W,0.13
YMR101C,0.13
YMR100W,0.13
YOR058C,0.13
YMR073C,0.13
YMR070W,0.13
YMR044W,0.13
YKR078W,0.13
YOR073W,0.13
YMR037C,0.13
YMR032W,0.13
YMR031W-A,0.13
YOR076C,0.13
YOR078W,0.13
YMR025W,0.13
YMR019W,0.13
YMR017W,0.13
YKR085C,0.13
YMR003W,0.13
YML002W,0.13
YOR054C,0.13
YMR102C,0.13
YMR104C,0.13
YMR114C,0.13
YMR168C,0.13
YMR167W,0.13
YOR026W,0.13
YMR165C,0.13
YMR164C,0.13
YMR162C,0.13
YMR161W,0.13
YMR160W,0.13
YOR032C,0.13
YKR086W,0.13
YMR159C,0.13
YOR034C,0.13
YOR034C-A,0.13
YKR054C,0.13
YOR035C,0.13
YOR038C,0.13
YMR134W,0.13
YMR133W,0.13
YMR130W,0.13
YMR115W,0.13
YMR158W,0.13
YML009C,0.13
YML017W,0.13
YML019W,0.13
YLL061W,0.13
YOR144C,0.13
YOR147W,0.13
YOR148C,0.13
YLR462W,0.13
YLR455W,0.13
YOR154W,0.13
YLR440C,0.13
YLL049W,0.13
YML132W,0.13
YLR424W,0.13
YLR400W,0.13
YLR399C,0.13
YLR397C,0.13
YLR393W,0.13
YLR390W,0.13
YLR382C,0.13
YLR361C,0.13
YLL037W,0.13
YLR348C,0.13
YOR161C,0.13
YMR176W,0.13
YML127W,0.13
YKL074C,0.13
YML027W,0.13
YML029W,0.13
YOR100C,0.13
YML032C,0.13
YML034W,0.13
YKR090W,0.13
YML049C,0.13
YOR113W,0.13
YML054C-A,0.13
YOR140W,0.13
YML061C,0.13
YML068W,0.13
YKR096W,0.13
YKR098C,0.13
YOR127W,0.13
YML104C,0.13
YML107C,0.13
YOR129C,0.13
YKL072W,0.13
YML117W,0.13
YOR118W,0.13
YOR170W,0.13
YOR017W,0.13
YKR050W,0.13
YNL097C,0.13
YNL106C,0.13
YNL116W,0.13
YNL118C,0.13
YNL129W,0.13
YNL136W,0.13
YOL095C,0.13
YNL143C,0.13
YNL144C,0.13
YNL144W-A,0.13
YNL146W,0.13
YNL146C-A,0.13
YNL162W-A,0.13
YOL087C,0.13
YNL166C,0.13
YNL171C,0.13
YOL083W,0.13
YNL180C,0.13
YKR010C,0.13
YNL095C,0.13
YNL093W,0.13
YNL091W,0.13
YNL083W,0.13
YNR077C,0.13
YNR075W,0.13
YOL138C,0.13
YNR032W,0.13
YNR014W,0.13
YNR011C,0.13
YNR010W,0.13
YNR008W,0.13
YNL006W,0.13
YNL200C,0.13
YNL011C,0.13
YNL034W,0.13
YOL114C,0.13
YNL050C,0.13
YKL012W,0.13
YNL074C,0.13
YKL041W,0.13
YNL082W,0.13
YOL105C,0.13
YOL104C,0.13
YOL117W,0.13
YOL075C,0.13
YNL204C,0.13
YOL068C,0.13
YOL025W,0.13
YMR326C,0.13
YKR035W-A,0.13
YMR306W,0.13
YKR035C,0.13
YMR288W,0.13
YOL017W,0.13
YMR283C,0.13
YMR280C,0.13
YNL335W,0.13
YMR273C,0.13
YMR257C,0.13
YKR041W,0.13
YOR001W,0.13
YMR234W,0.13
YMR232W,0.13
YMR228W,0.13
YKL055C,0.13
YMR218C,0.13
YMR210W,0.13
YMR258C,0.13
YMR192W,0.13
YOL029C,0.13
YOL033W,0.13
YNL213C,0.13
YNL217W,0.13
YOL063C,0.13
YNL218W,0.13
YNL230C,0.13
YNL234W,0.13
YNL236W,0.13
YNL249C,0.13
YNL257C,0.13
YNL320W,0.13
YNL260C,0.13
YKR021W,0.13
YKR022C,0.13
YOL042W,0.13
YNL288W,0.13
YNL291C,0.13
YNL292W,0.13
YNL297C,0.13
YNL298W,0.13
YKL047W,0.13
YOL048C,0.13
YLR346C,0.13
YOL149W,0.13
YOR264W,0.13
YLR077W,0.13
YLR126C,0.13
YLL004W,0.13
YOR212W,0.13
YLR298C,0.13
YLR266C,0.13
YLR135W,0.13
YLR047C,0.13
YOR258W,0.13
YLR265C,0.13
YOR256C,0.13
YLR306W,0.13
YLR307C-A,0.13
YLR310C,0.13
YLR024C,0.13
YLR187W,0.13
YLR107W,0.13
YLR227C,0.13
YOR186W,0.13
YLR212C,0.13
YLR275W,0.13
YLR118C,0.13
YOR188W,0.13
YLR210W,0.13
YLR117C,0.13
YLR031W,0.13
YLR115W,0.13
YLR272C,0.13
YLR030W,0.13
YLR074C,0.13
YLR021W,0.13
YOR263C,0.13
YLR226W,0.13
YLR054C,0.13
YLR189C,0.13
YLR015W,0.13
YOR193W,0.13
YLR045C,0.13
YLR324W,0.13
YLR253W,0.13
YLR096W,0.13
YLR103C,0.13
YLR240W,0.13
YOR245C,0.13
YLR239C,0.13
YLR154W-F,0.13
YLR243W,0.13
YLR260W,0.13
YLR320W,0.13
YLL018C-A,0.13
YLR319C,0.13
YLR104W,0.13
YLR082C,0.13
YLR087C,0.13
YLR162W-A,0.13
YDL079C,0.14
YJR043C,0.14
YLR100W,0.14
YDR022C,0.14
YDR020C,0.14
YNL246W,0.14
YDR031W,0.14
YNL215W,0.14
YDR034C-A,0.14
YDR045C,0.14
YDR049W,0.14
YDL085W,0.14
YDR052C,0.14
YDR058C,0.14
YIL068C,0.14
YJR041C,0.14
YDR065W,0.14
YJR040W,0.14
YDL088C,0.14
YJR060W,0.14
YDR019C,0.14
YNL202W,0.14
YDL074C,0.14
YKR015C,0.14
YDL020C,0.14
YDL018C,0.14
YNL224C,0.14
YNL225C,0.14
YIL095W,0.14
YNL233W,0.14
YNL258C,0.14
YJR052W,0.14
YDL003W,0.14
YDL001W,0.14
YIL096C,0.14
YDL044C,0.14
YIL097W,0.14
YDL045C,0.14
YDL045W-A,0.14
YDR009W,0.14
YNL211C,0.14
YDL048C,0.14
YNL243W,0.14
YDR017C,0.14
YLR026C,0.14
YIL086C,0.14
YDR018C,0.14
YDL073W,0.14
YNL201C,0.14
YDR072C,0.14
YGR224W,0.14
YNL271C,0.14
YIL159W,0.14
YDR255C,0.14
YJR008W,0.14
YMR284W,0.14
YLR149C,0.14
YMR294W,0.14
YJR011C,0.14
YIL160C,0.14
YDR236C,0.14
YLR148W,0.14
YDR218C,0.14
YIL151C,0.14
YDR208W,0.14
YDR207C,0.14
YDR202C,0.14
YMR324C,0.14
YDR227W,0.14
YIL144W,0.14
YIL161W,0.14
YDR270W,0.14
YMR255W,0.14
YDR314C,0.14
YLR010C,0.14
YDR308C,0.14
YDR307W,0.14
YMR259C,0.14
YMR267W,0.14
YDR265W,0.14
YDR283C,0.14
YMR271C,0.14
YDR280W,0.14
YJR005W,0.14
YMR272W-B,0.14
YLR154C,0.14
YDR273W,0.14
YMR275C,0.14
YMR270C,0.14
YIL104C,0.14
YLR139C,0.14
YDR180W,0.14
YLR121C,0.14
YIL115C,0.14
YLR022C,0.14
YAL032C,0.14
YJR033C,0.14
YIL112W,0.14
YKR025W,0.14
YKR026C,0.14
YNL284C,0.14
YDL089W,0.14
YNL278W,0.14
YIL108W,0.14
YNL277W,0.14
YDR103W,0.14
YLR119W,0.14
YDR100W,0.14
YNL283C,0.14
YNL337W,0.14
YNL299W,0.14
YNL310C,0.14
YNL336W,0.14
YLR136C,0.14
YNL334C,0.14
YDR175C,0.14
YNL330C,0.14
YNL323W,0.14
YNL322C,0.14
YNL306W,0.14
YDR159W,0.14
YNL321W,0.14
YIL128W,0.14
YDR149C,0.14
YDR146C,0.14
YDR144C,0.14
YLR020C,0.14
YNL311C,0.14
YDR157W,0.14
YLR098C,0.14
YDL150W,0.14
YDL092W,0.14
YNR009W,0.14
YJR138W,0.14
YLR049C,0.14
YBR216C,0.14
YBR214W,0.14
YJR140C,0.14
YBR207W,0.14
YIR024C,0.14
YNR015W,0.14
YNR024W,0.14
YBR193C,0.14
YNR026C,0.14
YNR028W,0.14
YJR149W,0.14
YBR185C,0.14
YAL061W,0.14
YNR029C,0.14
YNR007C,0.14
YNR006W,0.14
YKL018W,0.14
YNL018C,0.14
YBR273C,0.14
YIR013C,0.14
YBR272C,0.14
YJR124C,0.14
YNL013C,0.14
YNL009W,0.14
YBR258C,0.14
YNL005C,0.14
YBR251W,0.14
YBR250W,0.14
YJR131W,0.14
YKL019W,0.14
YNR003C,0.14
YBR225W,0.14
YNR031C,0.14
YLR033W,0.14
YNR033W,0.14
YLR042C,0.14
YBR097W,0.14
YJR162C,0.14
YLR039C,0.14
YOL166W-A,0.14
YBR077C,0.14
YBR076W,0.14
YOL165C,0.14
YBR071W,0.14
YOL159C,0.14
YBR062C,0.14
YBR061C,0.14
YBR060C,0.14
YOL152W,0.14
YBR050C,0.14
YNR074C,0.14
YJR161C,0.14
YBR109W-A,0.14
YBR110W,0.14
YBR179C,0.14
YBR176W,0.14
YBR166C,0.14
YNR044W,0.14
YBR150C,0.14
YNR047W,0.14
YBR146W,0.14
YBR282W,0.14
YKL026C,0.14
YBR136W,0.14
YBR135W,0.14
YBR132C,0.14
YBR129C,0.14
YBR123C,0.14
YNR060W,0.14
YNR066C,0.14
YBR140C,0.14
YNL022C,0.14
YNL023C,0.14
YNL025C,0.14
YDL172C,0.14
YDL177C,0.14
YDL185C-A,0.14
YNL153C,0.14
YIL045W,0.14
YIL038C,0.14
YAL044W-A,0.14
YDL218W,0.14
YIL036W,0.14
YAL047C,0.14
YDL231C,0.14
YAL048C,0.14
YDL240W,0.14
YJR080C,0.14
YCR107W,0.14
YIL056W,0.14
YDL167C,0.14
YDL161W,0.14
YNL169C,0.14
YNL197C,0.14
YDL099W,0.14
YDL110C,0.14
YDL113C,0.14
YDL117W,0.14
YKR009C,0.14
YJR066W,0.14
YCR097W,0.14
YJR067C,0.14
YDL139C,0.14
YAL021C,0.14
YDL152W,0.14
YKR005C,0.14
YNL173C,0.14
YIL058W,0.14
YDL159W-A,0.14
YNL183C,0.14
YDL091C,0.14
YJR085C,0.14
YIL024C,0.14
YJR108W,0.14
YKL010C,0.14
YIR004W,0.14
YNL051W,0.14
YLR059C,0.14
YNL048W,0.14
YKL013C,0.14
YCL049C,0.14
YLR057W,0.14
YCL054W-A,0.14
YNL041C,0.14
YCL061C,0.14
YNL039W,0.14
YJR116W,0.14
YBR296C-A,0.14
YCL021W-A,0.14
YCL014W,0.14
YCL005W-A,0.14
YCR011C,0.14
YCR065W,0.14
YNL105W,0.14
YAL051W,0.14
YCR051W,0.14
YIL022W,0.14
YCR044C,0.14
YCR042C,0.14
YKL004W,0.14
YIL021C-A,0.14
YCR024C,0.14
YLR071C,0.14
YIL014W,0.14
YIL010W,0.14
YCR020C-A,0.14
YNL077W,0.14
YLR032W,0.14
YIL020C-A,0.14
YDR322C-A,0.14
YMR227C,0.14
YMR239C,0.14
YLR273C,0.14
YML076C,0.14
YGL180W,0.14
YHR024C,0.14
YJL140W,0.14
YML065W,0.14
YGL196W,0.14
YJL139C,0.14
YJL137C,0.14
YGL209W,0.14
YHR028C,0.14
YML060W,0.14
YJL135W,0.14
YGL231C,0.14
YML055W,0.14
YML092C,0.14
YGL154C,0.14
YGL153W,0.14
YGL151W,0.14
YGL107C,0.14
YHL002C-A,0.14
YHR001W-A,0.14
YML109W,0.14
YGL110C,0.14
YLR278C,0.14
YGL116W,0.14
YHR030C,0.14
YHR015W,0.14
YGL128C,0.14
YGL130W,0.14
YML099C,0.14
YGL136C,0.14
YML097C,0.14
YGL139W,0.14
YGL143C,0.14
YJL155C,0.14
YML111W,0.14
YGL241W,0.14
YGL246C,0.14
YFR019W,0.14
YML013W,0.14
YFR013W,0.14
YHR057C,0.14
YML006C,0.14
YFL009W,0.14
YFL010C,0.14
YFL010W-A,0.14
YHR061C,0.14
YJL115W,0.14
YFL017C,0.14
YFL023W,0.14
YFL026W,0.14
YHR070W,0.14
YFL029C,0.14
YFR023W,0.14
YFR025C,0.14
YJL120W,0.14
YLL019C,0.14
YML051W,0.14
YHR031C,0.14
YGL249W,0.14
YLL022C,0.14
YGL252C,0.14
YGL254W,0.14
YJL129C,0.14
YML052W,0.14
YJL128C,0.14
YML037C,0.14
YML030W,0.14
YAR019C,0.14
YLL021W,0.14
YHR046C,0.14
YJL125C,0.14
YAR018C,0.14
YFR055W,0.14
YGL100W,0.14
YGL098W,0.14
YGL094C,0.14
YGR140W,0.14
YJL197W,0.14
YLR381W,0.14
YLR386W,0.14
YGR120C,0.14
YGR270W,0.14
YGR271C-A,0.14
YGR110W,0.14
YGR108W,0.14
YGR273C,0.14
YLL029W,0.14
YLR402W,0.14
YGR092W,0.14
YGR091W,0.14
YGR080W,0.14
YLL043W,0.14
YGR143W,0.14
YGR150C,0.14
YGR152C,0.14
YGR237C,0.14
YJL213W,0.14
YLR336C,0.14
YLR335W,0.14
YGR250C,0.14
YLR362W,0.14
YGR195W,0.14
YLR411W,0.14
YGR194C,0.14
YJL207C,0.14
YGR171C,0.14
YGR165W,0.14
YGR161C,0.14
YGR158C,0.14
YLR373C,0.14
YJL203W,0.14
YJL208C,0.14
YLR412C-A,0.14
YLR418C,0.14
YGR057C,0.14
YLR294C,0.14
YJL168C,0.14
YGL042C,0.14
YHL030W,0.14
YLR292C,0.14
YLL062C,0.14
YLL065W,0.14
YGL033W,0.14
YHL023C,0.14
YLR290C,0.14
YJL160C,0.14
YGL081W,0.14
YGL082W,0.14
YLR287C,0.14
YGL086W,0.14
YHL010C,0.14
YJL162C,0.14
YMR010W,0.14
YGL024W,0.14
YGL021W,0.14
YGR053C,0.14
YLR427W,0.14
YGR047C,0.14
YLR436C,0.14
YGR035C,0.14
YGR029W,0.14
YLR305C,0.14
YHL035C,0.14
YGR018C,0.14
YGR007W,0.14
YHL044W,0.14
YLR453C,0.14
YHL038C,0.14
YJL173C,0.14
YGL013C,0.14
YGL015C,0.14
YLL054C,0.14
YDR334W,0.14
YFL041W,0.14
YFL049W,0.14
YDR511W,0.14
YDR506C,0.14
YDR501W,0.14
YDR498C,0.14
YHR184W,0.14
YDR486C,0.14
YDR485C,0.14
YDR484W,0.14
YJL024C,0.14
YDR480W,0.14
YMR177W,0.14
YMR178W,0.14
YMR180C,0.14
YHR188C,0.14
YMR182C,0.14
YLR178C,0.14
YHR176W,0.14
YLR182W,0.14
YHR169W,0.14
YMR148W,0.14
YMR153C-A,0.14
YLR209C,0.14
YLR207W,0.14
YLR198C,0.14
YHR155W,0.14
YHR156C,0.14
YDR464W,0.14
YDR540C,0.14
YDR531W,0.14
YDR530C,0.14
YDR528W,0.14
YLR190W,0.14
YDR525W-A,0.14
YDR524C,0.14
YDR523C,0.14
YHR158C,0.14
YMR147W,0.14
YDR463W,0.14
YDR460W,0.14
YMR224C,0.14
YMR225C,0.14
YLR343W,0.14
YHR204W,0.14
YDR371W,0.14
YDR369C,0.14
YMR231W,0.14
YDR364C,0.14
YDR363W,0.14
YHR206W,0.14
YHR207C,0.14
YDR358W,0.14
YDR357C,0.14
YDR354W,0.14
YLR005W,0.14
YHR202W,0.14
YDR392W,0.14
YDR400W,0.14
YDR402C,0.14
YMR190C,0.14
YLR163C,0.14
YAL016C-A,0.14
YMR198W,0.14
YDR441C,0.14
YJL016W,0.14
YMR201C,0.14
YJL020C,0.14
YJL015C,0.14
YDR428C,0.14
YMR211W,0.14
YDR415C,0.14
YHR201C,0.14
YMR219W,0.14
YMR220W,0.14
YDR407C,0.14
YDR434W,0.14
YEL066W,0.14
YEL061C,0.14
YEL052W,0.14
YLL012W,0.14
YHR099W,0.14
YJL090C,0.14
YMR048W,0.14
YJL089W,0.14
YER139C,0.14
YER134C,0.14
YLR233C,0.14
YER124C,0.14
YHR103W,0.14
YER111C,0.14
YMR075C-A,0.14
YER106W,0.14
YMR078C,0.14
YER098W,0.14
YMR041C,0.14
YER167W,0.14
YER168C,0.14
YER174C,0.14
YFL060C,0.14
YHR071W,0.14
YAR002W,0.14
YMR020W,0.14
YMR021C,0.14
YMR022W,0.14
YFL067W,0.14
YMR081C,0.14
YKR082W,0.14
YLL015W,0.14
YLR247C,0.14
YER188C-A,0.14
YMR030W,0.14
YHR084W,0.14
YER179W,0.14
YER176W,0.14
YJL101C,0.14
YER089C,0.14
YJL073W,0.14
YMR085W,0.14
YER027C,0.14
YMR119W,0.14
YJL057C,0.14
YER017C,0.14
YMR124W,0.14
YJL055W,0.14
YMR126C,0.14
YLR215C,0.14
YKR061W,0.14
YJL053W,0.14
YLR214W,0.14
YMR132C,0.14
YLR211C,0.14
YEL029C,0.14
YJL048C,0.14
YEL048C,0.14
YEL007W,0.14
YFL047W,0.14
YER032W,0.14
YHR126C,0.14
YJL070C,0.14
YMR091C,0.14
YER076C,0.14
YHR106W,0.14
YER075C,0.14
YER072W,0.14
YMR095C,0.14
YER033C,0.14
YER066W,0.14
YER060W,0.14
YLR231C,0.14
YER054C,0.14
YLR225C,0.14
YBR045C,0.14
YLR222C-A,0.14
YKR064W,0.14
YMR098C,0.14
YER050C,0.14
YDR291W,0.14
YPR031W,0.14
YBL074C,0.14
YKL110C,0.14
YKL154W,0.14
YOL062C,0.14
YKL175W,0.14
YKL118W,0.14
YPR202W,0.14
YOR226C,0.14
YPL129W,0.14
YOR006C,0.14
YPR084W,0.14
YPR200C,0.14
YPR021C,0.14
YBL058W,0.14
YOR033C,0.14
YOR152C,0.14
YBR003W,0.14
YPR078C,0.14
YPR026W,0.14
YOR040W,0.14
YOR004W,0.14
YKL106W,0.14
YOL066C,0.14
YPL113C,0.14
YOR049C,0.14
YPR153W,0.14
YPL115C,0.14
YBR017C,0.14
YPL250C,0.14
YBL037W,0.14
YPR067W,0.14
YPR157W,0.14
YPR170W-B,0.14
YOL137W,0.14
Q0045,0.14
YKL061W,0.14
YPR006C,0.14
YPL183C,0.14
YPL219W,0.14
YBL035C,0.14
YOR155C,0.14
YOL069W,0.14
YOR379C,0.14
Q0075,0.14
Q0110,0.14
YOR311C,0.14
YOR150W,0.14
YOR019W,0.14
YBL009W,0.14
YPR055W,0.14
YPR070W,0.14
YKL125W,0.14
YPR179C,0.14
YOR321W,0.14
YOL124C,0.14
YKL092C,0.14
YPR176C,0.14
YOR325W,0.14
YPL158C,0.14
YPL165C,0.14
YBL067C,0.14
YPR058W,0.14
YBL020W,0.14
YBL066C,0.14
YOL050C,0.14
YOR011W-A,0.14
YPL229W,0.14
YKL215C,0.14
YPR047W,0.14
YOL130W,0.14
YKL045W,0.14
YPR128C,0.14
YPL173W,0.14
YKL204W,0.14
YOR030W,0.14
YOR126C,0.14
YOR208W,0.14
YOL100W,0.14
YPR075C,0.14
YKL128C,0.14
YBL060W,0.14
YOR023C,0.14
YBL063W,0.14
YOR022C,0.14
YKL087C,0.14
YOR316C,0.14
YOR132W,0.14
YKL124W,0.14
YPL152W,0.14
YOR020W-A,0.14
YOL054W,0.14
YPL109C,0.14
YOR337W,0.14
YOL096C,0.14
YOL081W,0.14
YOL142W,0.14
YKL134C,0.14
YOL141W,0.14
YPL208W,0.14
YOR278W,0.14
YPL082C,0.14
YOR069W,0.14
YOR191W,0.14
YPR111W,0.14
YOL089C,0.14
YPL192C,0.14
YKL042W,0.14
YOR067C,0.14
YPL084W,0.14
YKL043W,0.14
YPL031C,0.14
YOR262W,0.14
YPR135W,0.14
YPL076W,0.14
YKL114C,0.14
YBL090W,0.14
YKL121W,0.14
YOR162C,0.14
YOR219C,0.14
YOL020W,0.14
YOR081C,0.14
YPL069C,0.14
YOL144W,0.14
YOL019W,0.14
YPR131C,0.14
YKL078W,0.14
YOR196C,0.14
YPL070W,0.14
YOR090C,0.14
YOR221C,0.14
YOR093C,0.14
YOL083C-A,0.14
YOR274W,0.14
YBR036C,0.14
YBL104C,0.14
YPL030W,0.14
YPL085W,0.14
YPR065W,0.14
Q0160,0.14
YOR291W,0.14
YPL015C,0.14
YPL095C,0.14
YOR355W,0.14
YPL191C,0.14
YKL149C,0.14
YPL259C,0.14
YOR342C,0.14
YOL007C,0.14
YKL089W,0.14
YOR106W,0.14
YOR288C,0.14
YKL071W,0.14
YPL023C,0.14
YKL050C,0.14
YOR389W,0.14
YPR139C,0.14
YOR391C,0.14
YPL215W,0.14
YOR286W,0.14
YPL027W,0.14
YPR140W,0.14
YPL185W,0.14
YPL104W,0.14
YBL054W,0.14
YNL273W,0.15
YNL272C,0.15
YJL209W,0.15
YOL031C,0.15
YNL267W,0.15
YDR093W,0.15
YDR209C,0.15
YNL316C,0.15
YDR156W,0.15
YNL325C,0.15
YDR216W,0.15
YGR149W,0.15
YGR154C,0.15
YDR090C,0.15
YNL315C,0.15
YJL201W,0.15
YDR143C,0.15
YPL203W,0.15
YGR111W,0.15
YDR120C,0.15
YNL327W,0.15
YGR172C,0.15
YPR138C,0.15
YNL338W,0.15
YJL206C,0.15
YNL339W-A,0.15
YNL280C,0.15
YKR023W,0.15
YDR183C-A,0.15
YGR184C,0.15
YOL045W,0.15
YPR137W,0.15
YLR383W,0.15
YLR369W,0.15
YPL221W,0.15
YLR371W,0.15
YMR322C,0.15
YJL204C,0.15
YKR028W,0.15
YPR144C,0.15
YDR195W,0.15
YGR186W,0.15
YPL207W,0.15
YPL206C,0.15
YDR135C,0.15
YOL049W,0.15
YDR097C,0.15
YDR096W,0.15
YOL023W,0.15
YKR031C,0.15
YOR269W,0.15
YDR080W,0.15
YDL106C,0.15
YDL105W,0.15
YDL101C,0.15
YBL113C,0.15
YNL196C,0.15
YDL097C,0.15
YDL093W,0.15
YHL007C,0.15
YKL190W,0.15
YHL013C,0.15
YKL189W,0.15
YHL016C,0.15
YHL017W,0.15
YDL078C,0.15
Q0120,0.15
YJR059W,0.15
YJR057W,0.15
YDL065C,0.15
YHL027W,0.15
YHL029C,0.15
YPL253C,0.15
YJR053W,0.15
YHL032C,0.15
YNL192W,0.15
YLR299C-A,0.15
YDL112W,0.15
YDL116W,0.15
YNL163C,0.15
YKR003W,0.15
YOL086W-A,0.15
YPL280W,0.15
YPL279C,0.15
YHR044C,0.15
YHR043C,0.15
YDL166C,0.15
YBL097W,0.15
YDL162C,0.15
YHR038W,0.15
YHR035W,0.15
YBL103C,0.15
YOR190W,0.15
YNL182C,0.15
YDL134C,0.15
YHR016C,0.15
YLR277C,0.15
YHR012W,0.15
YHR005C,0.15
YDL121C,0.15
YLR283W,0.15
YLR282C,0.15
YHR001W,0.15
YDL050C,0.15
YOL071W,0.15
YHL039W,0.15
YPR189W,0.15
YPL239W,0.15
YGR255C,0.15
YDR026C,0.15
YDR028C,0.15
YLR330W,0.15
YPR184W,0.15
YOR171C,0.15
YLL032C,0.15
YGR235C,0.15
YLR341W,0.15
YNL253W,0.15
YNL256W,0.15
YDR056C,0.15
YPR180W,0.15
YGR206W,0.15
YPR175W,0.15
YDR069C,0.15
YLR356W,0.15
YLR357W,0.15
YNL261W,0.15
YGR201C,0.15
YNL262W,0.15
YPR190C,0.15
YJR044C,0.15
YGR262C,0.15
YNL238W,0.15
YDL043C,0.15
YDL041W,0.15
YDL042C,0.15
YOR178C,0.15
YGR296C-A,0.15
YNL216W,0.15
YLR308W,0.15
YLR309C,0.15
YJL222W-B,0.15
YDL025C,0.15
YNL222W,0.15
YFL053W,0.15
YOR177C,0.15
YGR280C,0.15
YLR318W,0.15
YNL227C,0.15
YNL228W,0.15
YOL060C,0.15
YGR276C,0.15
YDL007W,0.15
YGR271W,0.15
YOR174W,0.15
YGR263C,0.15
YDR006C,0.15
YDL019C,0.15
YDR221W,0.15
YJL178C,0.15
YGR097W,0.15
YOR042W,0.15
YEL015W,0.15
YGL203C,0.15
YOR043W,0.15
YJL054W,0.15
YPR004C,0.15
YGL210W,0.15
YMR123W,0.15
YML057W,0.15
YER008C,0.15
YGL224C,0.15
YPL001W,0.15
YMR117C,0.15
YER022W,0.15
YER024W,0.15
YGL233W,0.15
YML053C,0.15
YJL061W,0.15
YER038W-A,0.15
YPL107W,0.15
YGL250W,0.15
YOR111W,0.15
YML043C,0.15
YPL121C,0.15
YKR060W,0.15
YPL123C,0.15
YEL022W,0.15
YKL129C,0.15
YOR124C,0.15
YJL036W,0.15
YMR156C,0.15
YJL039C,0.15
YGL141W,0.15
YPR018W,0.15
YJL149W,0.15
YJL042W,0.15
YPL132W,0.15
YPL130W,0.15
YOR109W,0.15
YGL158W,0.15
YEL056W,0.15
YEL055C,0.15
YEL053C,0.15
YGL163C,0.15
YOR039W,0.15
YML081W,0.15
YGL170C,0.15
YEL043W,0.15
YMR140W,0.15
YMR139W,0.15
YML071C,0.15
YEL057C,0.15
YPL135W,0.15
YOL147C,0.15
YFR050C,0.15
YKL135C,0.15
YKR072C,0.15
YMR067C,0.15
YKL144C,0.15
YMR061W,0.15
YKR075C,0.15
YFL019C,0.15
YPL038W-A,0.15
YER155C,0.15
YFL024C,0.15
YKL065C,0.15
YKL065W-A,0.15
YMR004W,0.15
YER171W,0.15
YOR075W,0.15
YJL098W,0.15
YMR029C,0.15
YMR028W,0.15
YER190C-A,0.15
YOR089C,0.15
YOR087W,0.15
YKR084C,0.15
YJL106W,0.15
YER130C,0.15
YFL007W,0.15
YER121W,0.15
YML007W,0.15
YOR056C,0.15
YPL016W,0.15
YER068W,0.15
YML025C,0.15
YPL020C,0.15
YMR093W,0.15
YKL064W,0.15
YJL123C,0.15
YFR031C,0.15
YPL088W,0.15
YPL026C,0.15
YFR054C,0.15
YML015C,0.15
YPL087W,0.15
YFR016C,0.15
YER096W,0.15
YER100W,0.15
YER101C,0.15
YER104W,0.15
YKR088C,0.15
YFR007W,0.15
YFR002W,0.15
YJL078C,0.15
YFL001W,0.15
YJL076W,0.15
YGR100W,0.15
YGL133W,0.15
YPR029C,0.15
YDR320C,0.15
YKR040C,0.15
YMR247C,0.15
YDR326C,0.15
YMR244C-A,0.15
YPL186C,0.15
YDR333C,0.15
YDR335W,0.15
YMR244W,0.15
YNL161W,0.15
YDR339C,0.15
YDR348C,0.15
YOL004W,0.15
YLL055W,0.15
YGR012W,0.15
YDR354C-A,0.15
YDR356W,0.15
YJL176C,0.15
YMR233W,0.15
YGR010W,0.15
YKL122C,0.15
YPR086W,0.15
YLR452C,0.15
YLR430W,0.15
YOL005C,0.15
YDR316W,0.15
YOR158W,0.15
YKR037C,0.15
YGR075C,0.15
YDR261C,0.15
YMR281W,0.15
YPR118W,0.15
YMR278W,0.15
YOL015W,0.15
YMR277W,0.15
YMR276W,0.15
YKL051W,0.15
YDR272W,0.15
YDR373W,0.15
YGR072W,0.15
YDR285W,0.15
YGR067C,0.15
YGR066C,0.15
YDR292C,0.15
YLR420W,0.15
YLR423C,0.15
YDR301W,0.15
YDR302W,0.15
YDR303C,0.15
YDR309C,0.15
YOR160W,0.15
YKL167C,0.15
YKL059C,0.15
YDR375C,0.15
YLR454W,0.15
YMR185W,0.15
YGL079W,0.15
YMR184W,0.15
YDR470C,0.15
YPL156C,0.15
YPR050C,0.15
YML115C,0.15
YPR048W,0.15
YML112W,0.15
YGL095C,0.15
YMR174C,0.15
YMR172C-A,0.15
YKL073W,0.15
YGL112C,0.15
YDR505C,0.15
YDR509W,0.15
YML103C,0.15
YPR040W,0.15
YGL121C,0.15
YJL154C,0.15
YGL129C,0.15
YLR379W-A,0.15
YJL032W,0.15
YMR188C,0.15
YOR141C,0.15
YGL067W,0.15
YPR061C,0.15
YGL014W,0.15
YDR390C,0.15
YDR393W,0.15
YKR048C,0.15
YMR221C,0.15
YDR404C,0.15
YDR406W-A,0.15
YGL027C,0.15
YJL169W,0.15
YGL035C,0.15
YGL036W,0.15
YDR376W,0.15
YMR212C,0.15
YDR425W,0.15
YGL041W-A,0.15
YDR430C,0.15
YGL052W,0.15
YKL159C,0.15
YMR199W,0.15
YML133W-A,0.15
YGL059W,0.15
YGL060W,0.15
YDR452W,0.15
YDR457W,0.15
YGL038C,0.15
YHR056C,0.15
YNL265C,0.15
YBR130C,0.15
YLR144C,0.15
YHR115C,0.15
YIL149C,0.15
YCR017C,0.15
YJR082C,0.15
YIL044C,0.15
YHR119W,0.15
YNL021W,0.15
YNL125C,0.15
YNL124W,0.15
YOR336W,0.15
YIL047C,0.15
YBR152W,0.15
YJR122W,0.15
YBL034C,0.15
YLR143W,0.15
YBR274W,0.15
YKL025C,0.15
YNL119W,0.15
YLR223C,0.15
YOR227W,0.15
YLR086W,0.15
YBR151W,0.15
YCR014C,0.15
YBR139W,0.15
YBL078C,0.15
YNR061C,0.15
YDL237W,0.15
YBR295W,0.15
YLR183C,0.15
YHR171W,0.15
YNL137C,0.15
YAL029C,0.15
YOR211C,0.15
YNL027W,0.15
YNR056C,0.15
YCR008W,0.15
YHR165C,0.15
YIL031W,0.15
YJR132W,0.15
YJR155W,0.15
YBR291C,0.15
YBL038W,0.15
YBR014C,0.15
YOR381W-A,0.15
YHR162W,0.15
YBL079W,0.15
YDL248W,0.15
YNL024C,0.15
YAL011W,0.15
YOR377W,0.15
YLR090W,0.15
YNL115C,0.15
YCR035C,0.15
YLR108C,0.15
YIL130W,0.15
YJR142W,0.15
YCR059C,0.15
YOR331C,0.15
YCR054C,0.15
YOL132W,0.15
YHR133C,0.15
YLR114C,0.15
YOR319W,0.15
YOR320C,0.15
YNL001W,0.15
YBR215W,0.15
YKL214C,0.15
YBR242W,0.15
YIL110W,0.15
YLR120C,0.15
YLR019W,0.15
YNL099C,0.15
YIL119C,0.15
YJR134C,0.15
YKL205W,0.15
YBL071W-A,0.15
YOR385W,0.15
YCR066W,0.15
YKL005C,0.15
YCR083W,0.15
YCR024C-B,0.15
YOR370C,0.15
YCR081W,0.15
YBR265W,0.15
YJR091C,0.15
YIL061C,0.15
YIL136W,0.15
YBR004C,0.15
YOR244W,0.15
YLR203C,0.15
YJR092W,0.15
YLR097C,0.15
YOL134C,0.15
YOR241W,0.15
YOR351C,0.15
YBR260C,0.15
YBL004W,0.15
YIL134C-A,0.15
YBL005W,0.15
YLR133W,0.15
YNL087W,0.15
YNL004W,0.15
YOR237W,0.15
YKL027W,0.15
YIL115W-A,0.15
YDL234C,0.15
YLR256W,0.15
YNL049C,0.15
YOL164W-A,0.15
YLR052W,0.15
YBR081C,0.15
YBR030W,0.15
YCL057C-A,0.15
YBR069C,0.15
YHR072W,0.15
YBR087W,0.15
YKL203C,0.15
YIR002C,0.15
YBR028C,0.15
YOR285W,0.15
YHR077C,0.15
YBR095C,0.15
YCL058C,0.15
YLR066W,0.15
YNL151C,0.15
YNL062C,0.15
YBR047W,0.15
YAL068W-A,0.15
YPL283W-A,0.15
YHR059W,0.15
YLR040C,0.15
YJR074W,0.15
YBR052C,0.15
YKL094W,0.15
YIR033W,0.15
YKL039W,0.15
YLR003C,0.15
YNL156C,0.15
YBL048W,0.15
YBR059C,0.15
YLR257W,0.15
YHR210C,0.15
YIR029W,0.15
YIL005W,0.15
YAL018C,0.15
YLR165C,0.15
YNR067C,0.15
YOL092W,0.15
YCL076W,0.15
YOL094C,0.15
YOL115W,0.15
YOR386W,0.15
YNL139C,0.15
YJR103W,0.15
YDL226C,0.15
YOR359W,0.15
YBR024W,0.15
YIL165C,0.15
YJR119C,0.15
YOR356W,0.15
YIL019W,0.15
YIL016W,0.15
YOR290C,0.15
YNL052W,0.16
YCL040W,0.16
YMR216C,0.16
YBL049W,0.16
YDR294C,0.16
YLR465C,0.16
YGR089W,0.16
YDR412W,0.16
YLR403W,0.16
YPR072W,0.16
YJL009W,0.16
YGR083C,0.16
YOL022C,0.16
YGL020C,0.16
YBR256C,0.16
YMR302C,0.16
YBR298C,0.16
YLR125W,0.16
YKL017C,0.16
YNL058C,0.16
YOR014W,0.16
YBR236C,0.16
YNR002C,0.16
YOR217W,0.16
YDR322W,0.16
YPR098C,0.16
YOR143C,0.16
YOR229W,0.16
YPL204W,0.16
YGR038W,0.16
YLR434C,0.16
YJL192C,0.16
YNL028W,0.16
YJR110W,0.16
YDR424C,0.16
YPR130C,0.16
YDR330W,0.16
YBL050W,0.16
YMR214W,0.16
YMR304W,0.16
YBR248C,0.16
YNL007C,0.16
YLR410W,0.16
YDR243C,0.16
YKL014C,0.16
YJR006W,0.16
YJL179W,0.16
YDR367W,0.16
YJL186W,0.16
YLR450W,0.16
YJL188C,0.16
YKL166C,0.16
YPR092W,0.16
YIL140W,0.16
YDR284C,0.16
YCL064C,0.16
YIL173W,0.16
YLR421C,0.16
YDR289C,0.16
YLR419W,0.16
YMR237W,0.16
YMR238W,0.16
YPL184C,0.16
YKL015W,0.16
YPR107C,0.16
YMR230W-A,0.16
YPL179W,0.16
YLR008C,0.16
YPR125W,0.16
YMR223W,0.16
YOL010W,0.16
YDR248C,0.16
YOL011W,0.16
YGR076C,0.16
YOR334W,0.16
YPR097W,0.16
YKL165C,0.16
YDR256C,0.16
YJL174W,0.16
YGL006W,0.16
YDR380W,0.16
YDR379C-A,0.16
YLL056C,0.16
YDR305C,0.16
YOL016C,0.16
YGL002W,0.16
YLR433C,0.16
YAL019W,0.16
YDR374C,0.16
YDR312W,0.16
YOR195W,0.16
YDR524C-A,0.16
YMR193C-A,0.16
YJL066C,0.16
YER078C,0.16
YJL124C,0.16
YER082C,0.16
YOR061W,0.16
YMR084W,0.16
YFR038W,0.16
YBR101C,0.16
YFR020W,0.16
YER094C,0.16
YFR014C,0.16
YIR001C,0.16
YMR076C,0.16
YPL032C,0.16
YML016C,0.16
YOR057W,0.16
YFR040W,0.16
YFR041C,0.16
YMR110C,0.16
YNR058W,0.16
YPL105C,0.16
YER045C,0.16
YKL063C,0.16
YER053C,0.16
YJL127C-B,0.16
YIL020C,0.16
YNR064C,0.16
YBR114W,0.16
YBR112C,0.16
YNR065C,0.16
YOR103C,0.16
YOR101W,0.16
YER066C-A,0.16
YMR075W,0.16
YIR006C,0.16
YIR008C,0.16
YER118C,0.16
YMR038C,0.16
YFL034W,0.16
YMR009W,0.16
YER175C,0.16
YMR033W,0.16
YBR056C-B,0.16
YJL096W,0.16
YIR028W,0.16
YPL053C,0.16
YPL054W,0.16
YER189W,0.16
YPL057C,0.16
YOR082C,0.16
YBR046C,0.16
YPL065W,0.16
YIR026C,0.16
YER038C,0.16
YKR079C,0.16
YER166W,0.16
YIR012W,0.16
YOR280C,0.16
YER127W,0.16
YER128W,0.16
YKR070W,0.16
YFL008W,0.16
YFL011W,0.16
YAL062W,0.16
YFL016C,0.16
YBR068C,0.16
YJL085W,0.16
YMR054W,0.16
YJL087C,0.16
YER154W,0.16
YER156C,0.16
YBR058C,0.16
YMR195W,0.16
YER037W,0.16
YJR158W,0.16
YOR238W,0.16
YKL057C,0.16
YGL122C,0.16
YDR515W,0.16
YKR102W,0.16
YML100W,0.16
YNR022C,0.16
YDR522C,0.16
YBR187W,0.16
YPL137C,0.16
YMR158W-B,0.16
YDR539W,0.16
YJR152W,0.16
YBR173C,0.16
YJL031C,0.16
YLR106C,0.16
YPL142C,0.16
YDR507C,0.16
YNR004W,0.16
YDR456W,0.16
YKL020C,0.16
YGL070C,0.16
YBL017C,0.16
YIL107C,0.16
YGL083W,0.16
YDR481C,0.16
YLR023C,0.16
YDR489W,0.16
YBR203W,0.16
YKL099C,0.16
YBR200W,0.16
YGL115W,0.16
YJR144W,0.16
YEL075C,0.16
YBR172C,0.16
YGL145W,0.16
YJL151C,0.16
YMR129W,0.16
YGL205W,0.16
YEL001C,0.16
YER001W,0.16
YPL118W,0.16
YML059C,0.16
YGL215W,0.16
YBR137W,0.16
YPL116W,0.16
YJL056C,0.16
YOR048C,0.16
YGL230C,0.16
YKL062W,0.16
YKL130C,0.16
YER031C,0.16
YAL044C,0.16
YBR126W-A,0.16
YPR010C-A,0.16
YKR058W,0.16
YPR017C,0.16
YNR034W-A,0.16
YOR306C,0.16
YBR167C,0.16
YJL044C,0.16
YJL045W,0.16
YEL058W,0.16
YOR251C,0.16
YBR162W-A,0.16
YIL048W,0.16
YBR008C,0.16
YML079W,0.16
YEL037C,0.16
YEL036C,0.16
YJL049W,0.16
YEL019C,0.16
YMR312W,0.16
YMR014W,0.16
YKR017C,0.16
YCR090C,0.16
YCL001W-A,0.16
YJL222W,0.16
YHL003C,0.16
YNL313C,0.16
YOR390W,0.16
YOL091W,0.16
YGR202C,0.16
YOL080C,0.16
Q0275,0.16
YLR286W-A,0.16
YDR138W,0.16
YHL009C,0.16
YNL307C,0.16
YPR173C,0.16
YOL038W,0.16
YDR150W,0.16
YNL191W,0.16
YOR166C,0.16
YPL228W,0.16
YNL114C,0.16
YDR166C,0.16
YDL009C,0.16
YDR164C,0.16
YOL034W,0.16
YOR354C,0.16
YCR082W,0.16
YKR016W,0.16
YLR285W,0.16
YNL065W,0.16
YLR166C,0.16
YDR153C,0.16
YDR063W,0.16
YCR036W,0.16
YNL263C,0.16
YLR370C,0.16
YOL107W,0.16
YNL075W,0.16
YDL245C,0.16
YOR367W,0.16
YCR099C,0.16
YDR087C,0.16
Q0055,0.16
YNL206C,0.16
YDR088C,0.16
YHR114W,0.16
YJR098C,0.16
YLR200W,0.16
YKR020W,0.16
YNL274C,0.16
YPL250W-A,0.16
YGR193C,0.16
YDL243C,0.16
YDL240C-A,0.16
YHL021C,0.16
YNL219C,0.16
YLL040C,0.16
YCR015C,0.16
YOL076W,0.16
YDL077C,0.16
YHL022C,0.16
YCR016W,0.16
YGR241C,0.16
YDL070W,0.16
YPR166C,0.16
YDR111C,0.16
YHL026C,0.16
YPR167C,0.16
YKR024C,0.16
YOR393W,0.16
YDR169C-A,0.16
YOL051W,0.16
YPR194C,0.16
YOL084W,0.16
YNL108C,0.16
YNL155W,0.16
YPL274W,0.16
YNL102W,0.16
YLR267W,0.16
YDR184C,0.16
YPR193C,0.16
YDL128W,0.16
YDR182W-A,0.16
YDR046C,0.16
YOR192C-C,0.16
YDR047W,0.16
YCL012C,0.16
YDR051C,0.16
YNL251C,0.16
YOL056W,0.16
YGR253C,0.16
YNL103W-A,0.16
YCR057C,0.16
YLR262C,0.16
YOR173W,0.16
YDR201W,0.16
YMR314W,0.16
YLR389C,0.16
YHR132C,0.16
YHR029C,0.16
YLR263W,0.16
YOR352W,0.16
YDL173W,0.16
YHR060W,0.16
YDL188C,0.16
YKR002W,0.16
YMR323W,0.16
YDL164C,0.16
YPL281C,0.16
YGR261C,0.16
YNL130C,0.16
YDL132W,0.16
YDR177W,0.16
YCR075W-A,0.16
YDL146W,0.16
YCL031C,0.16
YKL113C,0.16
YHR023W,0.16
YGR220C,0.16
YLR217W,0.16
YGR266W,0.17
YLR028C,0.17
YLL031C,0.17
YNR018W,0.17
YMR136W,0.17
YIL091C,0.17
YMR170C,0.17
YML067C,0.17
YLR221C,0.17
YHR121W,0.17
YPL125W,0.17
YML081C-A,0.17
YNL212W,0.17
YJR153W,0.17
YKL084W,0.17
YOR041C,0.17
YGR274C,0.17
YMR157C,0.17
YDL005C,0.17
YOR123C,0.17
YHR117W,0.17
YBR177C,0.17
YJL041W,0.17
YGL201C,0.17
YDR001C,0.17
YKL217W,0.17
YBR148W,0.17
YPL122C,0.17
YOR176W,0.17
YBR171W,0.17
YML105C,0.17
YOR304W,0.17
YBR160W,0.17
YGL171W,0.17
YDR527W,0.17
YLR222C,0.17
YDL021W,0.17
YKR018C,0.17
YJL219W,0.17
YIL084C,0.17
YIL082W,0.17
YNR046W,0.17
YIL083C,0.17
YOR125C,0.17
YGR289C,0.17
YKR095W,0.17
YML080W,0.17
YEL050C,0.17
YIL085C,0.17
YPL126W,0.17
YNL241C,0.17
YOL057W,0.17
YEL034C-A,0.17
YMR128W,0.17
YGL178W,0.17
YKL033W-A,0.17
YPL127C,0.17
YCR093W,0.17
YJL153C,0.17
YKL184W,0.17
YJR051W,0.17
YCR072C,0.17
YDR021W,0.17
YGL159W,0.17
YLR321C,0.17
YPR192W,0.17
YJR088C,0.17
YGR281W,0.17
YIL063C,0.17
Q0105,0.17
YOL136C,0.17
YBL105C,0.17
YER148W,0.17
YDL147W,0.17
YIR022W,0.17
YJL082W,0.17
YKR075W-A,0.17
YNL181W,0.17
YMR062C,0.17
YKL082C,0.17
YOR265W,0.17
YLR274W,0.17
YAL059W,0.17
YER123W,0.17
YER122C,0.17
YOR281C,0.17
YDL130W-A,0.17
YNL186W,0.17
YHR009C,0.17
YKR008W,0.17
YBR029C,0.17
YHR074W,0.17
YOR197W,0.17
YLR062C,0.17
YMR001C,0.17
YER150W,0.17
YPL271W,0.17
YMR001C-A,0.17
YKL104W-A,0.17
YOL088C,0.17
YHR054C,0.17
YJR072C,0.17
YBR053C,0.17
YNL168C,0.17
YMR031C,0.17
YFL041W-A,0.17
YFL036W,0.17
YKL140W,0.17
YBL098W,0.17
YHR076W,0.17
YLR258W,0.17
YJL109C,0.17
YNL154C,0.17
YFL028C,0.17
YER165C-A,0.17
YER164W,0.17
YOR273C,0.17
YMR002W,0.17
YBR038W,0.17
YKL032C,0.17
YOL156W,0.17
YAL063C-A,0.17
YJL108C,0.17
YOR252W,0.17
YJL077W-B,0.17
YLR251W,0.17
YKR065C,0.17
YIL026C,0.17
YER042W,0.17
YAL049C,0.17
YHR100C,0.17
YIL030C,0.17
YML050W,0.17
YBL081W,0.17
YPL256C,0.17
YDL064W,0.17
YLR078C,0.17
YGL232W,0.17
YBR015C,0.17
YGL229C,0.17
YDL058W,0.17
YER015W,0.17
YGL228W,0.17
YGL227W,0.17
YGL223C,0.17
YGL213C,0.17
YHL042W,0.17
YEL002C,0.17
YEL003W,0.17
YBR122C,0.17
YIL021W,0.17
YML042W,0.17
YLR291C,0.17
YDL114W-A,0.17
YIL002W-A,0.17
YJR076C,0.17
YKL194C,0.17
YER090C-A,0.17
YBR026C,0.17
YER088C,0.17
YOR287C,0.17
YMR089C,0.17
YAL053W,0.17
YNL193W,0.17
YER095W,0.17
YFR032C,0.17
YER079W,0.17
YLR248W,0.17
YNR070W,0.17
YNL195C,0.17
YBR023C,0.17
YPL094C,0.17
YHR082C,0.17
YKR067W,0.17
YHL004W,0.17
YER060W-A,0.17
YBR117C,0.17
YJL069C,0.17
YBR202W,0.17
YLR439W,0.17
YJL002C,0.17
YLR129W,0.17
YDR324C,0.17
YJL010C,0.17
YCR037C,0.17
YNL259C,0.17
YOL103W,0.17
YLR158C,0.17
YBR267W,0.17
YLR146C,0.17
YNL040W,0.17
YNL094W,0.17
YOR216C,0.17
YBL041W,0.17
YPL214C,0.17
YOR145C,0.17
YNL014W,0.17
YBL042C,0.17
YHR196W,0.17
YKL075C,0.17
YPR169W,0.17
YJR125C,0.17
YJR002W,0.17
YCR043C,0.17
YJR025C,0.17
YGR205W,0.17
YGR043C,0.17
YPR113W,0.17
YMR200W,0.17
YLL001W,0.17
YBL023C,0.17
YGR157W,0.17
YGR146C,0.17
YGR087C,0.17
YOR340C,0.17
YDR237W,0.17
YNL059C,0.17
YLR174W,0.17
YPL178W,0.17
YMR296C,0.17
YCR030C,0.17
YDR391C,0.17
YBL026W,0.17
YGR123C,0.17
YLR168C,0.17
YHR148W,0.17
YLL057C,0.17
YPR172W,0.17
YIL137C,0.17
YMR250W,0.17
YCR002C,0.17
YIL139C,0.17
YDR398W,0.17
YBR255C-A,0.17
YGR052W,0.17
YOR169C,0.17
YOR360C,0.17
YDR403W,0.17
YNL088W,0.17
YHR197W,0.17
YLR154W-C,0.17
YGR059W,0.17
YLR401C,0.17
YBL056W,0.17
YHR138C,0.17
YLR002C,0.17
YDR257C,0.17
YGL065C,0.17
YOR015W,0.17
YGR232W,0.17
YBL018C,0.17
YGR231C,0.17
YBR227C,0.17
YHR137W,0.17
YBR281C,0.17
YGR177C,0.17
YLR155C,0.17
YPL205C,0.17
YBR229C,0.17
YPL233W,0.17
YNL250W,0.17
YHR205W,0.17
YJR073C,0.17
YBL011W,0.17
YGR109C,0.17
YGR128C,0.17
YGR017W,0.17
YNR012W,0.17
YLL034C,0.17
YPR133C,0.17
YCL048W,0.17
YPL195W,0.17
YDR247W,0.17
YGR178C,0.17
YCL011C,0.17
YMR193W,0.17
YKL126W,0.17
YHR217C,0.17
YOL012C,0.17
YPR089W,0.17
YBR285W,0.17
YMR285C,0.17
YCL045C,0.17
YPR091C,0.17
YBL069W,0.17
YLR157C,0.17
YNL098C,0.17
YGL084C,0.17
YCL055W,0.17
YBL043W,0.17
YDR266C,0.17
YDR228C,0.17
YOL122C,0.17
YLR352W,0.17
YJL001W,0.17
YLR387C,0.17
YLR113W,0.17
YLR160C,0.17
YPL210C,0.17
YGR030C,0.17
YDR214W,0.17
YOL111C,0.17
YLL066W-B,0.17
YDL102W,0.18
YDL103C,0.18
YPL012W,0.18
YMR096W,0.18
YHR098C,0.18
YFR052W,0.18
YHR037W,0.18
YHR163W,0.18
YDL086W,0.18
YLL013C,0.18
YOR108C-A,0.18
YPR154W,0.18
YOR163W,0.18
YDR188W,0.18
YOR260W,0.18
YIL155C,0.18
YHR090C,0.18
YHR088W,0.18
YKR066C,0.18
YAR042W,0.18
YJR032W,0.18
YDR119W-A,0.18
YMR109W,0.18
YJL183W,0.18
YKL195W,0.18
YFR001W,0.18
YDR171W,0.18
YKL112W,0.18
YPR114W,0.18
YKR006C,0.18
YLR276C,0.18
YLR409C,0.18
YER157W,0.18
YGR135W,0.18
YPL266W,0.18
YMR291W,0.18
YKL196C,0.18
YDL204W,0.18
YML001W,0.18
YLR051C,0.18
YKR074W,0.18
YJR068W,0.18
YLR050C,0.18
YER141W,0.18
YJR075W,0.18
YCL048W-A,0.18
YAL016W,0.18
YER151C,0.18
YDL205C,0.18
YBR085C-A,0.18
YLL047W,0.18
YBR086C,0.18
YLR429W,0.18
YGR081C,0.18
YOR092W,0.18
YDR152W,0.18
YKL069W,0.18
YLR377C,0.18
YKL193C,0.18
YER087C-B,0.18
YPR148C,0.18
YJL074C,0.18
YOL090W,0.18
YOL082W,0.18
YBL040C,0.18
YGR065C,0.18
Q0130,0.18
YBR094W,0.18
YDR290W,0.18
YKL143W,0.18
YBL109W,0.18
YER103W,0.18
YOR222W,0.18
YPL212C,0.18
YJL198W,0.18
YFR012W-A,0.18
YHR013C,0.18
YMR092C,0.18
YGR142W,0.18
YER014C-A,0.18
YLR384C,0.18
YPR062W,0.18
YMR196W,0.18
YPR063C,0.18
YCR077C,0.18
YGR207C,0.18
YOR165W,0.18
YIL118W,0.18
YOL052C,0.18
YPL163C,0.18
YGL049C,0.18
YGL156W,0.18
YHR139C,0.18
YCR084C,0.18
YPL245W,0.18
YLR398C,0.18
YBR164C,0.18
YDR068W,0.18
YKR056W,0.18
YML091C,0.18
YLR314C,0.18
YCL028W,0.18
YHR143W,0.18
YMR208W,0.18
YIL124W,0.18
YDL190C,0.18
YLR206W,0.18
YJL097W,0.18
YEL039C,0.18
YBR155W,0.18
YPR019W,0.18
YOR157C,0.18
YPL243W,0.18
YLR092W,0.18
YMR308C,0.18
YGR246C,0.18
YKL100C,0.18
YML110C,0.18
YML108W,0.18
YMR169C,0.18
YJR094C,0.18
YCR069W,0.18
YMR181C,0.18
YNL110C,0.18
YDR516C,0.18
YOR128C,0.18
YIL105W-A,0.18
YDR465C,0.18
YFL048C,0.18
YOR016C,0.18
YJL212C,0.18
YDR011W,0.18
YIL075C,0.18
YBR230C,0.18
YAL067C,0.18
YJL164C,0.18
YHR135C,0.18
YDR449C,0.18
YDR541C,0.18
YML094W,0.18
YPR024W,0.18
YDR544C,0.18
YMR321C,0.18
YFL044C,0.18
YPL171C,0.18
YGR200C,0.18
YDR406W,0.18
YBR252W,0.18
YDR098C,0.18
YHR112C,0.18
YIL034C,0.18
YLR229C,0.18
YNL207W,0.18
YGL221C,0.18
YGR187C,0.18
YDR372C,0.18
YKL007W,0.18
YNL281W,0.18
YDL060W,0.18
YNR054C,0.18
Q0085,0.18
YER021W,0.18
YIL033C,0.18
YGR005C,0.18
YPR088C,0.18
YER026C,0.18
YFL038C,0.18
YIL143C,0.18
YHL024W,0.18
YLR017W,0.18
YGR183C,0.18
YBR279W,0.18
YDL072C,0.18
YGL101W,0.18
YDR117C,0.18
YBR056W-A,0.18
YNR051C,0.18
YHR113W,0.18
YLR460C,0.18
YEL032W,0.18
YHR146W,0.18
YJL143W,0.18
YDR222W,0.18
YGL188C-A,0.18
YKL211C,0.18
YOR121C,0.18
YNL123W,0.18
YEL021W,0.18
YBL075C,0.18
YGL016W,0.18
YER002W,0.18
YIL043C,0.18
YDR388W,0.18
YGL011C,0.18
YNL084C,0.18
YOR119C,0.18
YIL035C,0.18
YBR142W,0.18
YOR253W,0.18
YPR082C,0.18
YLR201C,0.18
YOL021C,0.18
YJL052C-A,0.18
YEL011W,0.18
YGL014C-A,0.18
YOR164C,0.19
YGR126W,0.19
YHR066W,0.19
YHR065C,0.19
YPL278C,0.19
YOR218C,0.19
YGR090W,0.19
YLR268W,0.19
YGL102C,0.19
YGR130C,0.19
YHR108W,0.19
YLR195C,0.19
YGR191W,0.19
YHL043W,0.19
YGL195W,0.19
YML069W,0.19
YGL173C,0.19
YIL126W,0.19
YGL041C,0.19
YLR083C,0.19
YGL043W,0.19
YIL142W,0.19
YGL150C,0.19
YOR326W,0.19
YLR322W,0.19
YML129C,0.19
YAL004W,0.19
YOR243C,0.19
YPL232W,0.19
YIL103W,0.19
YGR260W,0.19
YGR229C,0.19
YML120C,0.19
YGR244C,0.19
YGR270C-A,0.19
YJL111W,0.19
YHR107C,0.19
YOR254C,0.19
YKL120W,0.19
YJL117W,0.19
YPL211W,0.19
YAL059C-A,0.19
YLR413W,0.19
YLL048C,0.19
YFR015C,0.19
YPL260W,0.19
YOR344C,0.19
YHR079C-A,0.19
YAL026C,0.19
YGL238W,0.19
YLR012C,0.19
YIL013C,0.19
YKL103C,0.19
YIL157C,0.19
YOR261C,0.19
YFR047C,0.19
YML035C,0.19
YOR362C,0.19
YGR160W,0.19
YPL258C,0.19
YML048W,0.19
YLR364W,0.19
YPL217C,0.19
YGR114C,0.19
YOL145C,0.19
YPL009C,0.19
YDL122W,0.19
YDR311W,0.19
YMR090W,0.19
YOL006C,0.19
YDR328C,0.19
YDL158C,0.19
YKL201C,0.19
YKR043C,0.19
YDL178W,0.19
YDR363W-A,0.19
YDL201W,0.19
YNL147W,0.19
YDL213C,0.19
YDL223C,0.19
YDL225W,0.19
YOR007C,0.19
YCR105W,0.19
YCR098C,0.19
YOR052C,0.19
YNL113W,0.19
YMR189W,0.19
YCR005C,0.19
YMR125W,0.19
YCR003W,0.19
YER120W,0.19
Q0250,0.19
YKL040C,0.19
YKR011C,0.19
YDL031W,0.19
YDR165W,0.19
YOL027C,0.19
YNL312W,0.19
YPR159W,0.19
YER048C,0.19
YDR083W,0.19
YDR178W,0.19
YDR189W,0.19
YDR190C,0.19
YPL010W,0.19
YDR059C,0.19
YDR054C,0.19
YER055C,0.19
YDR039C,0.19
YDR038C,0.19
YER063W,0.19
YJR005C-A,0.19
YPR112C,0.19
YPR108W,0.19
YDL008W,0.19
YOL061W,0.19
YMR266W,0.19
YPL019C,0.19
YKL183C-A,0.19
YDR293C,0.19
YDL039C,0.19
YER125W,0.19
YOL098C,0.19
YCL035C,0.19
YBR205W,0.19
YNR019W,0.19
YKL021C,0.19
YDR492W,0.19
YBL051C,0.19
YBR169C,0.19
YNR038W,0.19
YMR039C,0.19
YNR055C,0.19
YKR080W,0.19
YBR126C,0.19
YBR019C,0.19
YBR020W,0.19
YBR021W,0.19
YDR519W,0.19
YPR036W,0.19
YOR074C,0.19
YDR536W,0.19
YMR027W,0.19
YMR149W,0.19
YBR080C,0.19
YEL069C,0.19
YEL065W,0.19
YOR085W,0.19
YBR041W,0.19
YBL007C,0.19
YBR208C,0.19
YDR170C,0.19
YDR468C,0.19
YDR477W,0.19
YBL022C,0.19
YBR287W,0.19
YJR118C,0.19
YOR021C,0.19
YBR245C,0.19
YBL032W,0.19
YEL013W,0.19
YER145C,0.19
YNR013C,0.19
YCL057W,0.19
YNR003W-A,0.19
YPR129W,0.2
YDR529C,0.2
YOR011W,0.2
YDR211W,0.2
YMR319C,0.2
YJL033W,0.2
YGL077C,0.2
YDR194C,0.2
YML131W,0.2
YML125C,0.2
YJL148W,0.2
YGL167C,0.2
YPR143W,0.2
YML075C,0.2
YGL068W,0.2
YDR426C,0.2
YPL197C,0.2
YLR445W,0.2
YPR121W,0.2
YLR435W,0.2
YGL097W,0.2
YMR256C,0.2
YGL099W,0.2
YDR497C,0.2
YGR049W,0.2
YGL001C,0.2
YPL190C,0.2
YPL146C,0.2
YJL008C,0.2
YMR261C,0.2
YDR487C,0.2
YKL127W,0.2
YDR508C,0.2
YDR518W,0.2
YDR395W,0.2
YGL039W,0.2
YGL040C,0.2
YGR026W,0.2
YDR234W,0.2
YDR300C,0.2
YOL064C,0.2
YDR168W,0.2
YNL085W,0.2
YLL006W-A,0.2
YKL008C,0.2
YCR004C,0.2
YBL047C,0.2
YNL035C,0.2
YLR142W,0.2
YBR247C,0.2
YBR244W,0.2
YBR234C,0.2
YKL091C,0.2
YBR222C,0.2
YJR148W,0.2
YIL070C,0.2
YNR030W,0.2
YAL040C,0.2
YBR006W,0.2
YBR049C,0.2
YOR271C,0.2
YIR031C,0.2
YBR056W,0.2
YOR272W,0.2
YBR085W,0.2
YBL068W,0.2
YLR068W,0.2
YLR069C,0.2
YIL008W,0.2
YNR072W,0.2
YIL040W,0.2
YBR149W,0.2
YNR043W,0.2
YKL028W,0.2
YCR102C,0.2
YDL236W,0.2
YDL235C,0.2
YNL231C,0.2
YDL004W,0.2
YGR256W,0.2
YGR245C,0.2
YDR036C,0.2
YPL235W,0.2
YLL028W,0.2
YDR040C,0.2
YLR347C,0.2
YGR208W,0.2
YDR060W,0.2
YNL264C,0.2
YPL227C,0.2
YNL308C,0.2
YGR218W,0.2
YNL333W,0.2
YJL050W,0.2
YOL077W-A,0.2
YOR388C,0.2
YDL219W,0.2
YLR250W,0.2
YDL195W,0.2
YDL193W,0.2
YHR063C,0.2
YDL040C,0.2
YDL174C,0.2
YDL135C,0.2
YPL263C,0.2
YDL124W,0.2
YLL023C,0.2
YJR065C,0.2
YJR063W,0.2
YJR069C,0.2
YEL030W,0.2
YJL214W,0.2
YFR024C-A,0.2
YER012W,0.2
YJL088W,0.2
YER080W,0.2
YMR080C,0.2
YMR006C,0.2
YER048W-A,0.2
YOR117W,0.2
YJL068C,0.2
YGL188C,0.2
YFL004W,0.2
YER056C,0.2
YKL141W,0.2
YFR051C,0.2
YGL244W,0.2
YFL005W,0.2
YKR076W,0.2
YML010W,0.2
YKL142W,0.2
YFL059W,0.2
YPL043W,0.2
YFR004W,0.2
YML004C,0.2
YKL153W,0.2
YER073W,0.2
YGL242C,0.2
YER069W,0.2
YLL052C,0.21
YCL059C,0.21
YDL198C,0.21
YDR258C,0.21
YOL126C,0.21
YER023W,0.21
YJL060W,0.21
YGR032W,0.21
YAR007C,0.21
YDR299W,0.21
YLR179C,0.21
YKL077W,0.21
YOR046C,0.21
YER019C-A,0.21
YPR103W,0.21
YML054C,0.21
YBL091C,0.21
YCR009C,0.21
YDR361C,0.21
YJL166W,0.21
YBR084W,0.21
YER006W,0.21
YFR011C,0.21
YHR096C,0.21
YHR089C,0.21
YGL022W,0.21
YDR396W,0.21
YIL009W,0.21
YGL018C,0.21
YNL036W,0.21
YMR226C,0.21
YBR096W,0.21
YNL142W,0.21
YOL140W,0.21
YIL109C,0.21
YKR062W,0.21
YDL215C,0.21
YDR394W,0.21
YDR377W,0.21
YPL111W,0.21
YMR298W,0.21
YFR033C,0.21
YLR286C,0.21
YPL234C,0.21
YML072C,0.21
YKR071C,0.21
YKL024C,0.21
YIL076W,0.21
YLR328W,0.21
YKR014C,0.21
YLR089C,0.21
YIL057C,0.21
YGR267C,0.21
YNL208W,0.21
YOL059W,0.21
YOR175C,0.21
YDL052C,0.21
YER067W,0.21
YDL025W-A,0.21
YDL029W,0.21
YKL192C,0.21
YHR047C,0.21
YCR010C,0.21
YGR173W,0.21
YBR115C,0.21
YDR232W,0.21
YHR039C,0.21
YDL160C,0.21
YOR294W,0.21
YJR159W,0.21
YPL273W,0.21
YKL210W,0.21
YNL175C,0.21
YPR133W-A,0.21
YJL122W,0.21
YOR259C,0.21
YDL148C,0.21
YOR116C,0.21
YOR051C,0.21
YHR027C,0.21
YDL140C,0.21
YLR172C,0.21
YKL046C,0.21
YIL039W,0.21
YDL246C,0.21
YDR297W,0.21
YOL133W,0.21
YFR006W,0.21
YPL063W,0.21
YJR095W,0.21
YER112W,0.21
YOL143C,0.21
YFR010W,0.21
YKL212W,0.21
YDR504C,0.21
YGL120C,0.21
YDR513W,0.21
YGL191W,0.21
YOR120W,0.21
YGL137W,0.21
YAL064C-A,0.21
YGL207W,0.21
YGL157W,0.21
YML012W,0.21
YMR131C,0.21
YLR034C,0.21
YLR186W,0.21
YKL109W,0.21
YBL064C,0.21
YCR020C,0.21
YOR209C,0.21
YIL116W,0.21
YDL157C,0.22
YER090W,0.22
YPL086C,0.22
YAL025C,0.22
YOR206W,0.22
YEL020C-B,0.22
YGL125W,0.22
YKR046C,0.22
YDR238C,0.22
YPR010C,0.22
YGR082W,0.22
YMR058W,0.22
YOR267C,0.22
YNL149C,0.22
YBR109C,0.22
YGR054W,0.22
YGL200C,0.22
YEL020W-A,0.22
YNL044W,0.22
YMR243C,0.22
YDR321W,0.22
YDL210W,0.22
YGL106W,0.22
YPL091W,0.22
YJR014W,0.22
YML070W,0.22
YOR086C,0.22
YNR035C,0.22
YOR091W,0.22
YNL248C,0.22
YML086C,0.22
YNL002C,0.22
YOR239W,0.22
YOR215C,0.22
YPR183W,0.22
YEL063C,0.22
YHR182C-A,0.22
YDR062W,0.22
YIR034C,0.22
YNL268W,0.22
YLR363C,0.22
YPL223C,0.22
YDL153C,0.22
YJR096W,0.22
YGR132C,0.22
YBR018C,0.22
YGR145W,0.22
YJL200C,0.22
YGR116W,0.22
YNR053C,0.22
YMR152W,0.22
YOL041C,0.22
YJR064W,0.22
YJR143C,0.22
YEL071W,0.22
YGR181W,0.22
YDR127W,0.22
YMR235C,0.22
YKL157W,0.22
YPL050C,0.22
YMR215W,0.22
YPR073C,0.22
YKL016C,0.22
YGL087C,0.22
YKR081C,0.22
YNL138W,0.22
YDR427W,0.22
YML130C,0.22
YLL011W,0.22
YOR327C,0.22
YGL029W,0.22
YGL048C,0.22
YJR135W-A,0.22
YJL171C,0.22
YKR092C,0.22
YNL117W,0.22
YNL070W,0.22
YPR060C,0.22
YBL015W,0.22
YPR191W,0.23
YLR004C,0.23
YIR038C,0.23
YOR207C,0.23
YHR042W,0.23
YHR018C,0.23
YGR122C-A,0.23
YHR211W,0.23
YMR300C,0.23
YPL265W,0.23
YEL042W,0.23
YOR247W,0.23
YDL143W,0.23
YCL017C,0.23
YBL059C-A,0.23
YIL125W,0.23
YLR395C,0.23
YLR295C,0.23
YDL125C,0.23
YER133W,0.23
YMR049C,0.23
YCR021C,0.23
YKL216W,0.23
YBR159W,0.23
YPR181C,0.23
YGL058W,0.23
YKL067W,0.23
YOL077C,0.23
YKR013W,0.23
YKL029C,0.23
YOR303W,0.23
YJL014W,0.23
YIR035C,0.23
YER136W,0.23
YJL216C,0.23
YLR327C,0.23
YGR189C,0.23
YIR037W,0.23
YDL095W,0.23
YMR012W,0.23
YML093W,0.23
YOR283W,0.23
YBR299W,0.23
YLL008W,0.23
YLL041C,0.23
YGR167W,0.23
YDR129C,0.23
YKL138C,0.23
YJL145W,0.23
YHR008C,0.23
YHR104W,0.23
YOR151C,0.23
YAL060W,0.23
YKL145W,0.23
YJR151C,0.23
YPR110C,0.23
YAL007C,0.23
YDR365C,0.23
YGL012W,0.23
YHR053C,0.23
YLR027C,0.23
YDL037C,0.23
YDR298C,0.23
YJL133C-A,0.23
YAL037C-B,0.23
YML128C,0.23
YER007C-A,0.23
YHR055C,0.23
YDL046W,0.23
YDR371C-A,0.23
YGR001C,0.23
YGR286C,0.23
YEL009C,0.23
YNR071C,0.23
YMR295C,0.23
YGR292W,0.23
YGR284C,0.23
YMR046W-A,0.23
YEL040W,0.23
YAR015W,0.23
YMR290C,0.23
YGR088W,0.24
YKL080W,0.24
YBL068W-A,0.24
YDR148C,0.24
YBR035C,0.24
YCR034W,0.24
YBL001C,0.24
YOL151W,0.24
YPR187W,0.24
YDR074W,0.24
YML124C,0.24
YBR238C,0.24
YHL011C,0.24
YIL041W,0.24
YCL001W,0.24
YGR287C,0.24
YOL123W,0.24
YNL287W,0.24
YLR196W,0.24
YMR246W,0.24
YHL040C,0.24
Q0080,0.24
YGL226C-A,0.24
YDR101C,0.24
YPR127W,0.24
YMR229C,0.24
YJR109C,0.24
YDL168W,0.24
YHR005C-A,0.24
YAL023C,0.24
YOR317W,0.24
YOR136W,0.24
YGR055W,0.24
YDR071C,0.24
YAL036C,0.24
YDL212W,0.24
YAL063C,0.24
YCL009C,0.24
YLR149C-A,0.24
YLR081W,0.24
YDL228C,0.24
YOR142W,0.24
YGR211W,0.24
YMR272C,0.24
YBL036C,0.24
YDR212W,0.24
YHR170W,0.24
YNL134C,0.24
YGR106C,0.24
YCR088W,0.24
YDR533C,0.24
YAL016C-B,0.24
YDL145C,0.24
YGR219W,0.24
YLR378C,0.24
YLR380W,0.24
YKL148C,0.24
YNL071W,0.24
YNL132W,0.24
YIL074C,0.24
YNL045W,0.24
YMR074C,0.24
YPR036W-A,0.24
YDL015C,0.24
YHR052W,0.24
YNL244C,0.24
YOR224C,0.25
YBR296C,0.25
YLR056W,0.25
YLL009C,0.25
YOR108W,0.25
YKR001C,0.25
YDR346C,0.25
YLR447C,0.25
YNL061W,0.25
YOR095C,0.25
YCL025C,0.25
YHL015W-A,0.25
YNR021W,0.25
YJL116C,0.25
YMR072W,0.25
YJR137C,0.25
YHR026W,0.25
YHR051W,0.25
YMR315W,0.25
YJL221C,0.25
YLR270W,0.25
YJL172W,0.25
YER030W,0.25
YMR183C,0.25
YHR213W,0.25
YOR232W,0.25
YFL018C,0.25
YOR027W,0.25
YNL141W,0.25
YNR001C,0.25
YKL054C,0.25
YBR111C,0.25
YDR429C,0.25
YDL051W,0.25
YLR216C,0.25
YIL172C,0.25
YOR153W,0.25
YMR008C,0.25
YOL157C,0.25
YER065C,0.25
YIL138C,0.25
YPL262W,0.25
YOR323C,0.25
YPR160W,0.25
YCL054W,0.25
YGR162W,0.25
YBR145W,0.25
YOR099W,0.25
YJL012C,0.25
YDR496C,0.25
YOL055C,0.26
YKL181W,0.26
YEL031W,0.26
YEL047C,0.26
YOR332W,0.26
YOR185C,0.26
YOR184W,0.26
YML022W,0.26
YGL062W,0.26
YDL067C,0.26
YBL028C,0.26
YOR192C,0.26
YFR030W,0.26
YDR304C,0.26
YPL145C,0.26
YGL255W,0.26
YGL234W,0.26
YBR088C,0.26
YPR156C,0.26
YMR108W,0.26
YPL004C,0.26
YMR297W,0.26
YDR534C,0.26
YKL150W,0.26
YLR208W,0.26
YLR076C,0.26
YML106W,0.26
YMR305C,0.26
YPL187W,0.26
YER049W,0.26
YMR145C,0.26
YPR168W,0.26
YEL070W,0.26
YMR175W,0.26
YDR368W,0.26
YNR073C,0.26
YAR050W,0.26
YER052C,0.26
YAL054C,0.26
YLR449W,0.26
YBR154C,0.26
YGL202W,0.27
YGL206C,0.27
YNL145W,0.27
YFL037W,0.27
YBR283C,0.27
YKR093W,0.27
YNL037C,0.27
YBR034C,0.27
YKL104C,0.27
YBL024W,0.27
YHR087W,0.27
YCL026C-A,0.27
YBR089C-A,0.27
YDR055W,0.27
YGR234W,0.27
YMR203W,0.27
YDR070C,0.27
YPL225W,0.27
YPL078C,0.27
YCL030C,0.27
YPR165W,0.27
YOR168W,0.27
YGR103W,0.27
YGL078C,0.27
YNL189W,0.27
YNL239W,0.27
YNL121C,0.27
YLR342W,0.27
YNL247W,0.27
YDR453C,0.27
YOR298C-A,0.27
YJR117W,0.27
YHR025W,0.27
YKL001C,0.27
YOL030W,0.27
YOR374W,0.28
YOR230W,0.28
YOR382W,0.28
YNL131W,0.28
YKL117W,0.28
YJR133W,0.28
YBR263W,0.28
YLR363W-A,0.28
YGR061C,0.28
YML058W,0.28
YOL155C,0.28
YGR204W,0.28
YOR341W,0.28
YDR483W,0.28
YDR381W,0.28
YKR039W,0.28
YGL089C,0.28
YKL096W,0.28
YPL237W,0.28
YKL009W,0.28
YDR341C,0.28
YCL037C,0.28
YGL028C,0.28
YML085C,0.28
YGL187C,0.28
YKL172W,0.28
YPL117C,0.28
YJR010W,0.29
YDL171C,0.29
YFL034C-A,0.29
YNL104C,0.29
YDR210W,0.29
YPR033C,0.29
YGR019W,0.29
YPL058C,0.29
YLR244C,0.29
YJL130C,0.29
YAR073W,0.29
YOR187W,0.29
YDR399W,0.29
YOR071C,0.29
YNL016W,0.29
YCL026C-B,0.29
YMR318C,0.29
YBL045C,0.29
YIL066C,0.29
YFR009W,0.29
YOL097C,0.29
YGR264C,0.29
YPR016C,0.29
YLR438W,0.29
YMR146C,0.29
YER003C,0.29
YDR035W,0.29
YER062C,0.29
YMR099C,0.29
YPL160W,0.3
YPL036W,0.3
YOR361C,0.3
YOR045W,0.3
YIR019C,0.3
YOR302W,0.3
YOR065W,0.3
YAR066W,0.3
YLL026W,0.3
YJR150C,0.3
YNL066W,0.3
YOR270C,0.3
YLR192C,0.3
YMR083W,0.3
YJL079C,0.3
YHR216W,0.3
YER178W,0.3
YHR190W,0.3
YDL185W,0.3
YGR185C,0.3
YEL060C,0.3
YJL121C,0.3
YGR020C,0.3
YOL052C-A,0.3
YPR028W,0.3
YER126C,0.3
YMR079W,0.3
YPL226W,0.3
YMR202W,0.3
YLL053C,0.31
YIL169C,0.31
YMR309C,0.31
YER086W,0.31
YBR218C,0.31
YDR174W,0.31
YHR214W,0.31
YMR105C,0.31
YHR143W-A,0.31
YFL022C,0.31
YER057C,0.31
YLR359W,0.31
YDR034W-B,0.31
YCR028C-A,0.31
YBL039C,0.31
YDR510W,0.31
YIL094C,0.31
YIL162W,0.31
YFR044C,0.31
YKR097W,0.31
YML008C,0.31
YGR138C,0.31
YGL054C,0.31
YBR082C,0.31
YML078W,0.31
YER070W,0.31
YDR454C,0.31
YDL126C,0.31
YKL085W,0.31
YLR301W,0.31
YMR120C,0.32
YDL182W,0.32
YDL066W,0.32
YEL051W,0.32
YGL148W,0.32
YIL051C,0.32
YDR353W,0.32
YNL079C,0.32
YGL225W,0.32
YDL100C,0.32
YDR172W,0.32
YDL085C-A,0.32
YLL039C,0.32
YGR124W,0.32
YOR020C,0.32
YPR041W,0.32
YGL026C,0.32
YGL037C,0.32
YER177W,0.32
YML058W-A,0.33
YEL046C,0.33
YNL111C,0.33
YEL024W,0.33
YLR237W,0.33
YER009W,0.33
YJL080C,0.33
YOL154W,0.33
YAR002C-A,0.33
YMR241W,0.33
YLR060W,0.33
YKL035W,0.33
YAR075W,0.33
YHR215W,0.33
YAR071W,0.33
YDL131W,0.33
YBR143C,0.33
YNR016C,0.33
YER081W,0.33
YNR050C,0.33
YER025W,0.33
YCL050C,0.33
YBL076C,0.34
YBR072W,0.34
YGL009C,0.34
YBR286W,0.34
YLR300W,0.34
YNL220W,0.34
YGR008C,0.34
YBR221C,0.34
YDR276C,0.34
YBR039W,0.34
YLR262C-A,0.34
YNL300W,0.34
YER110C,0.34
YHL034C,0.35
YOR387C,0.35
YPL154C,0.35
YPR052C,0.35
YPL218W,0.35
YPR163C,0.35
YHR208W,0.35
YHR020W,0.35
YBR092C,0.35
YGR086C,0.35
YER044C,0.35
YBR079C,0.35
YLL018C,0.35
YLR038C,0.35
YMR173W,0.35
YAL035W,0.35
YGR155W,0.35
YPR149W,0.36
YDR432W,0.36
YPL093W,0.36
YGR037C,0.36
YIL123W,0.36
YPR069C,0.36
YKL156W,0.36
YHR128W,0.36
YKL182W,0.36
YJR077C,0.36
YMR011W,0.36
YOR276W,0.36
YGL258W,0.36
YNL055C,0.36
YMR251W-A,0.36
YMR015C,0.36
YOR009W,0.36
YLR153C,0.37
YLR372W,0.37
YDR091C,0.37
YPL282C,0.37
YDL084W,0.37
YPL028W,0.37
YNL010W,0.37
YML074C,0.37
YNL015W,0.37
YHR072W-A,0.37
YOR394W,0.37
YJR007W,0.37
YPR145W,0.37
YJR105W,0.37
YGR094W,0.37
YLR197W,0.37
YMR307W,0.37
YNL064C,0.37
YDR032C,0.37
YJL167W,0.37
YJR048W,0.37
YER036C,0.37
YJR104C,0.38
YBR162C,0.38
YOR204W,0.38
YER053C-A,0.38
YLR259C,0.38
YLR390W-A,0.38
YLR009W,0.38
YKL163W,0.38
YHR049W,0.38
YHR039C-A,0.38
YLR175W,0.38
YOR335C,0.38
YJR016C,0.38
YOR310C,0.39
YOL139C,0.39
YDR023W,0.39
YDR099W,0.39
YMR122W-A,0.39
YGL105W,0.39
YDL137W,0.39
YBR127C,0.39
YPL048W,0.4
YCR053W,0.4
YMR260C,0.4
YML126C,0.4
YHR019C,0.4
YDR233C,0.4
YJR070C,0.4
YCL043C,0.4
YHR179W,0.41
YPL231W,0.41
YHR094C,0.41
YOR198C,0.41
YOL058W,0.41
YIL078W,0.41
YAL012W,0.42
YNL255C,0.42
YJR121W,0.42
YNL112W,0.42
YGR209C,0.42
YDR037W,0.42
YDL208W,0.42
YHR068W,0.42
YGR144W,0.42
YBR121C,0.42
YDL184C,0.42
YDR158W,0.43
YOR210W,0.44
YCL018W,0.44
YMR121C,0.44
YDR086C,0.44
YDL133C-A,0.44
YGR175C,0.44
YJL034W,0.44
YBR067C,0.45
YOR122C,0.45
YDR044W,0.45
YNL160W,0.45
YBR054W,0.46
YFR053C,0.46
YDL232W,0.46
YHR064C,0.46
YGL245W,0.46
YLR432W,0.46
YBR093C,0.46
YDL022W,0.46
YLR304C,0.46
YLR303W,0.46
YMR217W,0.46
YML123C,0.46
YJR139C,0.47
YGR240C,0.47
YBL099W,0.47
YML056C,0.47
YGR282C,0.48
YAR020C,0.48
YDR345C,0.49
YLR043C,0.49
YPR074C,0.49
YGR159C,0.49
YER165W,0.49
YDL014W,0.49
YLR180W,0.49
YDR002W,0.49
YGR285C,0.5
YGR060W,0.5
YGR180C,0.5
YJL026W,0.5
YIL011W,0.5
YDR502C,0.5
YMR303C,0.51
YMR205C,0.51
YPL081W,0.51
YDR033W,0.51
YNL135C,0.51
YFL020C,0.51
YHR007C,0.51
YDR471W,0.52
YPL061W,0.52
YDL192W,0.52
YKL164C,0.52
YLR367W,0.52
YDR342C,0.52
YKR042W,0.52
YDR077W,0.52
YJR045C,0.52
YPL106C,0.52
YPL240C,0.52
YDR343C,0.52
YDL244W,0.53
YOR167C,0.53
YJR156C,0.53
YPR035W,0.53
YBR249C,0.53
YBR106W,0.53
YBL108C-A,0.53
YDR226W,0.53
YGL055W,0.54
YEL017C-A,0.54
YNL332W,0.54
YFL045C,0.54
YLL050C,0.54
YOR010C,0.54
YBL003C,0.54
YBL030C,0.54
YLR109W,0.55
YFL058W,0.55
YGR279C,0.55
YKL081W,0.55
YOR383C,0.55
YHR092C,0.55
YNL031C,0.56
YLR264W,0.56
YBL002W,0.56
YDR461W,0.56
YJR094W-A,0.57
YGL256W,0.57
YBR025C,0.57
YMR186W,0.58
YLR354C,0.58
YHR193C,0.58
YGL261C,0.58
YEL027W,0.58
YOL109W,0.58
YOR375C,0.59
YJL158C,0.59
YJL191W,0.59
YLR058C,0.59
YKR057W,0.6
YDL055C,0.6
YNL096C,0.6
YEL049W,0.6
YEL054C,0.6
YNL190W,0.6
YBR078W,0.6
YER011W,0.61
YLR333C,0.61
YDR155C,0.61
YPL037C,0.61
YIL133C,0.61
YHL046C,0.61
YBL087C,0.62
YHR183W,0.62
YJL159W,0.62
YLL025W,0.62
YDR542W,0.62
YCR104W,0.62
YMR194W,0.62
YBR011C,0.62
YBR010W,0.62
YLR293C,0.62
YAL068C,0.63
YKL224C,0.63
YNL030W,0.63
YLR448W,0.63
YLR344W,0.63
YLR406C,0.63
YFL014W,0.64
YGL253W,0.64
YER043C,0.64
YLR287C-A,0.64
YEL026W,0.64
YGR294W,0.65
YJL223C,0.65
YDL082W,0.65
YLR388W,0.65
YDR225W,0.65
YLR461W,0.65
YER117W,0.65
YIL176C,0.65
YLR037C,0.65
YER091C,0.66
YMR325W,0.66
YDR224C,0.66
YIR041W,0.66
YHR021C,0.66
YBR301W,0.66
YNR076W,0.67
YLL064C,0.67
YGR214W,0.67
YML073C,0.67
YCR024C-A,0.67
YMR143W,0.68
YKL006W,0.68
YJL177W,0.68
YBR196C,0.68
YNL301C,0.68
YFR032C-A,0.68
YHL001W,0.68
YOL161C,0.69
YBR084C-A,0.69
YJL136C,0.69
YIL053W,0.69
YBR191W,0.69
YJR145C,0.69
YGL103W,0.7
YLR441C,0.7
YDR025W,0.7
YOR312C,0.7
YLR185W,0.7
YJR047C,0.7
YDR500C,0.71
YBL027W,0.71
YDL130W,0.71
YML028W,0.71
YHR203C,0.71
YER131W,0.71
YFL039C,0.71
YAL005C,0.71
YDL081C,0.71
YER102W,0.72
YLR134W,0.72
YPL198W,0.72
YMR242C,0.72
YNL069C,0.72
YGR027C,0.72
YLR150W,0.72
YOR234C,0.73
YPL079W,0.73
YBR009C,0.73
YBR048W,0.73
YGR118W,0.73
YGR085C,0.73
YGL008C,0.73
YKL056C,0.73
YML026C,0.73
YLR048W,0.73
YIL148W,0.74
YMR142C,0.74
YDL075W,0.74
YGR034W,0.74
YKR094C,0.74
YHR010W,0.74
YOL127W,0.75
YKR059W,0.75
YOR096W,0.75
YPL143W,0.75
YBL072C,0.75
YOR182C,0.75
YJL138C,0.75
YIL018W,0.76
YIL069C,0.76
YGL031C,0.76
YDL061C,0.76
YDR447C,0.76
YDR524C-B,0.76
YDL083C,0.76
YDR382W,0.76
YGL076C,0.76
YAL003W,0.76
YNL302C,0.76
YER056C-A,0.76
YGR148C,0.76
YDL136W,0.76
YFR031C-A,0.77
YOL040C,0.77
YGL147C,0.77
YNL162W,0.77
YML063W,0.77
YDR418W,0.77
YKL096W-A,0.77
YNL209W,0.77
YLR249W,0.78
YMR116C,0.78
YLR325C,0.78
YIL052C,0.78
YDR064W,0.78
YNL067W,0.78
YPR102C,0.78
YDR450W,0.78
YLR029C,0.78
YGL189C,0.78
YPR132W,0.79
YOL121C,0.79
YLR340W,0.79
YNL178W,0.8
YOL039W,0.8
YLR355C,0.8
YOR133W,0.8
YBR031W,0.8
YGL123W,0.8
YLL024C,0.8
YDR385W,0.8
YHR141C,0.8
YJL190C,0.8
YMR230W,0.8
YDL191W,0.8
YPL249C-A,0.8
YDR012W,0.81
YKL180W,0.81
YML024W,0.81
YBR189W,0.81
YEL034W,0.81
YLR167W,0.81
YKL152C,0.81
YOL086C,0.81
YCR012W,0.81
YOL120C,0.81
YCR031C,0.81
YER074W,0.82
YBL092W,0.82
YDR050C,0.82
YDL229W,0.82
YPL220W,0.82
YGL135W,0.83
YPL131W,0.83
YHL015W,0.83
YLR075W,0.83
YOR063W,0.83
YHL033C,0.84
YOR293W,0.84
YPL090C,0.84
YOR369C,0.84
YJR123W,0.84
YBR181C,0.85
YLL045C,0.85
YJL052W,0.86
YGL030W,0.86
YLR061W,0.86
YPR043W,0.87
YLR110C,0.87
YPR080W,0.87
YKL060C,0.87
YGR254W,0.87
YBR118W,0.88
YHR174W,0.89
YAL038W,0.89
YLR044C,0.9
YJR009C,0.91
YGR192C,0.92
YJL189W,0.92
