Systematic Name,Codon Bias
Q0010,-0.56
Q0144,-0.55
Q0032,-0.47
YDL247W-A,-0.45
Q0142,-0.42
Q0143,-0.41
YGR174W-A,-0.33
YOL166C,-0.32
YBR131C-A,-0.32
YMR182W-A,-0.31
YBR223W-A,-0.28
YLR285C-A,-0.28
YDR194W-A,-0.28
YGL168W,-0.28
YPR146C,-0.27
YJL156W-A,-0.27
YML009W-B,-0.27
Q0092,-0.27
YNL277W-A,-0.26
YKL123W,-0.26
YEL033W,-0.25
YCR095W-A,-0.25
YOR293C-A,-0.25
YMR306C-A,-0.24
YLR156C-A,-0.24
YLR157C-C,-0.24
YLR159C-A,-0.24
YLR154C-H,-0.24
YHR052C-B,-0.24
YOR008W-B,-0.24
YHR054C-B,-0.24
YGR240C-A,-0.23
YAR035C-A,-0.23
YLR406C-A,-0.22
YMR194C-B,-0.22
YBR191W-A,-0.22
YMR254C,-0.22
YPR145C-A,-0.21
YBR141W-A,-0.21
YBR091C,-0.21
YNR075C-A,-0.21
YML047W-A,-0.21
YKL097C,-0.2
YLR202C,-0.2
YNR001W-A,-0.2
YPL261C,-0.2
Q0297,-0.2
YLR261C,-0.2
YHL005C,-0.19
YLR222C-A,-0.19
YNL205C,-0.19
YHR157W,-0.19
YHR199C-A,-0.19
YPL046C,-0.19
YMR242W-A,-0.19
YHR032W-A,-0.19
YNL303W,-0.19
YDR048C,-0.19
YOR105W,-0.18
YOR102W,-0.18
YHR175W-A,-0.18
YEL010W,-0.18
YCL001W-B,-0.18
YHR180W-A,-0.18
YFR057W,-0.18
YDR073W,-0.18
YIL071W-A,-0.18
YGR139W,-0.18
YPR195C,-0.18
YHL048C-A,-0.18
YOL155W-A,-0.18
YOL150C,-0.18
YIL030W-A,-0.18
YJL136W-A,-0.18
YMR030W-A,-0.18
Q0182,-0.18
YFR052C-A,-0.18
YBL006C,-0.17
YGR230W,-0.17
YML099W-A,-0.17
YPR087W,-0.17
Q0140,-0.17
YML116W-A,-0.17
YHR050W-A,-0.17
YAR053W,-0.17
YDR512C,-0.17
YNL067W-A,-0.16
YNL226W,-0.16
YHR032C-A,-0.16
YPR074W-A,-0.16
YJL127W-A,-0.16
YGR069W,-0.16
YER175W-A,-0.16
YMR150C,-0.16
YAL067W-A,-0.16
YAL064W-B,-0.16
YDR066C,-0.16
YJR058C,-0.16
YOR335W-A,-0.16
YMR057C,-0.16
YDR179C,-0.15
YLR011W,-0.15
YOR235W,-0.15
YGL239C,-0.15
YHR049C-A,-0.15
YML090W,-0.15
YER091C-A,-0.15
YNL188W,-0.15
YKL018C-A,-0.15
YJL142C,-0.15
YPL222C-A,-0.15
YBR064W,-0.15
YDR024W,-0.15
YKL066W,-0.15
YBR012C,-0.15
YMR316C-B,-0.15
YBR264C,-0.15
YHR212W-A,-0.15
YOL013W-B,-0.15
YDR510C-A,-0.15
YDR133C,-0.14
YDL169C,-0.14
YDR241W,-0.14
YLR102C,-0.14
YFL015W-A,-0.14
YLR311C,-0.14
YCL056C,-0.14
YJR140W-A,-0.14
YFL021C-A,-0.14
YMR086C-A,-0.14
YGL262W,-0.14
YAL055W,-0.14
YDL016C,-0.14
YLR120W-A,-0.14
YIL032C,-0.14
YGL007W,-0.14
YOR072W-A,-0.14
YNL170W,-0.14
YER181C,-0.14
YJR120W,-0.14
YNL269W,-0.14
YDR079W,-0.14
YHR130C,-0.14
YML100W-A,-0.14
YOL038C-A,-0.14
YHR173C,-0.14
YHR073C-B,-0.14
YGL007C-A,-0.14
YLL059C,-0.14
YML094C-A,-0.14
YMR304C-A,-0.14
YOR368W,-0.14
YFL031C-A,-0.14
YNL179C,-0.14
YKL100W-A,-0.14
YOR203W,-0.14
YJL144W,-0.13
YDR340W,-0.13
YER186C,-0.13
YDR163W,-0.13
YGL260W,-0.13
YKL106C-A,-0.13
YDR078C,-0.13
YGR045C,-0.13
YPL071C,-0.13
YOR199W,-0.13
YHR063W-A,-0.13
YKR083C,-0.13
YDR124W,-0.13
YPR170C,-0.13
YOR213C,-0.13
YPR094W,-0.13
YEL050W-A,-0.12
YDR532C,-0.12
YFR009W-A,-0.12
YGR050C,-0.12
YGR182C,-0.12
YGL006W-A,-0.12
YER092W,-0.12
YPL200W,-0.12
YGL063C-A,-0.12
YBL039W-B,-0.12
YLR181C,-0.12
YIL071C,-0.12
YIR014W,-0.12
YIR018C-A,-0.12
YDR183C-A,-0.12
YDR034C-A,-0.12
YBR178W,-0.12
YDR162C,-0.12
YIR025W,-0.12
YHR214W-A,-0.12
YDR246W-A,-0.12
YMR204C,-0.12
YKL096C-B,-0.12
YAR068W,-0.12
YKR047W,-0.12
YDR250C,-0.12
YGR227C-A,-0.12
YGR265W,-0.12
YIL046W-A,-0.12
YLR146W-A,-0.11
YFL012W,-0.11
YLR147C,-0.11
YML062C,-0.11
YML064C,-0.11
YIL122W,-0.11
YOR097C,-0.11
YJL105W,-0.11
YJL104W,-0.11
YMR158C-A,-0.11
YMR052W,-0.11
YDR167W,-0.11
YPR053C,-0.11
YHR191C,-0.11
YOR343C,-0.11
YPL166W,-0.11
YGR011W,-0.11
YHR125W,-0.11
YGR146C-A,-0.11
YIL100W,-0.11
YIL100C-A,-0.11
YER034W,-0.11
YER188C-A,-0.11
YER068C-A,-0.11
YHL041W,-0.11
YOR183W,-0.11
YGL165C,-0.11
YBL107C,-0.11
YOR029W,-0.11
YDR223W,-0.11
YER006C-A,-0.11
YOR376W-A,-0.11
YPL209C,-0.11
YJL046W,-0.11
YKL030W,-0.11
YHR073W-A,-0.11
YPL062W,-0.11
YDR219C,-0.11
YDR366C,-0.11
YDL098C,-0.11
YBR134W,-0.11
YCR001W,-0.11
YAL020C,-0.1
YLR053C,-0.1
YOR161C-C,-0.1
YDR043C,-0.1
R0010W,-0.1
YJR128W,-0.1
YGL005C,-0.1
YIL009C-A,-0.1
YOR258W,-0.1
YOR186C-A,-0.1
YLR227C,-0.1
YOR044W,-0.1
YAL026C-A,-0.1
YGL088W,-0.1
YJL150W,-0.1
YOR024W,-0.1
YGR107W,-0.1
YOR314W-A,-0.1
YOL097W-A,-0.1
YOL106W,-0.1
YKL145W-A,-0.1
YBR188C,-0.1
YOL032W,-0.1
YJL197C-A,-0.1
YHR002W,-0.1
YNL057W,-0.1
YBR103C-A,-0.1
YOR394C-A,-0.1
YDL142C,-0.1
YGR293C,-0.1
YOL110W,-0.1
YDR464C-A,-0.1
YKL137W,-0.1
YDR482C,-0.1
YOL024W,-0.1
YLR041W,-0.1
YGL183C,-0.1
YDR469W,-0.1
YDR136C,-0.1
YLR438C-A,-0.1
YLR280C,-0.1
YFR027W,-0.1
YAR047C,-0.1
YDL241W,-0.09
YKL052C,-0.09
YER153C,-0.09
YLR111W,-0.09
YDL115C,-0.09
YPL038W-A,-0.09
YJR107C-A,-0.09
YMR119W-A,-0.09
YCR097W-A,-0.09
YLR140W,-0.09
YIR020C,-0.09
YCR096C,-0.09
YAL034C-B,-0.09
YCR095C,-0.09
YOR257W,-0.09
YLR191W,-0.09
YOR364W,-0.09
YAL037W,-0.09
YLR163W-A,-0.09
YER087C-A,-0.09
YCR018C-A,-0.09
YJR055W,-0.09
YBR013C,-0.09
YLR456W,-0.09
YPR064W,-0.09
YNL067W-B,-0.09
YJL182C,-0.09
YJL184W,-0.09
YDR118W,-0.09
YAR029W,-0.09
YKR101W,-0.09
YHR034C,-0.09
YJR097W,-0.09
YPR077C,-0.09
YBR226C,-0.09
YNL296W,-0.09
YOL009C,-0.09
YGR099W,-0.09
YOL037C,-0.09
YKR073C,-0.09
YDR173C,-0.09
YDR419W,-0.09
YOR072W-B,-0.09
YKL165C-A,-0.09
YDR254W,-0.09
YCR006C,-0.09
YJR100C,-0.09
YER029C,-0.09
YOR161W-B,-0.09
YNR077C,-0.09
YOR148C,-0.09
YGL132W,-0.09
YEL012W,-0.09
YDR315C,-0.09
YKL136W,-0.09
YBL025W,-0.09
YIL105W-A,-0.09
YOL166W-A,-0.09
YBL046W,-0.09
YEL072W,-0.09
YBR098W,-0.09
YDL160C-A,-0.08
YJR050W,-0.08
YDR281C,-0.08
YBR175W,-0.08
YER158W-A,-0.08
YER058W,-0.08
YDR442W,-0.08
YPL003W,-0.08
YPR002C-A,-0.08
YPR014C,-0.08
YLR101C,-0.08
YJR087W,-0.08
YLL046C,-0.08
YKR029C,-0.08
YEL073C,-0.08
YJR079W,-0.08
YCR087W,-0.08
YDR543C,-0.08
YDL007C-A,-0.08
YER097W,-0.08
YBR300C,-0.08
YPL144W,-0.08
YCR101C,-0.08
YBR271W,-0.08
YPL151C,-0.08
YPR106W,-0.08
YPR122W,-0.08
YPR039W,-0.08
YAL069W,-0.08
YLR154C-G,-0.08
YGR163W,-0.08
YOR292C,-0.08
YJL077C,-0.08
YNL129W,-0.08
YOR304C-A,-0.08
YGL226W,-0.08
YOR329W-A,-0.08
YGR151C,-0.08
YJL075C,-0.08
YHR156C,-0.08
YLR331C,-0.08
YOL159C-A,-0.08
YLR264C-A,-0.08
YGR222W,-0.08
YOR289W,-0.08
YJL152W,-0.08
YLR226W,-0.08
YHL034W-A,-0.08
YGL204C,-0.08
YLR412W,-0.08
YER187W,-0.08
YNR024W,-0.08
YNL337W,-0.07
YLR269C,-0.07
YDR446W,-0.07
YDR445C,-0.07
YDR157W,-0.07
YOL001W,-0.07
YMR299C,-0.07
YOR011W-A,-0.07
YAR031W,-0.07
YDR520C,-0.07
YAR014C,-0.07
YDR095C,-0.07
R0020C,-0.07
YGL041C-B,-0.07
YNR020C,-0.07
YLR242C,-0.07
YML119W,-0.07
YCL002C,-0.07
YPR016W-A,-0.07
YDR491C,-0.07
YOL044W,-0.07
YLR297W,-0.07
YKL225W,-0.07
YDR260C,-0.07
YDR249C,-0.07
YNR042W,-0.07
YLR365W,-0.07
YNL043C,-0.07
YBL008W-A,-0.07
YLR338W,-0.07
YBR128C,-0.07
YBL071C-B,-0.07
YKL160W,-0.07
YNL120C,-0.07
YJL133W,-0.07
YDR439W,-0.07
YBR153W,-0.07
YHR071C-A,-0.07
YNL159C,-0.07
YDR374W-A,-0.07
YGR161W-C,-0.07
YDR183W,-0.07
YDR406W-A,-0.07
YBR209W,-0.07
YOL079W,-0.07
YMR155W,-0.07
YHR081W,-0.07
YDR431W,-0.07
YNL199C,-0.07
YDR360W,-0.07
YOR131C,-0.07
YJL161W,-0.07
YGL240W,-0.07
YOR189W,-0.07
YML084W,-0.07
YLR145W,-0.07
YDL216C,-0.07
YDL176W,-0.07
YML012C-A,-0.07
YER107C,-0.07
YIR005W,-0.07
YML057C-A,-0.07
YCR086W,-0.07
YPL033C,-0.07
YMR052C-A,-0.07
YJL028W,-0.07
YDR005C,-0.07
YPL136W,-0.07
YIL027C,-0.07
YMR018W,-0.07
YLR124W,-0.07
YLR230W,-0.07
YMR059W,-0.07
YMR077C,-0.07
YIL004C,-0.07
YFR018C,-0.07
YKR004C,-0.07
YEL032C-A,-0.07
YGL118C,-0.07
YJL003W,-0.07
YJR036C,-0.07
YEL014C,-0.07
YGL138C,-0.07
YKL058W,-0.07
YFL063W,-0.07
YOR384W,-0.07
YOR376W,-0.07
YJL004C,-0.07
YOR366W,-0.07
YER016W,-0.07
YJR056C,-0.07
YFL012W-A,-0.07
YGL155W,-0.07
YGL174W,-0.07
YGL177W,-0.07
YIL047C-A,-0.07
YFL003C,-0.07
YAL034W-A,-0.07
YKR012C,-0.07
YPL096W,-0.07
YNL133C,-0.06
YML021C,-0.06
YML003W,-0.06
YNL097C-B,-0.06
YKL162C,-0.06
YHR004C,-0.06
YHL006C,-0.06
YDL118W,-0.06
YDL114W,-0.06
YLR361C-A,-0.06
YKL048C,-0.06
YBR144C,-0.06
YNL140C,-0.06
YMR141C,-0.06
YJL205C,-0.06
YIL096C,-0.06
YIL092W,-0.06
YHR214C-E,-0.06
YIL079C,-0.06
YIL073C,-0.06
YIL054W,-0.06
YCR025C,-0.06
YMR269W,-0.06
YMR290W-A,-0.06
YDR130C,-0.06
YMR316C-A,-0.06
YCR085W,-0.06
YMR087W,-0.06
YDR137W,-0.06
YHR153C,-0.06
YBR254C,-0.06
YKR063C,-0.06
YHR150W,-0.06
YDR014W,-0.06
YLR434C,-0.06
YNL235C,-0.06
YDR003W,-0.06
YNL223W,-0.06
YDL006W,-0.06
YIL002C,-0.06
YNL185C,-0.06
YMR035W,-0.06
YBR186W,-0.06
YHR213W-A,-0.06
YLL020C,-0.06
YDL094C,-0.06
YPR005C,-0.06
YGR122W,-0.06
YGL257C,-0.06
YPR109W,-0.06
YGL247W,-0.06
YJR112W,-0.06
YPR108W-A,-0.06
YPL080C,-0.06
YOL026C,-0.06
YLR235C,-0.06
YPR104C,-0.06
YLR279W,-0.06
YDR473C,-0.06
YER035W,-0.06
YGL146C,-0.06
YOR242C,-0.06
YOR008C-A,-0.06
YGR015C,-0.06
YGL074C,-0.06
YLR255C,-0.06
YER076W-A,-0.06
YOR205C,-0.06
YGL190C,-0.06
YER051W,-0.06
YJR099W,-0.06
YLR252W,-0.06
YPL013C,-0.06
YBR065C,-0.06
YPL008W,-0.06
YGL033W,-0.06
YJR146W,-0.06
YGR127W,-0.06
YPR142C,-0.06
YGL044C,-0.06
YBR005W,-0.06
YGR242W,-0.06
YPL193W,-0.06
YPL254W,-0.06
YBL059W,-0.06
YER173W,-0.06
YDR320C-A,-0.06
YBL100W-C,-0.06
YOR353C,-0.06
YGR190C,-0.06
YEL004W,-0.06
YGR137W,-0.06
YLR067C,-0.06
YGR251W,-0.06
YOR305W,-0.06
YDR355C,-0.06
YLR112W,-0.06
YJL131C,-0.06
YDR362C,-0.06
YOL128C,-0.06
YEL028W,-0.06
YPL119C-A,-0.06
YPL100W,-0.06
YJL006C,-0.06
YDR371W,-0.06
YGL258W-A,-0.06
YJR082C,-0.06
YOL085C,-0.06
YGR176W,-0.06
YFR005C,-0.06
YCR075C,-0.05
YCR039C,-0.05
YCR027C,-0.05
YMR101C,-0.05
YMR064W,-0.05
YPL007C,-0.05
YCR092C,-0.05
YMR066W,-0.05
YOR248W,-0.05
YMR065W,-0.05
YLR104W,-0.05
YCR102W-A,-0.05
YDL206W,-0.05
YLR127C,-0.05
YLR169W,-0.05
YPL170W,-0.05
YML041C,-0.05
YPL005W,-0.05
YOR159C,-0.05
YNL009W,-0.05
YMR105W-A,-0.05
YLR412C-A,-0.05
YPR141C,-0.05
YBR219C,-0.05
YOL108C,-0.05
YLR003C,-0.05
YOL113W,-0.05
YLR316C,-0.05
YNL151C,-0.05
YBR184W,-0.05
YBR163W,-0.05
YLR323C,-0.05
YKR100C,-0.05
YNL100W,-0.05
YOL146W,-0.05
YNL082W,-0.05
YNL056W,-0.05
YNL029C,-0.05
YNR025C,-0.05
YBR027C,-0.05
YLR431C,-0.05
YML047C,-0.05
YNL286W,-0.05
YBR246W,-0.05
YML098W,-0.05
YPR003C,-0.05
YMR137C,-0.05
YLR238W,-0.05
YPR057W,-0.05
YCL042W,-0.05
YCL047C,-0.05
YCL067C,-0.05
YOR060C,-0.05
YPR066W,-0.05
YKR044W,-0.05
YBR290W,-0.05
YMR284W,-0.05
YPR068C,-0.05
YKR051W,-0.05
YPR071W,-0.05
YBR270C,-0.05
YLR271W,-0.05
YPR095C,-0.05
YLR289W,-0.05
YMR187C,-0.05
YML046W,-0.05
YHR132W-A,-0.05
YDR147W,-0.05
YDR142C,-0.05
YGR238C,-0.05
YDR466W,-0.05
YER138W-A,-0.05
YGR134W,-0.05
YJL086C,-0.05
YKL223W,-0.05
YDR031W,-0.05
YGR093W,-0.05
YGR098C,-0.05
YJL030W,-0.05
YER159C,-0.05
YJL103C,-0.05
YHR159W,-0.05
YDR313C,-0.05
YIL049W,-0.05
YKL090W,-0.05
YGR252W,-0.05
YDR199W,-0.05
YDR379W,-0.05
YIL029W-A,-0.05
YDR351W,-0.05
YHR154W,-0.05
YIL037C,-0.05
YJL022W,-0.05
YDR514C,-0.05
YDR332W,-0.05
YGR196C,-0.05
YEL068C,-0.05
YEL041W,-0.05
YER059W,-0.05
YDR182W,-0.05
YDR253C,-0.05
YGR062C,-0.05
YHR011W,-0.05
YER079C-A,-0.05
YDL028C,-0.05
YDR203W,-0.05
YJR023C,-0.05
YGL032C,-0.05
YHR015W,-0.04
YDR289C,-0.04
YAR070C,-0.04
YER147C,-0.04
YBR045C,-0.04
YKL156C-A,-0.04
YER139C,-0.04
YOR333C,-0.04
YBL077W,-0.04
YBL084C,-0.04
YBR150C,-0.04
YNL318C,-0.04
YIL152W,-0.04
YDR318W,-0.04
YPL216W,-0.04
YLL065W,-0.04
YJR010C-A,-0.04
YMR282C,-0.04
YMR274C,-0.04
YBR022W,-0.04
YER185W,-0.04
YDR274C,-0.04
YMR287C,-0.04
YAR023C,-0.04
YLR342W-A,-0.04
YHR209W,-0.04
YDR279W,-0.04
YNR066C,-0.04
YLR455W,-0.04
YBL012C,-0.04
YMR316W,-0.04
YBR076C-A,-0.04
YLR345W,-0.04
YLR151C,-0.04
YGR188C,-0.04
YLR329W,-0.04
YFR034W-A,-0.04
YER137W-A,-0.04
YER137C,-0.04
YNL046W,-0.04
YDR495C,-0.04
YPR076W,-0.04
YLR368W,-0.04
YJR083C,-0.04
YJR086W,-0.04
YHL012W,-0.04
YHR095W,-0.04
YPL083C,-0.04
YJR089W,-0.04
YPR051W,-0.04
YHR124W,-0.04
YNL165W,-0.04
YEL059C-A,-0.04
YJL180C,-0.04
YLR064W,-0.04
YHR070C-A,-0.04
YEL005C,-0.04
YJL181W,-0.04
YPL041C,-0.04
YLR085C,-0.04
YNL126W,-0.04
YNL122C,-0.04
YPL035C,-0.04
YPR025C,-0.04
YHR152W,-0.04
YLR366W,-0.04
YPL114W,-0.04
YDR350C,-0.04
YNL295W,-0.04
YLL003W,-0.04
YKL206C,-0.04
YPR203W,-0.04
YPR198W,-0.04
YJL222W-A,-0.04
YPL157W,-0.04
YER129W,-0.04
YLR014C,-0.04
YLR119W,-0.04
YHR129C,-0.04
YPR161C,-0.04
YPR147C,-0.04
YJR071W,-0.04
YLR424W,-0.04
YNL275W,-0.04
YLR024C,-0.04
YNL260C,-0.04
YPR134W,-0.04
YPR131C,-0.04
YPR119W,-0.04
YNL038W,-0.04
YER098W,-0.04
YNL012W,-0.04
YKR091W,-0.04
YOR339C,-0.04
YCL005W,-0.04
YMR026C,-0.04
YKL061W,-0.04
YKL102C,-0.04
YJL038C,-0.04
YMR100W,-0.04
YOL065C,-0.04
YOR078W,-0.04
YOR193W,-0.04
YMR025W,-0.04
YOR194C,-0.04
YGR131W,-0.04
YDL035C,-0.04
YDL209C,-0.04
YBR296C-A,-0.04
YGR057C,-0.04
YMR127C,-0.04
YBR288C,-0.04
YDR118W-A,-0.04
YOL018C,-0.04
YGL214W,-0.04
YMR134W,-0.04
YDL023C,-0.04
YIL089W,-0.04
YKR030W,-0.04
YKL011C,-0.04
YIL017C,-0.04
YCR081C-A,-0.04
YMR060C,-0.04
YGL093W,-0.04
YKL083W,-0.04
YKR010C,-0.04
YGR071C,-0.04
YKL086W,-0.04
YCR032W,-0.04
YDR057W,-0.04
YCR026C,-0.04
YOR137C,-0.04
YGR121W-A,-0.04
YGL063W,-0.04
YGL134W,-0.04
YIL029C,-0.04
YMR044W,-0.04
YDR076W,-0.04
YMR036C,-0.04
YKL098W,-0.04
YOR156C,-0.04
YOL013C,-0.04
YDR128W,-0.04
YJL071W,-0.04
YMR135C,-0.04
YOR266W,-0.04
YDR179W-A,-0.04
YML101C,-0.04
YIR040C,-0.04
YJL011C,-0.04
YDL120W,-0.04
YML023C,-0.04
YOR036W,-0.04
YGR153W,-0.04
YGL243W,-0.04
YAL010C,-0.04
YOR295W,-0.04
YOL112W,-0.04
YGR164W,-0.04
YJL089W,-0.04
YMR160W,-0.04
YML116W,-0.04
YLR312C,-0.04
YDL107W,-0.04
YOR005C,-0.04
YML036W,-0.04
YIL127C,-0.04
YGL251C,-0.04
YDR027C,-0.04
YDL059C,-0.04
YLR193C,-0.04
YMR144W,-0.04
YKR064W,-0.04
YJL026C-A,-0.04
YOR059C,-0.04
YIR024C,-0.04
YIR030C,-0.04
YBR224W,-0.04
YGL220W,-0.04
YDL062W,-0.04
YLR275W,-0.04
YBR257W,-0.04
YKL138C-A,-0.04
YDR169C,-0.04
YOR062C,-0.03
YPL077C,-0.03
YOR114W,-0.03
YPL068C,-0.03
YPL075W,-0.03
YOR020W-A,-0.03
YPL135C-A,-0.03
YOR080W,-0.03
YGR275W,-0.03
YGL072C,-0.03
YPL039W,-0.03
YGL057C,-0.03
YOR003W,-0.03
YJL095W,-0.03
YOR050C,-0.03
YPL052W,-0.03
YER093C,-0.03
YLR273C,-0.03
YER085C,-0.03
YPL034W,-0.03
YOL014W,-0.03
YFR042W,-0.03
YGR101W,-0.03
YOL095C,-0.03
YGR221C,-0.03
YJL023C,-0.03
YER180C,-0.03
YOL160W,-0.03
YLR334C,-0.03
YOL159C,-0.03
YFL052W,-0.03
YOL148C,-0.03
YFL023W,-0.03
YLR154W-E,-0.03
YJR012C,-0.03
YOR350C,-0.03
YOR345C,-0.03
YOR346W,-0.03
YFR032C-B,-0.03
YFR034C,-0.03
YDL087C,-0.03
YFR039C,-0.03
YOL144W,-0.03
YOR300W,-0.03
YOL131W,-0.03
YFR026C,-0.03
YOR231C-A,-0.03
YOR214C,-0.03
YOL078W,-0.03
YGL124C,-0.03
YPL150W,-0.03
YLR122C,-0.03
YLR223C,-0.03
YPL161C,-0.03
YGL131C,-0.03
YPL162C,-0.03
YLR128W,-0.03
YLR358C,-0.03
YGR168C,-0.03
YGL142C,-0.03
YPL168W,-0.03
YJL047C,-0.03
YOR170W,-0.03
YGL172W,-0.03
YPL174C,-0.03
YGR259C,-0.03
YPL186C,-0.03
YER140W,-0.03
YER145C-A,-0.03
YGL193C,-0.03
YER147C-A,-0.03
YOL073C,-0.03
YER113C,-0.03
YPL029W,-0.03
YLR265C,-0.03
YDR229W,-0.03
YHR193C-A,-0.03
YMR209C,-0.03
YAL037C-A,-0.03
YMR232W,-0.03
YBR103W,-0.03
YDR244W,-0.03
YMR239C,-0.03
YDR061W,-0.03
YBR090C,-0.03
YMR071C,-0.03
YBR066C,-0.03
YDR255C,-0.03
YBR063C,-0.03
YMR257C,-0.03
YCR013C,-0.03
YCR019W,-0.03
YBR058C-A,-0.03
YHR185C,-0.03
YAR019W-A,-0.03
YMR293C,-0.03
YMR068W,-0.03
YBR007C,-0.03
YDR282C,-0.03
YBL014C,-0.03
YLL033W,-0.03
YCR040W,-0.03
YBR284W,-0.03
YBL052C,-0.03
YCR064C,-0.03
YHR014W,-0.03
YBL061C,-0.03
YMR197C,-0.03
YMR179W,-0.03
YDR102C,-0.03
YKL105C,-0.03
YAL024C,-0.03
YDR131C,-0.03
R0030W,-0.03
YDR140W,-0.03
YBR253W,-0.03
YDR094W,-0.03
YCL066W,-0.03
YBR228W,-0.03
YMR138W,-0.03
YBR211C,-0.03
YAL033W,-0.03
YBR206W,-0.03
YBR204C,-0.03
YMR154C,-0.03
YML113W,-0.03
YDR187C,-0.03
YDR192C,-0.03
YKR087C,-0.03
YMR163C,-0.03
YDR198C,-0.03
YMR094W,-0.03
YBR165W,-0.03
YKR095W-A,-0.03
YMR171C,-0.03
YDR081C,-0.03
YDR206W,-0.03
YDR217C,-0.03
YAL001C,-0.03
YLR444C,-0.03
YIL023C,-0.03
YDR022C,-0.03
YPR117W,-0.03
YDR444W,-0.03
YCR076C,-0.03
YNL242W,-0.03
YPR101W,-0.03
YDR484W,-0.03
YDL183C,-0.03
YPR085C,-0.03
YLR046C,-0.03
YDL180W,-0.03
YMR003W,-0.03
YNL198C,-0.03
YKL053C-A,-0.03
YDL139C,-0.03
YDL119C,-0.03
YDL069C,-0.03
YML037C,-0.03
YJL193W,-0.03
YLR070C,-0.03
YHR028W-A,-0.03
YER038C,-0.03
YNL127W,-0.03
YER046W-A,-0.03
YPL011C,-0.03
YAL068W-A,-0.03
YDR433W,-0.03
YLR426W,-0.03
YNL252C,-0.03
YDL220C,-0.03
YIL001W,-0.03
YDR319C,-0.03
YLL019W-A,-0.03
YBL073W,-0.03
YDR013W,-0.03
YKL006C-A,-0.03
YDR004W,-0.03
YNL326C,-0.03
YNL282W,-0.03
YBL107W-A,-0.03
YBL108W,-0.03
YDR344C,-0.03
YIL059C,-0.03
YDR370C,-0.03
YDR383C,-0.03
YHR145C,-0.03
YHR144C,-0.03
YNL293W,-0.03
YPR199C,-0.03
YIR009W,-0.03
YPR186C,-0.03
YKL070W,-0.03
YJL110C,-0.02
YAL066W,-0.02
YIR015W,-0.02
YML077W,-0.02
YOL017W,-0.02
YAL056W,-0.02
YIL014C-A,-0.02
YLR296W,-0.02
YIR017C,-0.02
YOL054W,-0.02
YJL090C,-0.02
YGR070W,-0.02
YMR013C,-0.02
YIR030W-A,-0.02
YGR056W,-0.02
YML089C,-0.02
YML005W,-0.02
YMR097C,-0.02
YOL008W,-0.02
YIL028W,-0.02
YOL053W,-0.02
YNL092W,-0.02
YMR130W,-0.02
YJL163C,-0.02
YNL001W,-0.02
YNL008C,-0.02
YGR271C-A,-0.02
YLR360W,-0.02
YNL285W,-0.02
YLR428C,-0.02
YLR425W,-0.02
YHL037C,-0.02
YNL032W,-0.02
YHR120W,-0.02
YNL227C,-0.02
YNL054W,-0.02
YHR109W,-0.02
YHR105W,-0.02
YLR404W,-0.02
YNL176C,-0.02
YHR075C,-0.02
YHL010C,-0.02
YNL171C,-0.02
YJL202C,-0.02
YLR392C,-0.02
YNL136W,-0.02
YNL130C-A,-0.02
YNL107W,-0.02
YGR269W,-0.02
YML096W,-0.02
YLR442C,-0.02
YLR349W,-0.02
YML102W,-0.02
YIL097W,-0.02
YML104C,-0.02
YOL101C,-0.02
YLR307W,-0.02
YMR153W,-0.02
YJL127C,-0.02
YMR159C,-0.02
YOL116W,-0.02
YGR169C-A,-0.02
YML118W,-0.02
YMR176W,-0.02
YMR228W,-0.02
YOL149W,-0.02
YHR187W,-0.02
YGR217W,-0.02
YJL146W,-0.02
YGR233C,-0.02
YHR167W,-0.02
YNR059W,-0.02
YHR160C,-0.02
YMR320W,-0.02
YNR049C,-0.02
YGR243W,-0.02
YNL329C,-0.02
YNR032C-A,-0.02
YNL258C,-0.02
YKR022C,-0.02
YJL083W,-0.02
YBR275C,-0.02
YPL097W,-0.02
YJR084W,-0.02
YDR126W,-0.02
YJR090C,-0.02
YKR055W,-0.02
YER107W-A,-0.02
YPL045W,-0.02
YER054C,-0.02
YPL021W,-0.02
YPL018W,-0.02
YJR101W,-0.02
YKL139W,-0.02
YBR200W-A,-0.02
YBR255W,-0.02
YEL016C,-0.02
YDR108W,-0.02
YDR082W,-0.02
YER170W,-0.02
YKR021W,-0.02
YER161C,-0.02
YCR007C,-0.02
YDR079C-A,-0.02
YPL238C,-0.02
YLR135W,-0.02
YCL022C,-0.02
YPL202C,-0.02
YER142C,-0.02
YPL194W,-0.02
YJR062C,-0.02
YPL181W,-0.02
YCL027W,-0.02
YLR152C,-0.02
YDR058C,-0.02
YLR066W,-0.02
YDR193W,-0.02
YKL218C,-0.02
YPR178W,-0.02
YDR409W,-0.02
YBR055C,-0.02
YLL051C,-0.02
YDR364C,-0.02
YBR057C,-0.02
YDR357C,-0.02
YBL089W,-0.02
YBL088C,-0.02
YBL065W,-0.02
YDR288W,-0.02
YDR286C,-0.02
YBL021C,-0.02
YLL042C,-0.02
YEL035C,-0.02
YLR020C,-0.02
YLL060C,-0.02
YJR129C,-0.02
YBR168W,-0.02
YDR205W,-0.02
YJR135C,-0.02
YDR525W,-0.02
YDR220C,-0.02
YDR259C,-0.02
YDR499W,-0.02
YKR104W,-0.02
YBR120C,-0.02
YDR458C,-0.02
YBR116C,-0.02
YDR252W,-0.02
YLR025W,-0.02
YDR493W,-0.02
YPL272C,-0.02
YER133W-A,-0.02
YFL065C,-0.02
YLR246W,-0.02
YCR100C,-0.02
YOR083W,-0.02
YOR296W,-0.02
YLR184W,-0.02
YFR056C,-0.02
YGL073W,-0.02
YGL249W,-0.02
YKL033W,-0.02
YDL239C,-0.02
YGL086W,-0.02
YDL217C,-0.02
YDL036C,-0.02
YOR231W,-0.02
YGL108C,-0.02
YOR135C,-0.02
YGL194C,-0.02
YGL123C-A,-0.02
YOR200W,-0.02
YDL175C,-0.02
YGL181W,-0.02
YGL179C,-0.02
YGL169W,-0.02
YOR064C,-0.02
YOR298W,-0.02
YFR049W,-0.02
YOR180C,-0.02
YJR024C,-0.02
YOR034C-A,-0.02
YOR037W,-0.02
YFL040W,-0.02
YJR003C,-0.02
YCR094W,-0.02
YOR372C,-0.02
YGR025W,-0.02
YFL046W,-0.02
YDL002C,-0.02
YGR036C,-0.02
YDL073W,-0.02
YGR004W,-0.02
YFR046C,-0.02
YOR315W,-0.02
YIR020W-A,-0.01
YHR218W,-0.01
YHR164C,-0.01
YDL063C,-0.01
YBL010C,-0.01
YBR129C,-0.01
YDL099W,-0.01
YBR123C,-0.01
YDL104C,-0.01
YDR218C,-0.01
YDL065C,-0.01
YDR239C,-0.01
YDL129W,-0.01
YMR270C,-0.01
YML017W,-0.01
YDR275W,-0.01
YMR178W,-0.01
YHR184W,-0.01
YDR277C,-0.01
YDR278C,-0.01
YMR262W,-0.01
YDL108W,-0.01
YDL154W,-0.01
YHR189W,-0.01
YHR166C,-0.01
YDR262W,-0.01
YML007W,-0.01
YML006C,-0.01
YMR240C,-0.01
YDR185C,-0.01
YMR172W,-0.01
YDR121W,-0.01
YBR276C,-0.01
YBR278W,-0.01
YDR110W,-0.01
YIL068W-A,-0.01
YIL067C,-0.01
YMR307C-A,-0.01
YDR106W,-0.01
YCL061C,-0.01
YDR085C,-0.01
YIR007W,-0.01
YCL036W,-0.01
YMR091C,-0.01
YMR055C,-0.01
YDR016C,-0.01
YDR030C,-0.01
YDR080W,-0.01
YCR079W,-0.01
YCR060W,-0.01
YDR042C,-0.01
YIL024C,-0.01
YMR132C,-0.01
YBR138C,-0.01
YIL072W,-0.01
YBR262C,-0.01
YML002W,-0.01
YMR165C,-0.01
YBR156C,-0.01
YBR174C,-0.01
YIL150C,-0.01
YBR182C-A,-0.01
YDL057W,-0.01
YCR033W,-0.01
YDR184C,-0.01
YBR199W,-0.01
YDL200C,-0.01
YIL142C-A,-0.01
YBR210W,-0.01
YDL207W,-0.01
YBR217W,-0.01
YIL106W,-0.01
YDR151C,-0.01
YBR240C,-0.01
YDL027C,-0.01
YIR010W,-0.01
YBR259W,-0.01
YDL017W,-0.01
YMR311C,-0.01
YPR105C,-0.01
YBL019W,-0.01
YFL034C-B,-0.01
YGR199W,-0.01
YOR392W,-0.01
YGR212W,-0.01
YGR216C,-0.01
YFL066C,-0.01
YPL268W,-0.01
YPL255W,-0.01
YNR069C,-0.01
YNR068C,-0.01
YPL241C,-0.01
YPL230W,-0.01
YPL189W,-0.01
YNR023W,-0.01
YPL180W,-0.01
YNR007C,-0.01
YPL176C,-0.01
YPL175W,-0.01
YPL164C,-0.01
YER135C,-0.01
YPL148C,-0.01
YPL124W,-0.01
YNL026W,-0.01
YPL120W,-0.01
YER106W,-0.01
YGR179C,-0.01
YOL135C,-0.01
YOL129W,-0.01
YOR308C,-0.01
YGR046W,-0.01
YGR024C,-0.01
YOR001W,-0.01
YGR007W,-0.01
YOL002C,-0.01
YGR003W,-0.01
YGL023C,-0.01
YOR104W,-0.01
YGL075C,-0.01
YOR130C,-0.01
YOR134W,-0.01
YGR102C,-0.01
YHL020C,-0.01
YOR144C,-0.01
YOR188W,-0.01
YOL068C,-0.01
YOR208W,-0.01
YGR140W,-0.01
YOR236W,-0.01
YGR147C,-0.01
YOL099C,-0.01
YOR249C,-0.01
YGR150C,-0.01
YOR297C,-0.01
YGR166W,-0.01
YOL118C,-0.01
YOL042W,-0.01
YBL013W,-0.01
YPL112C,-0.01
YPL099C,-0.01
YDR488C,-0.01
YDR478W,-0.01
YGR044C,-0.01
YNL236W,-0.01
YDR448W,-0.01
YNL254C,-0.01
YNL257C,-0.01
YDR440W,-0.01
YHR136C,-0.01
YDR423C,-0.01
YDR421W,-0.01
YPR152C,-0.01
YHR139C-A,-0.01
YPR182W,-0.01
YDR405W,-0.01
YNL291C,-0.01
YDR386W,-0.01
YHR149C,-0.01
YDR329C,-0.01
YNL314W,-0.01
YBL097W,-0.01
YNL317W,-0.01
YBL071C,-0.01
YBL062W,-0.01
YMR326C,-0.01
YPR070W,-0.01
YNL222W,-0.01
YDR535C,-0.01
YHR091C,-0.01
YER087W,-0.01
YPL064C,-0.01
YPL049C,-0.01
YNL076W,-0.01
YNL090W,-0.01
YPL022W,-0.01
YNL103W,-0.01
YHR017W,-0.01
YPL017C,-0.01
YER044C-A,-0.01
YER033C,-0.01
YPR002W,-0.01
YHL013C,-0.01
YER005W,-0.01
YNL146W,-0.01
YNL148C,-0.01
YPR015C,-0.01
YPR027C,-0.01
YNL167C,-0.01
YEL067C,-0.01
YPR056W,-0.01
YHR078W,-0.01
YNL184C,-0.01
YHR079C,-0.01
YEL074W,-0.01
YHR085W,-0.01
YHR040W,-0.01
YDL076C,-0.01
YMR008C-A,-0.01
YLR339C,-0.01
YLL004W,-0.01
YLL002W,-0.01
YLR243W,-0.01
YLR204W,-0.01
YJR093C,-0.01
YKR068C,-0.01
YLL006W,-0.01
YLR443W,-0.01
YJR030C,-0.01
YML082W,-0.01
YLR446W,-0.01
YKL188C,-0.01
YLR189C,-0.01
YLR099W-A,-0.01
YAR027W,-0.01
YLR225C,-0.01
YJL058C,-0.01
YLR326W,-0.01
YKL022C,-0.01
YLR199C,-0.01
YLR346C,-0.01
YJL162C,-0.01
YLL036C,-0.01
YLR422W,-0.01
YKR036C,-0.01
YML068W,-0.01
YLR154W-A,-0.01
YKL023W,-0.01
YML066C,-0.01
YLR114C,-0.01
YJL077W-A,-0.01
YJL156C,-0.01
YLR107W,-0.01
YKL222C,-0.01
YKL116C,-0.01
YJL218W,-0.01
YKR078W,-0.01
YLR091W,-0.01
YLR123C,-0.01
YAL027W,-0.01
YKR098C,-0.01
YJL099W,-0.01
YLR451W,-0.01
YJL107C,-0.01
YLR039C,-0.01
YLR131C,-0.01
YLR281C,-0.01
YLR287C,-0.01
YKR099W,-0.01
YLR376C,-0.01
YKL076C,-0.01
YLR288C,-0.01
YJL112W,-0.01
YLR182W,-0.01
YLR260W,-0.01
YLR396C,-0.01
YML101C-A,-0.01
YLR394W,-0.01
YKL088W,-0.01
YLR087C,-0.01
YLR173W,-0.01
YBR195C,0.01
YNL229C,0.01
YNL172W,0.01
YLR415C,0.01
YKR061W,0.01
YJL207C,0.01
YKR058W,0.01
YOR223W,0.01
YDR443C,0.01
YLR416C,0.01
YJL204C,0.01
YBR269C,0.01
YLR213C,0.01
YDR436W,0.01
YNL162W-A,0.01
YLR105C,0.01
YDR434W,0.01
YPL074W,0.01
YFR013W,0.01
YBR201W,0.01
YKL221W,0.01
YKR054C,0.01
YLR405W,0.01
YNL164C,0.01
YPL084W,0.01
YNL196C,0.01
YKL219W,0.01
YNL201C,0.01
YBR223C,0.01
YBR197C,0.01
YDR416W,0.01
YNL214W,0.01
YDR410C,0.01
YPL070W,0.01
YGL061C,0.01
YHR118C,0.01
YDR422C,0.01
YKL079W,0.01
YNL253W,0.01
YAR008W,0.01
YJL056C,0.01
YKR023W,0.01
YDR306C,0.01
YMR313C,0.01
YGL095C,0.01
YGL096W,0.01
YHR207C,0.01
YLR457C,0.01
YCR024C-B,0.01
YKR015C,0.01
YPL152W,0.01
YDR285W,0.01
YHR182W,0.01
YDR283C,0.01
YDR272W,0.01
YCR047C,0.01
YDR269C,0.01
YCR050C,0.01
YDR268W,0.01
YIL163C,0.01
YLR126C,0.01
YPL165C,0.01
YMR267W,0.01
YMR255W,0.01
YCR071C,0.01
YKL177W,0.01
YOR288C,0.01
YMR289W,0.01
YHR131W-A,0.01
YKR027W,0.01
YCL014W,0.01
YHR131C,0.01
YBR280C,0.01
YKR045C,0.01
YNL265C,0.01
YNL266W,0.01
YBR297W,0.01
YGL079W,0.01
YDR352W,0.01
YKL197C,0.01
YJL203W,0.01
YCL052C,0.01
YNL297C,0.01
YPL133C,0.01
YKR028W,0.01
YLR115W,0.01
YPL139C,0.01
YCL034W,0.01
YNL309W,0.01
YPL141C,0.01
YAR033W,0.01
YDR325W,0.01
YLR440C,0.01
YFR043C,0.01
YHR171W,0.01
YLR117C,0.01
YAR028W,0.01
YOR262W,0.01
YOR264W,0.01
YPL138C,0.01
YJR157W,0.01
YBR111W-A,0.01
YDR455C,0.01
YLR299W,0.01
YPR022C,0.01
YJL129C,0.01
YJL134W,0.01
YPR020W,0.01
YOL087C,0.01
YGR053C,0.01
YLR302C,0.01
YJL139C,0.01
YOL100W,0.01
YOR073W,0.01
YOL102C,0.01
YPR196W,0.01
YPR164W,0.01
YLR006C,0.01
YLR315W,0.01
YOL125W,0.01
YLR318W,0.01
YLR001C,0.01
YGR041W,0.01
YPR007C,0.01
YJR102C,0.01
YOR093C,0.01
YLL010C,0.01
YJL155C,0.01
YER039C-A,0.01
YBL096C,0.01
YBL093C,0.01
YOL117W,0.01
YOR098C,0.01
YJL092W,0.01
YGR058W,0.01
YLR262C,0.01
YPR054W,0.01
YJR041C,0.01
YOR018W,0.01
YOR017W,0.01
YJR042W,0.01
YOR008C,0.01
YJL102W,0.01
YJL106W,0.01
YJR043C,0.01
YGR104C,0.01
YPR078C,0.01
YOR039W,0.01
YLR298C,0.01
YLR284C,0.01
YER169W,0.01
YLR036C,0.01
YPR042C,0.01
YER163C,0.01
YOL025W,0.01
YJR049C,0.01
YPR120C,0.01
YJL119C,0.01
YJL120W,0.01
YJR031C,0.01
YJR061W,0.01
YOL063C,0.01
YER124C,0.01
YER172C,0.01
YER028C,0.01
YLR341W,0.01
YGR258C,0.01
YLR084C,0.01
YNL047C,0.01
YNL048W,0.01
YBR074W,0.01
YNL051W,0.01
YJL072C,0.01
YPL038W,0.01
YDR524C,0.01
YHR006W,0.01
YBR081C,0.01
YJR138W,0.01
YJL070C,0.01
YBR097W,0.01
YJR136C,0.01
YBR102C,0.01
YNL078W,0.01
YDR503C,0.01
YJL005W,0.01
YNL093W,0.01
YLR093C,0.01
YHR045W,0.01
YGL015C,0.01
YDR475C,0.01
YHR048W,0.01
YBR147W,0.01
YOR177C,0.01
YBR158W,0.01
YHR062C,0.01
YJR018W,0.01
YJL073W,0.01
YDR537C,0.01
YHL008C,0.01
YER027C,0.01
YLR343W,0.01
YBL074C,0.01
YBL070C,0.01
YLR236C,0.01
YBL055C,0.01
YOR107W,0.01
YNR039C,0.01
YGR288W,0.01
YGR290W,0.01
YOR110W,0.01
YBL039C-A,0.01
YOR113W,0.01
YNR027W,0.01
YOR118W,0.01
YJR119C,0.01
YHL050C,0.01
YJL168C,0.01
YGR009C,0.01
YLR079W,0.01
YEL059W,0.01
YLR233C,0.01
YJR127C,0.01
YHL025W,0.01
YBR032W,0.01
YNL011C,0.01
YOR138C,0.01
YGL004C,0.01
YDR540C,0.01
YKR082W,0.01
YKL174C,0.01
YOR032C,0.01
YMR005W,0.01
YPL267W,0.01
YIL003W,0.01
YML065W,0.01
YIL113W,0.01
YPL185W,0.01
YMR192W,0.01
YDR089W,0.01
YDL230W,0.01
YIL117C,0.01
YIL120W,0.01
YMR198W,0.01
YDR003W-A,0.01
YML011C,0.01
YDR227W,0.01
YDL054C,0.01
YMR102C,0.01
YDR132C,0.01
YGL199C,0.01
YGL203C,0.01
YML088W,0.01
YIL055C,0.01
YKL034W,0.01
YPL259C,0.01
YDL068W,0.01
YGL208W,0.01
YIR032C,0.01
YKL072W,0.01
YGL152C,0.01
YGL164C,0.01
YKL155C,0.01
YDL196W,0.01
YPL196W,0.01
YOR313C,0.01
YKL149C,0.01
YDR181C,0.01
YMR010W,0.01
YDL020C,0.01
YPL206C,0.01
YDR176W,0.01
YKL092C,0.01
YMR166C,0.01
YDR175C,0.01
YMR019W,0.01
YMR167W,0.01
YGL130W,0.01
YPL191C,0.01
YIR011C,0.01
YML122C,0.01
YDL013W,0.01
YKL089W,0.01
YLR176C,0.01
YMR174C,0.01
YMR126C,0.01
YPL269W,0.01
YMR175W-A,0.01
YIL068C,0.01
YMR168C,0.01
YDL111C,0.01
YKL087C,0.01
YGL109W,0.01
YDR020C,0.01
YML034W,0.01
YDL080C,0.01
YKL012W,0.01
YDR029W,0.01
YMR224C,0.01
YPL248C,0.01
YPL247C,0.01
YMR231W,0.01
YMR078C,0.01
YDL106C,0.01
YPL177C,0.01
YDR104C,0.01
YIL144W,0.01
YDR017C,0.01
YMR069W,0.01
YDR028C,0.01
YMR219W,0.01
YIL045W,0.01
YMR218C,0.01
YML099C,0.02
YDL159W,0.02
YBR198C,0.02
YOR190W,0.02
YBR232C,0.02
YKL095W,0.02
YEL061C,0.02
YJL087C,0.02
YPL072W,0.02
YER074W-A,0.02
YBR040W,0.02
YER071C,0.02
YMR135W-A,0.02
YML095C,0.02
YAL042C-A,0.02
YNL157W,0.02
YEL008W,0.02
YPL215W,0.02
YOR070C,0.02
YNL152W,0.02
YPL201C,0.02
YNL023C,0.02
YGL194C-A,0.02
YDR159W,0.02
YJL084C,0.02
YKL101W,0.02
YPR179C,0.02
YKL132C,0.02
YGL217C,0.02
YDL022C-A,0.02
YDL189W,0.02
YLR063W,0.02
YLR148W,0.02
YDL187C,0.02
YLR080W,0.02
YEL048C,0.02
YMR070W,0.02
YOL104C,0.02
YOR202W,0.02
YKL220C,0.02
YDR075W,0.02
YPR202W,0.02
YNL187W,0.02
YPL242C,0.02
YLL049W,0.02
YGR002C,0.02
YNL006W,0.02
YOR077W,0.02
YHL048W,0.02
YBR216C,0.02
YDL092W,0.02
YDL030W,0.02
YLR353W,0.02
YMR119W,0.02
YNL177C,0.02
YPL270W,0.02
YML076C,0.02
YER075C,0.02
YDL170W,0.02
YDR113C,0.02
YDL167C,0.02
YNL053W,0.02
YLR215C,0.02
YLR065C,0.02
YDR494W,0.02
YBR119W,0.02
YNL041C,0.02
YFL027C,0.02
YNL091W,0.02
YGR250C,0.02
YKL118W,0.02
YNR075W,0.02
YLL058W,0.02
YIL015W,0.02
YLR336C,0.02
YLR379W,0.02
YHR043C,0.02
YNL101W,0.02
YJR149W,0.02
YBR061C,0.02
YNL083W,0.02
YDR525W-A,0.02
YDR103W,0.02
YJL165C,0.02
YGR273C,0.02
YKL037W,0.02
YDL071C,0.02
YBR089W,0.02
YLR374C,0.02
YGL151W,0.02
YOR149C,0.02
YBL071W-A,0.02
YNR045W,0.02
YDR251W,0.02
YLR154W-F,0.02
YPL044C,0.02
YGL153W,0.02
YOR146W,0.02
YBR131W,0.02
YJL047C-A,0.02
YKR096W,0.02
YOR179C,0.02
YBR157C,0.02
YNL027W,0.02
YDR461C-A,0.02
YDR459C,0.02
YGR028W,0.02
YDR145W,0.02
YBR166C,0.02
YOR111W,0.02
YKR086W,0.02
YJR134C,0.02
YNL050C,0.02
YBR182C,0.02
YFL017W-A,0.02
YNL119W,0.02
YLR382C,0.02
YNL118C,0.02
YMR106C,0.02
YDR105C,0.02
YLR224W,0.02
YOR030W,0.02
YIL006W,0.02
YIL005W,0.02
YKL125W,0.02
YNL109W,0.02
YGL237C,0.02
YLR240W,0.02
YBR050C,0.02
YPL060W,0.02
YLR154W-B,0.02
YDR467C,0.02
YDR088C,0.02
YOL138C,0.02
YPL199C,0.02
YPL042C,0.02
YDR402C,0.02
YGR119C,0.02
YOR299W,0.02
YIL129C,0.02
YKR025W,0.02
YFR048W,0.02
YLR282C,0.02
YDR230W,0.02
YCL004W,0.02
YMR207C,0.02
YMR211W,0.02
YDR302W,0.02
YLR454W,0.02
YER180C-A,0.02
YCR015C,0.02
YKR019C,0.02
YDL240W,0.02
YMR210W,0.02
YCR022C,0.02
YGR072W,0.02
YDR317W,0.02
YHR155W,0.02
YFR040W,0.02
YAL058W,0.02
YLR290C,0.02
YPL188W,0.02
YGR129W,0.02
YCL031C,0.02
YPR111W,0.02
YDR052C,0.02
YLR032W,0.02
YMR190C,0.02
YMR191W,0.02
YER162C,0.02
YOL028C,0.02
YKL161C,0.02
YGR184C,0.02
YFL051C,0.02
YPL189C-A,0.02
YMR213W,0.02
YDR240C,0.02
YIL158W,0.02
YPR067W,0.02
YMR258C,0.02
YDR264C,0.02
YIL156W-B,0.02
YMR252C,0.02
YIL156W,0.02
YIR042C,0.02
YPR059C,0.02
YCR097W,0.02
YLR054C,0.02
YIL151C,0.02
YAL009W,0.02
YOR026W,0.02
YPR055W,0.02
YOR028C,0.02
YMR247C,0.02
YOR002W,0.02
YLR466W,0.02
YMR227C,0.02
YOR038C,0.02
YIR039C,0.02
YGL114W,0.02
YPR047W,0.02
YMR220W,0.02
YJL100W,0.02
YKL179C,0.02
YGL110C,0.02
YMR286W,0.02
YCR038W-A,0.02
YCR042C,0.02
YMR280C,0.02
YOR282W,0.02
YDR271C,0.02
YKL169C,0.02
YJL098W,0.02
YDR245W,0.02
YCL041C,0.02
YDR116C,0.02
YML121W,0.02
YBR277C,0.02
YDR065W,0.02
YMR162C,0.02
YIL104C,0.02
YLR414C,0.02
YJL051W,0.02
YDR363W,0.02
YHR140W,0.02
YNL234W,0.02
YNL279W,0.02
YER115C,0.02
YBR298C-A,0.02
YLR022C,0.02
YPL108W,0.02
YMR164C,0.02
YLR021W,0.02
YDR359C,0.02
YLR423C,0.02
YOR238W,0.02
YDR356W,0.02
YMR173W-A,0.02
YDR373W,0.02
YER152W-A,0.02
YIL105C,0.02
YDL211C,0.02
YOL083W,0.02
YGL071W,0.02
YDR191W,0.02
YOL047C,0.02
YPR124W,0.02
YOL045W,0.02
YGR169C,0.02
YOR380W,0.02
YLR420W,0.02
YER105C,0.02
YOR079C,0.03
YEL007W,0.03
YJL036W,0.03
YPR197C,0.03
YAL063C-A,0.03
YBL050W,0.03
YOR075W,0.03
YGR021W,0.03
YER116C,0.03
YJR112W-A,0.03
YGR276C,0.03
YLR312W-A,0.03
YOL075C,0.03
YPR012W,0.03
YPR162C,0.03
YLR045C,0.03
YLR308W,0.03
YKL093W,0.03
YPR031W,0.03
YER184C,0.03
YKL063C,0.03
YGR174C,0.03
YPR185W,0.03
YFL025C,0.03
YOL083C-A,0.03
YHL044W,0.03
YER190W,0.03
YHL045W,0.03
YML038C,0.03
YER111C,0.03
YEL030C-A,0.03
YJL027C,0.03
YML049C,0.03
YPR072W,0.03
YEL029C,0.03
YPR189W,0.03
YMR007W,0.03
YOR019W,0.03
YGR296W,0.03
YEL008C-A,0.03
YDR068W,0.03
YLR015W,0.03
YER007W,0.03
YGR291C,0.03
YJL140W,0.03
YLR049C,0.03
YPR169W,0.03
YNR037C,0.03
YLR247C,0.03
YPR013C,0.03
YDR045C,0.03
YOL069W,0.03
YDL053C,0.03
YLR035C,0.03
YLR319C,0.03
YDL001W,0.03
YBL095W,0.03
YGR125W,0.03
YGR247W,0.03
YDL010W,0.03
YLR335W,0.03
YMR030W,0.03
YGL170C,0.03
YDL003W,0.03
YPR115W,0.03
YPR029C,0.03
YJL094C,0.03
YER067C-A,0.03
YER148W-A,0.03
YPR032W,0.03
YGR239C,0.03
YOR094W,0.03
YBL106C,0.03
YER041W,0.03
YOR084W,0.03
YDR084C,0.03
YER042W,0.03
YGR133W,0.03
YJL115W,0.03
YFL033C,0.03
YMR021C,0.03
YDL034W,0.03
YDR041W,0.03
YLR071C,0.03
YGR023W,0.03
YER010C,0.03
YGR270W,0.03
YLR016C,0.03
YPL006W,0.03
YNR057C,0.03
YPL283C,0.03
YPR155C,0.03
YBL067C,0.03
YIR016W,0.03
YGR108W,0.03
YER022W,0.03
YGR109C,0.03
YOR396W,0.03
YKL107W,0.03
YER134C,0.03
YER174C,0.03
YIR023C-A,0.03
YPR097W,0.03
YJR046W,0.03
YGR257C,0.03
YIR023W,0.03
YML020W,0.03
YJL157C,0.03
YJR067C,0.03
YDR007W,0.03
YER168C,0.03
YER032W,0.03
YGR117C,0.03
YGR215W,0.03
YPR011C,0.03
YOR385W,0.03
YKL173W,0.03
YNL144C,0.03
YML107C,0.03
YJL210W,0.03
YHR097C,0.03
YIL132C,0.03
YDR180W,0.03
YOR201C,0.03
YHR101C,0.03
YOR318C,0.03
YPL089C,0.03
YDL238C,0.03
YKR069W,0.03
YMR206W,0.03
YJL065C,0.03
YBR225W,0.03
YDR308C,0.03
YOR316C-A,0.03
YDR414C,0.03
YNL210W,0.03
YAR003W,0.03
YBR237W,0.03
YJL170C,0.03
YPL183C,0.03
YJL211C,0.03
YLR210W,0.03
YOR275C,0.03
YCR023C,0.03
YNL143C,0.03
YIL112W,0.03
YCR014C,0.03
YIL064W,0.03
YNL146C-A,0.03
YGL241W,0.03
YDL151C,0.03
YHR202W,0.03
YFR008W,0.03
YLR452C,0.03
YGL140C,0.03
YBR196C-A,0.03
YHR204W,0.03
YML097C,0.03
YJL016W,0.03
YOR191W,0.03
YOR322C,0.03
YLR149C,0.03
YMR306W,0.03
YKR089C,0.03
YHR186C,0.03
YJL063C,0.03
YKL205W,0.03
YIL115W-A,0.03
YLR198C,0.03
YJL220W,0.03
YDL227C,0.03
YCL063W,0.03
YPL147W,0.03
YNL325C,0.03
YGL091C,0.03
YNL330C,0.03
YCL058W-A,0.03
YAL014C,0.03
YDR327W,0.03
YDR338C,0.03
YHR151C,0.03
YLR437C-A,0.03
YLR141W,0.03
YDL214C,0.03
YNL299W,0.03
YIL111W,0.03
YOR255W,0.03
YNL216W,0.03
YIL102C,0.03
YDR369C,0.03
YNL221C,0.03
YBR250W,0.03
YML111W,0.03
YGL119W,0.03
YPL103C,0.03
YDL233W,0.03
YNL339C,0.03
YPL104W,0.03
YDL203C,0.03
YBR292C,0.03
YHR123W,0.03
YDR196C,0.03
YBR272C,0.03
YPL149W,0.03
YCL010C,0.03
YPL115C,0.03
YNL249C,0.03
YLR417W,0.03
YBR285W,0.03
YKL209C,0.03
YJL215C,0.03
YGL100W,0.03
YGL254W,0.03
YMR118C,0.03
YBR051W,0.03
YLR467W,0.03
YJR020W,0.03
YHL014C,0.03
YLR166C,0.03
YKL114C,0.03
YHL002W,0.03
YOR147W,0.03
YGL175C,0.03
YNL042W-B,0.03
YBR070C,0.03
YIL159W,0.03
YMR230W-A,0.03
YMR086W,0.03
YBR076W,0.03
YML083C,0.03
YOR285W,0.03
YDR523C,0.03
YJL185C,0.03
YBR170C,0.03
YOR284W,0.03
YNL022C,0.03
YDR545W,0.03
YNL020C,0.03
YMR251W,0.03
YPL020C,0.03
YKL003C,0.03
YOR126C,0.03
YEL064C,0.03
YGL219C,0.03
YPL172C,0.03
YPL024W,0.03
YCR091W,0.03
YHL023C,0.03
YKL171W,0.03
YCR099C,0.03
YGL003C,0.03
YMR073C,0.03
YLR361C,0.03
YKL044W,0.03
YBR037C,0.03
YMR075W,0.03
YLR082C,0.03
YBR042C,0.03
YKL176C,0.03
YKL178C,0.03
YLR187W,0.03
YLR228C,0.03
YHR021W-A,0.03
YDL117W,0.03
YJR140C,0.03
YKL122C,0.03
YKL185W,0.03
YNL103W-A,0.03
YNL106C,0.03
YGL017W,0.03
YBR136W,0.03
YGL144C,0.03
YFL002C,0.03
YDL133W,0.03
YMR111C,0.03
YKL186C,0.03
YLR138W,0.03
YKR017C,0.03
YPL219W,0.03
YHR056C,0.03
YOR178C,0.03
YDR141C,0.03
YJR154W,0.03
YHR067W,0.03
YMR288W,0.03
YPL158C,0.03
YJL195C,0.03
YLR463C,0.03
YLL066C,0.03
YNL080C,0.03
YPL040C,0.03
YHR028C,0.03
YIL171W-A,0.03
YGL149W,0.03
YGL259W,0.03
YMR225C,0.03
YNL089C,0.03
YFL009W,0.03
YMR104C,0.03
YNL068C,0.03
YDR486C,0.03
YGL013C,0.03
YLR088W,0.03
YBR110W,0.03
YGL098W,0.04
YOR274W,0.04
YGL092W,0.04
YOR253W,0.04
YGL180W,0.04
YPR045C,0.04
YJL053W,0.04
YOR035C,0.04
YFL064C,0.04
YGL094C,0.04
YLR118C,0.04
YOR265W,0.04
YPL169C,0.04
YOR269W,0.04
YOR040W,0.04
YJL035C,0.04
YOR301W,0.04
YOR351C,0.04
YJL043W,0.04
YOR307C,0.04
YGL197W,0.04
YPL051W,0.04
YLR073C,0.04
YPL001W,0.04
YPL055C,0.04
YOR171C,0.04
YLR161W,0.04
YLR095C,0.04
YGL021W,0.04
YGR031C-A,0.04
YOR181W,0.04
YOR371C,0.04
YPL065W,0.04
YPR008W,0.04
YFL032W,0.04
YPL066W,0.04
YFL013C,0.04
YOR154W,0.04
YOR123C,0.04
YGR013W,0.04
YPL025C,0.04
YOR119C,0.04
YGR016W,0.04
YFL026W,0.04
YGL233W,0.04
YGL158W,0.04
YPL253C,0.04
YGL154C,0.04
YPL228W,0.04
YPL224C,0.04
YPL222W,0.04
YOR336W,0.04
YPL249C,0.04
YPR009W,0.04
YLR096W,0.04
YGL246C,0.04
YPL113C,0.04
YOR381W,0.04
YJL062W,0.04
YOR233W,0.04
YPL121C,0.04
YPL123C,0.04
YLR144C,0.04
YGL185C,0.04
YOR057W,0.04
YFL047W,0.04
YGL081W,0.04
YGR064W,0.04
YPR030W,0.04
YJR004C,0.04
YJL093C,0.04
YOR220W,0.04
YOR219C,0.04
YJR008W,0.04
YLR097C,0.04
YGL038C,0.04
YLR159W,0.04
YFR010W-A,0.04
YPL208W,0.04
YOR319W,0.04
YGR048W,0.04
YGL050W,0.04
YOR377W,0.04
YOR378W,0.04
YFR022W,0.04
YLR103C,0.04
YPR018W,0.04
YOR069W,0.04
YLR156W,0.04
YGL085W,0.04
YOR211C,0.04
YDR526C,0.04
YOR022C,0.04
YHR168W,0.04
YNL311C,0.04
YDR333C,0.04
YDR334W,0.04
YNL306W,0.04
YAR060C,0.04
YKR032W,0.04
YHR158C,0.04
YDR349C,0.04
YCL065W,0.04
R0040C,0.04
YNL276C,0.04
YNL272C,0.04
YBR294W,0.04
YDR336W,0.04
YDR374C,0.04
YHR172W,0.04
YDR320W-B,0.04
YMR285C,0.04
YDR291W,0.04
YHR218W-A,0.04
YHR212C,0.04
YMR310C,0.04
YCR008W,0.04
YNL323W,0.04
YDR307W,0.04
YHR194W,0.04
YCL001W-A,0.04
YHR180W,0.04
YDR316W,0.04
YDR320C,0.04
YHR175W,0.04
YDR310C,0.04
YDR267C,0.04
YLR418C,0.04
YDR389W,0.04
YHR093W,0.04
YBR215W,0.04
YBR212W,0.04
YDR428C,0.04
YLR399C,0.04
YKR077W,0.04
YNL183C,0.04
YKR079C,0.04
YJL208C,0.04
YDR438W,0.04
YBR192W,0.04
YNL150W,0.04
YHR073W,0.04
YBR185C,0.04
YBR196C-B,0.04
YJL217W,0.04
YLR402W,0.04
YHR102W,0.04
YNL233W,0.04
YNL232W,0.04
YDR392W,0.04
YHR119W,0.04
YLR411W,0.04
YDR400W,0.04
YNL192W,0.04
YBR251W,0.04
YNL212W,0.04
YNL211C,0.04
YBR235W,0.04
YNL203C,0.04
YHR103W,0.04
YBR221W-A,0.04
YNL217W,0.04
YMR259C,0.04
YCR081W,0.04
YIL147C,0.04
YDL070W,0.04
YDL077C,0.04
YKL108W,0.04
YDR107C,0.04
YDR109C,0.04
YAL041W,0.04
YMR042W,0.04
YMR063W,0.04
YDL090C,0.04
YDR119W,0.04
YDR122W,0.04
YDL109C,0.04
YDR123C,0.04
YIL046W,0.04
YDL089W,0.04
YDL112W,0.04
YMR037C,0.04
YMR034C,0.04
YML032C,0.04
YML029W,0.04
YDR008C,0.04
YIR021W-A,0.04
YDR056C,0.04
YDL011C,0.04
YDL056W,0.04
YMR001C-A,0.04
YIR002C,0.04
YMR013C-A,0.04
YMR013W-A,0.04
YMR016C,0.04
YMR022W,0.04
YDL045W-A,0.04
YIR004W,0.04
YKL038W,0.04
YDR125C,0.04
YKL119C,0.04
YDR208W,0.04
YKL018W,0.04
YDR216W,0.04
YMR188C,0.04
YKL159C,0.04
YDL224C,0.04
YMR180C,0.04
YMR201C,0.04
YIL130W,0.04
YMR222C,0.04
YKL010C,0.04
YML133C,0.04
YDR248C,0.04
YMR236W,0.04
YIL128W,0.04
YIL102C-A,0.04
YDR195W,0.04
YML114C,0.04
YKL124W,0.04
YMR113W,0.04
YMR114C,0.04
YKL129C,0.04
YDR161W,0.04
YDL163W,0.04
YKL133C,0.04
YKL135C,0.04
YDL179W,0.04
YIL088C,0.04
YKL023C-A,0.04
YMR151W,0.04
YIL095W,0.04
YMR156C,0.04
YDL197C,0.04
YHR071W,0.04
YLR386W,0.04
YLR157W-D,0.04
YBR152W,0.04
YGR225W,0.04
YJR098C,0.04
YER047C,0.04
YGR227W,0.04
YBL112C,0.04
YER046W,0.04
YGR236C,0.04
YBL101C,0.04
YBL100C,0.04
YER037W,0.04
YJR107W,0.04
YDR464W,0.04
YGR249W,0.04
YJR110W,0.04
YER061C,0.04
YBL063W,0.04
YBL048W,0.04
YER001W,0.04
YGR295C,0.04
YNR034W,0.04
YNR031C,0.04
YBL034C,0.04
YLL032C,0.04
YNR011C,0.04
YNR010W,0.04
YEL052W,0.04
YBR017C,0.04
YJR126C,0.04
YEL062W,0.04
YHL036W,0.04
YGR277C,0.04
YGR223C,0.04
YJL148W,0.04
YER064C,0.04
YER188W,0.04
YLR047C,0.04
YGR100W,0.04
YLR272C,0.04
YPR083W,0.04
YGR110W,0.04
YLR033W,0.04
YOL022C,0.04
YOL035C,0.04
YOL036W,0.04
YER155C,0.04
YJR053W,0.04
YER144C,0.04
YLR294C,0.04
YGR149W,0.04
YPR159C-A,0.04
YJL125C,0.04
YJL147C,0.04
YJR094C,0.04
YGR213C,0.04
YOL119C,0.04
YOL114C,0.04
YLR309C,0.04
YHL035C,0.04
YPR193C,0.04
YOL096C,0.04
YLR010C,0.04
YJL137C,0.04
YOL091W,0.04
YER101C,0.04
YLR013W,0.04
YPR188C,0.04
YJR130C,0.04
YBL085W,0.04
YHR046C,0.04
YNL025C,0.04
YLR362W,0.04
YKR103W,0.04
YHL009C,0.04
YLL054C,0.04
YDR480W,0.04
YBR073W,0.04
YBR044C,0.04
YHR038W,0.04
YDR524W-C,0.04
YBR083W,0.04
YHR036W,0.04
YJR141W,0.04
YNL073W,0.04
YLR375W,0.04
YNL081C,0.04
YHR003C,0.04
YBR140C,0.04
YHR030C,0.04
YBR151W,0.04
YJR151W-A,0.04
YHR054C,0.04
YEL076C,0.04
YEL077C,0.04
YDR138W,0.05
YGL224C,0.05
YFL042C,0.05
YGL186C,0.05
YLR057W,0.05
YJL025W,0.05
YLR094C,0.05
YFL007W,0.05
YBR220C,0.05
YKL068W-A,0.05
YPR023C,0.05
YBR180W,0.05
YGL229C,0.05
YLR099C,0.05
YKL112W,0.05
YDR139C,0.05
YBR121C-A,0.05
YER182W,0.05
YKL036C,0.05
YDL121C,0.05
YDR009W,0.05
YLL067C,0.05
YER099C,0.05
YPR171W,0.05
YPL069C,0.05
YDL019C,0.05
YPL239W,0.05
YKL057C,0.05
YJR033C,0.05
YDL042C,0.05
YFL062W,0.05
YLR030W,0.05
YBR141C,0.05
YFL060C,0.05
YDR072C,0.05
YFL054C,0.05
YPL057C,0.05
YDR096W,0.05
YDR097C,0.05
YPR139C,0.05
YPR084W,0.05
YER152C,0.05
YER149C,0.05
YGL211W,0.05
YDR069C,0.05
YJL024C,0.05
YBR130C,0.05
YDR112W,0.05
YGL213C,0.05
YPL053C,0.05
YPR026W,0.05
YDR114C,0.05
YDL088C,0.05
YPL073C,0.05
YDR335W,0.05
YFR019W,0.05
YDL156W,0.05
YCR066W,0.05
YKR007W,0.05
YKR008W,0.05
YJR005W,0.05
YCR054C,0.05
YDR273W,0.05
YCR043C,0.05
YDR287W,0.05
YFL029C,0.05
YPL030W,0.05
YDR292C,0.05
YCR011C,0.05
YFR035C,0.05
YPL119C,0.05
YPL116W,0.05
YBL029C-A,0.05
YLR077W,0.05
YEL075W-A,0.05
YBL009W,0.05
YEL044W,0.05
YKR031C,0.05
YEL045C,0.05
YCL068C,0.05
YEL076C-A,0.05
YDR358W,0.05
YKR035C,0.05
YDR337W,0.05
YKR033C,0.05
YJR132W,0.05
YBR030W,0.05
YKR026C,0.05
YDL155W,0.05
YKR003W,0.05
YFL031W,0.05
YFR016C,0.05
YPR194C,0.05
YDL166C,0.05
YPR200C,0.05
YBR028C,0.05
YJR092W,0.05
YBR105C,0.05
YDL186W,0.05
YKL143W,0.05
YLL063C,0.05
YDR515W,0.05
YDR407C,0.05
YDR197W,0.05
YKL154W,0.05
YKR052C,0.05
YLR055C,0.05
YDR213W,0.05
YJL013C,0.05
YBR072C-A,0.05
YDR528W,0.05
YBR062C,0.05
YBL104C,0.05
YFR028C,0.05
YDR390C,0.05
YKL015W,0.05
YDR242W,0.05
YKL167C,0.05
YPL109C,0.05
YJR108W,0.05
YLR072W,0.05
YFL017C,0.05
YKL215C,0.05
YCR018C,0.05
YJL029C,0.05
YLR253W,0.05
YOR054C,0.05
YGR068C,0.05
YIL010W,0.05
YOR034C,0.05
YOR033C,0.05
YIL014W,0.05
YLR263W,0.05
YGR092W,0.05
YLR277C,0.05
YGR111W,0.05
YMR061W,0.05
YOL015W,0.05
YLR285W,0.05
YGR121C,0.05
YML081W,0.05
YOL033W,0.05
YIL038C,0.05
YMR075C-A,0.05
YMR076C,0.05
YMR082C,0.05
YIL007C,0.05
YMR088C,0.05
YJL081C,0.05
YOR103C,0.05
YOR279C,0.05
YJL057C,0.05
YMR004W,0.05
YOR244W,0.05
YAL047C,0.05
YJL059W,0.05
YGL066W,0.05
YMR017W,0.05
YGL059W,0.05
YGL053W,0.05
YGL045W,0.05
YGL036W,0.05
YLR214W,0.05
YGL019W,0.05
YOR166C,0.05
YMR024W,0.05
YOR152C,0.05
YMR028W,0.05
YMR029C,0.05
YOR124C,0.05
YMR032W,0.05
YLR239C,0.05
YAL051W,0.05
YOL081W,0.05
YGR186W,0.05
YLR407W,0.05
YNL206C,0.05
YHR111W,0.05
YNL213C,0.05
YMR212C,0.05
YNL240C,0.05
YHR134W,0.05
YHR147C,0.05
YJL225C,0.05
YIL146C,0.05
YIL149C,0.05
YNL298W,0.05
YNL334C,0.05
YHR181W,0.05
YMR324C,0.05
YHR196W,0.05
YLR458W,0.05
YAR002W,0.05
YAL002W,0.05
YIL177C,0.05
YLR464W,0.05
YHR099W,0.05
YGR171C,0.05
YHR084W,0.05
YIL115C,0.05
YIL050W,0.05
YAL031C,0.05
YJL141C,0.05
YMR107W,0.05
YOL141W,0.05
YGR226C,0.05
YOL163W,0.05
YGR271W,0.05
YNR048W,0.05
YNR026C,0.05
YNR006W,0.05
YJL176C,0.05
YNL033W,0.05
YNL039W,0.05
YLR364C-A,0.05
YJL179W,0.05
YML117W,0.05
YLR383W,0.05
YMR185W,0.05
YNL138W-A,0.05
YLR393W,0.05
YNL158W,0.05
YGL126W,0.05
YIL161W,0.05
YGL161C,0.05
YOR360C,0.05
YGL133W,0.05
YIR021W,0.05
YOR352W,0.05
YOR379C,0.05
YGL136C,0.05
YOR386W,0.05
YOR311C,0.05
YOR354C,0.05
YGL145W,0.05
YOR355W,0.05
YOR373W,0.05
YOR324C,0.05
YML053C,0.05
YOR328W,0.05
YGL141W,0.05
YGL160W,0.05
YOR367W,0.05
YIR033W,0.05
YKL146W,0.06
YDL194W,0.06
YER172C-A,0.06
YPR093C,0.06
YLL066W-A,0.06
YDR505C,0.06
YPR086W,0.06
YOR067C,0.06
YGR113W,0.06
YBR109W-A,0.06
YNL077W,0.06
YPR081C,0.06
YOL004W,0.06
YJR142W,0.06
YDL079C,0.06
YBR108W,0.06
YLR278C,0.06
YIL035C,0.06
YDR498C,0.06
YOL048C,0.06
YDR527W,0.06
YGL216W,0.06
YDL091C,0.06
YMR147W,0.06
YHR005C,0.06
YLR399W-A,0.06
YDR522C,0.06
YML018C,0.06
YOL023W,0.06
YKL045W,0.06
YIL090W,0.06
YBR087W,0.06
YGR120C,0.06
YML109W,0.06
YBR200W,0.06
YKL144C,0.06
YHR023W,0.06
YMR067C,0.06
YLL067W-A,0.06
YML115C,0.06
YBR190W,0.06
YOR363C,0.06
YDR460W,0.06
YDR457W,0.06
YIL107C,0.06
YKR090W,0.06
YKL050C,0.06
YDR452W,0.06
YMR043W,0.06
YOL158C,0.06
YAL045C,0.06
YBR179C,0.06
YNL139C,0.06
YOR329C,0.06
YPR017C,0.06
YJL199C,0.06
YOR066W,0.06
YDR026C,0.06
YPR044C,0.06
YLR171W,0.06
YPR048W,0.06
YKR106W,0.06
YLR397C,0.06
YNL102W,0.06
YNL105W,0.06
YLR052W,0.06
YML071C,0.06
YHR082C,0.06
YLR381W,0.06
YMR193C-A,0.06
YNL155W,0.06
YKL049C,0.06
YGR080W,0.06
YGL232W,0.06
YFL068W,0.06
YJR037W,0.06
YKL074C,0.06
YOR338W,0.06
YOR013W,0.06
YNL042W,0.06
YGR280C,0.06
YOL049W,0.06
YBL033C,0.06
YNR028W,0.06
YPR204W,0.06
YMR129W,0.06
YGR204C-A,0.06
YER084W-A,0.06
YMR098C,0.06
YEL019C,0.06
YLR306W,0.06
YPL244C,0.06
YEL022W,0.06
YMR133W,0.06
YDL159W-A,0.06
YBL017C,0.06
YGR194C,0.06
YER096W,0.06
YHL050W-A,0.06
YLR351C,0.06
YOL093W,0.06
YBL037W,0.06
YKL131W,0.06
YER078W-A,0.06
YMR124W,0.06
YOR358W,0.06
YBL091C-A,0.06
YLL014W,0.06
YMR117C,0.06
YDR144C,0.06
YDL134C,0.06
YDR149C,0.06
YER024W,0.06
YLL019C,0.06
YER050C,0.06
YLL021W,0.06
YER020W,0.06
YGR263C,0.06
YBL060W,0.06
YDL152W,0.06
YGR274C,0.06
YGR278W,0.06
YBL044W,0.06
YOL124C,0.06
YNR032W,0.06
YJL037W,0.06
YHL049C,0.06
YLL037W,0.06
YDL105W,0.06
YKL025C,0.06
YNL019C,0.06
YJR066W,0.06
YBR047W,0.06
YKL042W,0.06
YJL123C,0.06
YJL173C,0.06
YPR140W,0.06
YGR152C,0.06
YPL236C,0.06
YPR136C,0.06
YPR137W,0.06
YPR135W,0.06
YBR058C,0.06
YDR531W,0.06
YGR143W,0.06
YNL173C,0.06
YOL050C,0.06
YPR157W,0.06
YPR180W,0.06
YOL066C,0.06
YER121W,0.06
YJR122W,0.06
YBL005W,0.06
YPR176C,0.06
YBL004W,0.06
YML019W,0.06
YLR164W,0.06
YHL039W,0.06
YPR170W-A,0.06
YOR349W,0.06
YER114C,0.06
YML103C,0.06
YEL053C,0.06
YEL055C,0.06
YOL076W,0.06
YEL056W,0.06
YBR014C,0.06
YNR008W,0.06
YOL070C,0.06
YNR005C,0.06
YER122C,0.06
YGR029W,0.06
YGR066C,0.06
YDR378C,0.06
YPL082C,0.06
YNL273W,0.06
YOR278W,0.06
YNL271C,0.06
YDR363W-A,0.06
YML061C,0.06
YKL064W,0.06
YNL267W,0.06
YIL139C,0.06
YML043C,0.06
YNL262W,0.06
YLR211C,0.06
YLR212C,0.06
YDL043C,0.06
YDL018C,0.06
YLR143W,0.06
YCR024C,0.06
YGL020C,0.06
YFR007W,0.06
YCR073C,0.06
YDL247W,0.06
YDL045C,0.06
YJL015C,0.06
YBR274W,0.06
YJR015W,0.06
YPL207W,0.06
YOR320C,0.06
YLR130C,0.06
YNL245C,0.06
YKR053C,0.06
YMR301C,0.06
YMR292W,0.06
YLR427W,0.06
YCL073C,0.06
YJL061W,0.06
YKL002W,0.06
YNL320W,0.06
YOR228C,0.06
YGL082W,0.06
YFR038W,0.06
YNL315C,0.06
YMR245W,0.06
YGL184C,0.06
YHR161C,0.06
YOR314W,0.06
YGL067W,0.06
YPL132W,0.06
YDL033C,0.06
YPL085W,0.06
YOR245C,0.06
YKR035W-A,0.06
YMR014W,0.06
YNL292W,0.06
YDR312W,0.06
YFR041C,0.06
YPL277C,0.06
YLR116W,0.06
YAL048C,0.06
YPL140C,0.06
YAL047W-A,0.06
YMR244C-A,0.06
YFR021W,0.06
YKR038C,0.06
YKR005C,0.06
YLR436C,0.06
YGL014W,0.06
YML060W,0.06
YPL026C,0.06
YKR075C,0.06
YMR273C,0.06
YFL015C,0.06
YOR304W,0.06
YDL049C,0.06
YNL182C,0.06
YDR415C,0.06
YIR018W,0.06
YOR291W,0.06
YGL127C,0.06
YGL196W,0.06
YLR234W,0.06
YFL019C,0.06
YMR278W,0.06
YNL218W,0.06
YMR275C,0.06
YOR141C,0.06
YML016C,0.06
YNL215W,0.06
YNL224C,0.06
YHR127W,0.06
YGR022C,0.06
YNL230C,0.06
YPR001W,0.06
YNL237W,0.06
YDR092W,0.06
YLR219W,0.06
YNL204C,0.06
YLR177W,0.06
YLR090W,0.06
YJL039C,0.06
YOR160W,0.06
YHR110W,0.06
YLR220W,0.06
YDR413C,0.06
YIL153W,0.06
YDR280W,0.06
YDR018C,0.06
YPL173W,0.06
YML031W,0.06
YCR038C,0.06
YDR411C,0.06
YAR018C,0.07
YLR466C-A,0.07
YBL080C,0.07
YLL015W,0.07
YAR019C,0.07
YNR074C,0.07
YLR337C,0.07
YNL339W-B,0.07
YBR004C,0.07
YHR178W,0.07
YKL189W,0.07
YMR264W,0.07
YCL008C,0.07
YNL336W,0.07
YOL164W,0.07
YCL016C,0.07
YDL141W,0.07
YDR270W,0.07
YNR040W,0.07
YDR153C,0.07
YHR219C-A,0.07
YGR296C-B,0.07
YCR028C,0.07
YJR115W,0.07
YNR029C,0.07
YMR294W,0.07
YIL066W-A,0.07
YNR047W,0.07
YIL173W,0.07
YOR396C-A,0.07
YDR261C,0.07
YEL018C-A,0.07
YEL018W,0.07
YBL057C,0.07
YCR083W,0.07
YDR296W,0.07
YMR281W,0.07
YMR304W,0.07
YIL156W-A,0.07
YEL020C,0.07
YMR279C,0.07
YGR261C,0.07
YNR065C,0.07
YDR301W,0.07
YCR016W,0.07
YCR067C,0.07
YPL283W-B,0.07
YBL016W,0.07
YAL008W,0.07
YHR200W,0.07
YJR111C,0.07
YDR430C,0.07
YDR021W,0.07
YDR166C,0.07
YDR470C,0.07
YHR114W,0.07
YHR116W,0.07
YDR397C,0.07
YDR393W,0.07
YJL196C,0.07
YHR050W,0.07
YBR139W,0.07
YBR137W,0.07
YDL242W,0.07
YBR258C,0.07
YNL238W,0.07
YHR044C,0.07
YBR125C,0.07
YNL095C,0.07
YHR035W,0.07
YHR033W,0.07
YJR147W,0.07
YDR501W,0.07
YNL116W,0.07
YNL246W,0.07
YDR403W,0.07
YBR148W,0.07
YMR195W,0.07
YDR221W,0.07
YJL209W,0.07
YLR400W,0.07
YIL121W,0.07
YKL084W,0.07
YLR403W,0.07
YAL013W,0.07
YNL194C,0.07
YJL201W,0.07
YDL234C,0.07
YBR183W,0.07
YDR449C,0.07
YBR230W-A,0.07
YBR176W,0.07
YHR069C-A,0.07
YBR243C,0.07
YHR061C,0.07
YMR177W,0.07
YDR236C,0.07
YNL331C,0.07
YNL250W,0.07
YNL072W,0.07
YKL004W,0.07
YLL057C,0.07
YBR060C,0.07
YGL188C,0.07
YML133W-B,0.07
YCL045C,0.07
YLR437C,0.07
YLR467C-A,0.07
YCL038C,0.07
YNL021W,0.07
YDR545C-A,0.07
YHR165C,0.07
YBR043C,0.07
YKL026C,0.07
YNL013C,0.07
YLR357W,0.07
YNL005C,0.07
YIL077C,0.07
YHL030W,0.07
YHR086W,0.07
YKL014C,0.07
YLR430W,0.07
YDR530C,0.07
YDR186C,0.07
YDR506C,0.07
YNL256W,0.07
YBR282W,0.07
YBR289W,0.07
YDR509W,0.07
YML034C-A,0.07
YLL062C,0.07
YHR022C,0.07
YHR137C-A,0.07
YDL185C-A,0.07
YMR223W,0.07
YLR371W,0.07
YLR369W,0.07
YHR001W-A,0.07
YHR001W,0.07
YHR142W,0.07
YJL222W,0.07
YIL145C,0.07
YKL202W,0.07
YDR150W,0.07
YGL129C,0.07
YLR332W,0.07
YFR002W,0.07
YFL001W,0.07
YJL049W,0.07
YOR164C,0.07
YOR162C,0.07
YDR087C,0.07
YGL010W,0.07
YOR155C,0.07
YLR086W,0.07
YPR150W,0.07
YDL101C,0.07
YPR148C,0.07
YLR154C,0.07
YGR156W,0.07
YGR154C,0.07
YOR174W,0.07
YGR006W,0.07
YGR095C,0.07
YGL027C,0.07
YER088W-B,0.07
YIL002W-A,0.07
YLR305C,0.07
YML054C-A,0.07
YPL095C,0.07
YLR163C,0.07
YAL034C,0.07
YJL135W,0.07
YDL113C,0.07
YFR012W,0.07
YPL076W,0.07
YLR098C,0.07
YOR192C-C,0.07
YKL039W,0.07
YGL248W,0.07
YOL072W,0.07
YGL139W,0.07
YFL024C,0.07
YPL016W,0.07
YDL138W,0.07
YKL073W,0.07
YFL055W,0.07
YER171W,0.07
YIL026C,0.07
YFL061W,0.07
YPR096C,0.07
YOR043W,0.07
YER176W,0.07
YMR047C,0.07
YER190C-B,0.07
YPR075C,0.07
YPR061C,0.07
YGR089W,0.07
YPR073C,0.07
YPR107C,0.07
YPR034W,0.07
YFL049W,0.07
YGR063C,0.07
YPL015C,0.07
YOR109W,0.07
YMR033W,0.07
YJR021C,0.07
YJL020C,0.07
YPR004C,0.07
YOR090C,0.07
YMR095C,0.07
YJR057W,0.07
YJR052W,0.07
YOL046C,0.07
YOR068C,0.07
YOL034W,0.07
YGR128C,0.07
YGR123C,0.07
YGL223C,0.07
YKL106W,0.07
YLR307C-A,0.07
YGL025C,0.07
YPL155C,0.07
YOR237W,0.07
YAL056C-A,0.07
YML051W,0.07
YDR146C,0.07
YGL250W,0.07
YER068W,0.07
YPL179W,0.07
YER067W,0.07
YPL128C,0.07
YJL149W,0.07
YER066W,0.07
YLR136C,0.07
YPL130W,0.07
YDL025C,0.07
YGR228W,0.07
YGL083W,0.07
YPL195W,0.07
YMR001C,0.07
YOL137W,0.07
YFR045W,0.07
YIR008C,0.07
YBL113W-A,0.07
YJR001W,0.07
YLR005W,0.07
YPL156C,0.07
YOR280C,0.07
YLR129W,0.07
YBL103C,0.07
YGL116W,0.07
YOL132W,0.07
YMR110C,0.07
YJL154C,0.07
YER079W,0.07
YGL064C,0.07
YDR054C,0.07
YOR227W,0.07
YFR031C,0.07
YLR108C,0.07
YPR204C-A,0.07
YPL184C,0.08
YBR133C,0.08
YML009C,0.08
YJR155W,0.08
YMR161W,0.08
YBR132C,0.08
YJL091C,0.08
YML009C-A,0.08
YKR084C,0.08
YGL231C,0.08
YCR065W,0.08
YGR091W,0.08
YGL128C,0.08
YJL206C,0.08
YDR441C,0.08
YGL107C,0.08
YLR459W,0.08
YGL104C,0.08
YJR160C,0.08
YOR073W-A,0.08
YOR340C,0.08
YKL053W,0.08
YDL064W,0.08
YIL099W,0.08
YHR052W-A,0.08
YHR054W-A,0.08
YHR056W-A,0.08
YDR463W,0.08
YHR059W,0.08
YBR146W,0.08
YIL166C,0.08
YOR042W,0.08
YDR204W,0.08
YNL115C,0.08
YPR037C,0.08
YGR077C,0.08
YDR100W,0.08
YLR245C,0.08
YMR277W,0.08
YLR183C,0.08
YJR034W,0.08
YGR079W,0.08
YGL112C,0.08
YKR009C,0.08
YJL194W,0.08
YNL110C,0.08
YKL075C,0.08
YDR451C,0.08
YCR052W,0.08
YAL015C,0.08
YNL108C,0.08
YDR348C,0.08
YKR016W,0.08
YLR419W,0.08
YKL208W,0.08
YKL190W,0.08
YGL070C,0.08
YNL324W,0.08
YDR322W,0.08
YDR322C-A,0.08
YCL029C,0.08
YMR020W,0.08
YNL270C,0.08
YPL203W,0.08
YKL204W,0.08
YNL310C,0.08
YDR246W,0.08
YBR302C,0.08
YML132W,0.08
YCL076W,0.08
YMR233W,0.08
YKR034W,0.08
YOR316C,0.08
YGL056C,0.08
YFR020W,0.08
YFR025C,0.08
YGL060W,0.08
YMR238W,0.08
YPL096C-A,0.08
YML050W,0.08
YOR221C,0.08
YCL049C,0.08
YDL248W,0.08
YJL085W,0.08
YDL044C,0.08
YCL012C,0.08
YOR087W,0.08
YDR435C,0.08
YML055W,0.08
YPL192C,0.08
YNL174W,0.08
YDR425W,0.08
YDL231C,0.08
YHR086W-A,0.08
YGR010W,0.08
YMR247W-A,0.08
YDR303C,0.08
YML001W,0.08
YDL237W,0.08
YBR231C,0.08
YOR132W,0.08
YBR236C,0.08
YDR412W,0.08
YPL027W,0.08
YBR242W,0.08
YIL134W,0.08
YOR143C,0.08
YKL165C,0.08
YKL062W,0.08
YLR221C,0.08
YDR387C,0.08
YIL135C,0.08
YBR266C,0.08
YPL125W,0.08
YNL335W,0.08
YJL069C,0.08
YHR041C,0.08
YOL164W-A,0.08
YNR003C,0.08
YJR118C,0.08
YPR144C,0.08
YEL015W,0.08
YBL031W,0.08
YER083C,0.08
YIL086C,0.08
YBL035C,0.08
YPL251W,0.08
YER143W,0.08
YDR538W,0.08
YDL127W,0.08
YEL077W-A,0.08
YGR206W,0.08
YLL027W,0.08
YPR126C,0.08
YPR123C,0.08
YBL054W,0.08
YBL056W,0.08
YOL136C,0.08
YDR006C,0.08
YGL162W,0.08
YER008C,0.08
YOL031C,0.08
YGL222C,0.08
YAL030W,0.08
YGL212W,0.08
YLL030C,0.08
YHL017W,0.08
YHL038C,0.08
YER118C,0.08
YEL057C,0.08
YIL042C,0.08
YLL043W,0.08
YDR049W,0.08
YER123W,0.08
YMR085W,0.08
YGR158C,0.08
YDL165W,0.08
YDR164C,0.08
YNL017C,0.08
YKL041W,0.08
YNL003C,0.08
YJR131W,0.08
YER130C,0.08
YGR187C,0.08
YER100W,0.08
YDR168W,0.08
YGR193C,0.08
YIL048W,0.08
YEL075C,0.08
YPR151C,0.08
YJR080C,0.08
YMR139W,0.08
YER014W,0.08
YIL044C,0.08
YOR342C,0.08
YGR248W,0.08
YGR232W,0.08
YLR373C,0.08
YLR324W,0.08
YLR330W,0.08
YGL227W,0.08
YBL090W,0.08
YNL086W,0.08
YAL019W,0.08
YNR061C,0.08
YIL063C,0.08
YDL147W,0.08
YOL165C,0.08
YNL074C,0.08
YER175C,0.08
YNL087W,0.08
YBL079W,0.08
YNL088W,0.08
YIL065C,0.08
YKL130C,0.08
YBL066C,0.08
YBL094C,0.08
YLL012W,0.08
YOL162W,0.08
YGR097W,0.08
YOR006C,0.08
YER167W,0.08
YBR124W,0.08
YOL094C,0.09
YLR137W,0.09
YOR389W,0.09
YDL116W,0.09
YKL170W,0.09
YDR010C,0.09
YMR253C,0.09
YLR433C,0.09
YLR462W,0.09
YMR093W,0.09
YGR255C,0.09
YPR184W,0.09
YHR201C,0.09
YOL152W,0.09
YNR012W,0.09
YKL207W,0.09
YPR169W-A,0.09
YBL102W,0.09
YBR003W,0.09
YKL100C,0.09
YDR165W,0.09
YHR138C,0.09
YDL162C,0.09
YKL203C,0.09
YLR207W,0.09
YLL040C,0.09
YFR014C,0.09
YLR106C,0.09
YAL011W,0.09
YGL047W,0.09
YDR247W,0.09
YPL182C,0.09
YHL047C,0.09
YCR068W,0.09
YCL069W,0.09
YPL101W,0.09
YOR217W,0.09
YGL252C,0.09
YER002W,0.09
YOL130W,0.09
YOR241W,0.09
YCL007C,0.09
YIR001C,0.09
YMR294W-A,0.09
YIR017W-A,0.09
YDR063W,0.09
YLR157W-E,0.09
YIR003W,0.09
YIL060W,0.09
YBL058W,0.09
YDL132W,0.09
YHR195W,0.09
YAL029C,0.09
YJR002W,0.09
YKL126W,0.09
YKR002W,0.09
YJL160C,0.09
YOR263C,0.09
YHR199C,0.09
YOR260W,0.09
YDR256C,0.09
YEL001C,0.09
YOL142W,0.09
YNR009W,0.09
YCL046W,0.09
YOR290C,0.09
YJL009W,0.09
YGL065C,0.09
YJL225W-A,0.09
YPL107W,0.09
YLR188W,0.09
YNL305C,0.09
YIL177W-A,0.09
YKL175W,0.09
YOR357C,0.09
YDR339C,0.09
YML091C,0.09
YMR128W,0.09
YKL094W,0.09
YDR135C,0.09
YNL316C,0.09
YGL069C,0.09
YKL187C,0.09
YDR324C,0.09
YER023C-A,0.09
YNR033W,0.09
YEL003W,0.09
YFR036W-A,0.09
YCL032W,0.09
YKL191W,0.09
YIL020C,0.09
YCR107W,0.09
YML108W,0.09
YDR521W,0.09
YOR053W,0.09
YBR177C,0.09
YJL186W,0.09
YGR059W,0.09
YNL062C,0.09
YLR162W,0.09
YJL178C,0.09
YIL036W,0.09
YGL209W,0.09
YIL114C,0.09
YFL041W,0.09
YGR052W,0.09
YHR079C-A,0.09
YDL093W,0.09
YNL163C,0.09
YJR025C,0.09
YGR146C,0.09
YDL058W,0.09
YHL003C,0.09
YPR167C,0.09
YGR035C,0.09
YBR201C-A,0.09
YHL007C,0.09
YPR006C,0.09
YHL006W-A,0.09
YJR059W,0.09
YGR030C,0.09
YDL188C,0.09
YGL143C,0.09
YMR184W,0.09
YIL091C,0.09
YBR126W-B,0.09
YKL151C,0.09
YLR267W,0.09
YJR040W,0.09
YBR114W,0.09
YPR079W,0.09
YOR025W,0.09
YHR031C,0.09
YMR158W,0.09
YJR044C,0.09
YOL007C,0.09
YDR504C,0.09
YIL021W,0.09
YBR107C,0.09
YKL071W,0.09
YKR095W,0.09
YDR465C,0.09
YHR057C,0.09
YDR202C,0.09
YGR112W,0.09
YBR095C,0.09
YBR094W,0.09
YGL156W,0.09
YGR067C,0.09
YGR115C,0.09
YOR049C,0.09
YLR390W,0.09
YOL019W,0.09
YJR032W,0.09
YIL110W,0.09
YBR059C,0.09
YBR167C,0.09
YDL096C,0.09
YOR140W,0.09
YMR140W,0.09
YNL034W,0.09
YJL031C,0.09
YLR222C,0.09
YOR150W,0.09
YML081C-A,0.09
YDR401W,0.09
YIL134C-A,0.09
YNL004W,0.09
YOR158W,0.09
YOR161W-A,0.09
YFL010W-A,0.09
YFL021W,0.09
YFL008W,0.09
YDR379C-A,0.09
YBR024W,0.09
YMR216C,0.09
YKL027W,0.09
YHL029C,0.09
YOR165W,0.09
YLR217W,0.09
YDL202W,0.09
YJL124C,0.09
YBR016W,0.09
YDR376W,0.09
YNL259C,0.09
YCR108C,0.09
YKL214C,0.09
YBR239C,0.09
YGL006W,0.09
YLR231C,0.09
YLR408C,0.09
YKR070W,0.09
YBR049C,0.09
YNL024C,0.09
YBR053C,0.09
YJR060W,0.09
YDR177W,0.09
YFL028C,0.09
YNL202W,0.09
YBR233W,0.09
YML067C,0.09
YDR539W,0.09
YDR424C,0.09
YKL140W,0.09
YOR106W,0.09
YBR213W,0.09
YAL042W,0.1
YIR027C,0.1
YMR157C,0.1
YKL099C,0.1
YKL031W,0.1
YDL161W,0.1
YDR265W,0.1
YIL098C,0.1
YDR243C,0.1
YIL056W,0.1
YDL150W,0.1
YKL110C,0.1
YDL177C,0.1
YDR019C,0.1
YMR041C,0.1
YKL017C,0.1
YDL050C,0.1
YAL049C,0.1
YDR051C,0.1
YCR075W-A,0.1
YAL019W-A,0.1
YDR154C,0.1
YML127W,0.1
YCR073W-A,0.1
YAL065C,0.1
YDR231C,0.1
YML014W,0.1
YKL082C,0.1
YIL085C,0.1
YDL226C,0.1
YDL158C,0.1
YDL243C,0.1
YIL131C,0.1
YKL078W,0.1
YGL178W,0.1
YHL002C-A,0.1
YHR007C-A,0.1
YBR077C,0.1
YNL049C,0.1
YGR014W,0.1
YBR056W,0.1
YDR541C,0.1
YPL019C,0.1
YBR052C,0.1
YOR100C,0.1
YGR038W,0.1
YFL034W,0.1
YOR072W,0.1
YOR056C,0.1
YNR004W,0.1
YNL024C-A,0.1
YJR019C,0.1
YHR016C,0.1
YBR085C-A,0.1
YPL122C,0.1
YFR029W,0.1
YPL102C,0.1
YJL064W,0.1
YKR105C,0.1
YPR190C,0.1
YDR481C,0.1
YOR196C,0.1
YNL084C,0.1
YPL054W,0.1
YBR104W,0.1
YHR029C,0.1
YDR507C,0.1
YOR161C,0.1
YJL076W,0.1
YJR125C,0.1
YNL137C,0.1
YOR032W-A,0.1
YBL006W-A,0.1
YJL118W,0.1
YGR229C,0.1
YGR224W,0.1
YLR019W,0.1
YGR157W,0.1
YGR210C,0.1
YGR142W,0.1
YER076C,0.1
YER128W,0.1
YJL128C,0.1
YOL080C,0.1
YER088C-A,0.1
YPR172W,0.1
YPR175W,0.1
YOL062C,0.1
YLR291C,0.1
YPR099C,0.1
YLL018C-A,0.1
YEL038W,0.1
YLR352W,0.1
YBL018C,0.1
YJR038C,0.1
YEL017W,0.1
YOR014W,0.1
YOR004W,0.1
YPR089W,0.1
YNR052C,0.1
YGR266W,0.1
YER015W,0.1
YPR091C,0.1
YNR060W,0.1
YOL013W-A,0.1
YPR100W,0.1
YER189W,0.1
YPL134C,0.1
YER104W,0.1
YDR391C,0.1
YOR370C,0.1
YLR125W,0.1
YDR404C,0.1
YLR410W,0.1
YOR281C,0.1
YHR122W,0.1
YCL039W,0.1
YDR380W,0.1
YHR126C,0.1
YBR273C,0.1
YKR041W,0.1
YKR049C,0.1
YLR139C,0.1
YPL183W-A,0.1
YNL261W,0.1
YHR206W,0.1
YNL281W,0.1
YPL210C,0.1
YDR305C,0.1
YLR146C,0.1
YPL264C,0.1
YLR162W-A,0.1
YOR287C,0.1
YFR054C,0.1
YDR408C,0.1
YGL166W,0.1
YJL041W,0.1
YJR161C,0.1
YHR176W,0.1
YOR254C,0.1
YPL252C,0.1
YLR190W,0.1
YCR048W,0.1
YOR381W-A,0.1
YBR194W,0.1
YNL161W,0.1
YBR229C,0.1
YNL290W,0.1
YGL215W,0.1
YCR044C,0.1
YNL169C,0.1
YKR011C,0.1
YBR203W,0.1
YKR074W,0.1
YCR035C,0.1
YHR219W,0.1
YGL159W,0.1
YPL152W-A,0.1
YMR317W,0.1
YOR321W,0.1
YGL205W,0.11
YDL086C-A,0.11
YAL039C,0.11
YIR029W,0.11
YLR194C,0.11
YER164W,0.11
YML080W,0.11
YIR036W-A,0.11
YDR117C,0.11
YPR138C,0.11
YKL043W,0.11
YLR023C,0.11
YGL188C-A,0.11
YDR120C,0.11
YGR160W,0.11
YGR165W,0.11
YMR081C,0.11
YPL280W,0.11
YGL171W,0.11
YER166W,0.11
YGL210W,0.11
YGR076C,0.11
YPL246C,0.11
YAL044W-A,0.11
YFR050C,0.11
YOR268C,0.11
YOR173W,0.11
YOR261C,0.11
YPL146C,0.11
YLR100W,0.11
YJL062W-A,0.11
YOR216C,0.11
YKL059C,0.11
YJR006W,0.11
YFR036W,0.11
YFR037C,0.11
YPL129W,0.11
YOR246C,0.11
YDL048C,0.11
YOR359W,0.11
YPL023C,0.11
YDL007W,0.11
YER179W,0.11
YIL019W,0.11
YLR165C,0.11
YPL229W,0.11
YLR168C,0.11
YGL236C,0.11
YGR083C,0.11
YMR046W-A,0.11
YOR251C,0.11
YPL205C,0.11
YLR256W,0.11
YKL051W,0.11
YLR250W,0.11
YDL005C,0.11
YOR309C,0.11
YGR017W,0.11
YJL066C,0.11
YLR465C,0.11
YAL031W-A,0.11
YKR072C,0.11
YDR222W,0.11
YNL153C,0.11
YMR193W,0.11
YHR072W,0.11
YKR088C,0.11
YDR215C,0.11
YBR172C,0.11
YBR171W,0.11
YLR389C,0.11
YNL130C,0.11
YDR462W,0.11
YMR170C,0.11
YBR142W,0.11
YDR472W,0.11
YJR144W,0.11
YAL018C,0.11
YNL075W,0.11
YBR101C,0.11
YDR511W,0.11
YDL190C,0.11
YBR086C,0.11
YIL087C,0.11
YNL186W,0.11
YNL197C,0.11
YHR106W,0.11
YNL219C,0.11
YCR057C,0.11
YMR271C,0.11
YIL164C,0.11
YCR045C,0.11
YCR020C-A,0.11
YKR018C,0.11
YHR205W,0.11
YKR024C,0.11
YCR082W,0.11
YHR180C-B,0.11
YNL328C,0.11
YHL018W,0.11
YNL307C,0.11
YNL288W,0.11
YMR237W,0.11
YHR148W,0.11
YJL222W-B,0.11
YKR037C,0.11
YNL278W,0.11
YIL140W,0.11
YKR040C,0.11
YLR421C,0.11
YBR279W,0.11
YKR060W,0.11
YCL044C,0.11
YHL019W-A,0.11
YER053C,0.11
YER039C,0.11
YAL022C,0.11
YJR124C,0.11
YER078C,0.11
YOL134C,0.11
YBL020W,0.11
YEL011W,0.11
YEL009C-A,0.11
YMR125W,0.11
YER060W,0.11
YDR266C,0.11
YDL146W,0.11
YNR067C,0.11
YBL078C,0.11
YBL082C,0.11
YER031C,0.11
YKL128C,0.11
YBL105C,0.11
YIL057C,0.11
YEL043W,0.11
YBL098W,0.11
YEL066W,0.11
YML092C,0.11
YER082C,0.11
YGR200C,0.11
YGR197C,0.11
YHL021C,0.11
YHL022C,0.11
YMR136W,0.11
YBR023C,0.11
YDR053W,0.12
YJR078W,0.12
YHR210C,0.12
YGR235C,0.12
YER045C,0.12
YER157W,0.12
YDR361C,0.12
YGR202C,0.12
YHR137W,0.12
YER119C,0.12
YER048C,0.12
YGL191W,0.12
YKL198C,0.12
YJL044C,0.12
YIL062C,0.12
YKL196C,0.12
YGR205W,0.12
YJL127C-B,0.12
YIL137C,0.12
YDR257C,0.12
YGL163C,0.12
YHR197W,0.12
YGL244W,0.12
YGR220C,0.12
YIL083C,0.12
YJL010C,0.12
YDR083W,0.12
YJL067W,0.12
YGR195W,0.12
YGR078C,0.12
YFL048C,0.12
YJL188C,0.12
YDR476C,0.12
YHL024W,0.12
YDR182W-A,0.12
YHL016C,0.12
YDR090C,0.12
YFL030W,0.12
YFL041W-A,0.12
YDR093W,0.12
YDR517W,0.12
YDR375C,0.12
YJR152W,0.12
YEL039C,0.12
YER158C,0.12
YFR055W,0.12
YGR126W,0.12
YIR012W,0.12
YJL213W,0.12
YFL036W,0.12
YAL016C-A,0.12
YER021W,0.12
YER004W,0.12
YEL002C,0.12
YIL021C-A,0.12
YDR207C,0.12
YHR069C,0.12
YHR058C,0.12
YER017C,0.12
YGL024W,0.12
YML042W,0.12
YDL123W,0.12
YPL211W,0.12
YDL097C,0.12
YLL055W,0.12
YNL200C,0.12
YBR071W,0.12
YNL191W,0.12
YLL061W,0.12
YPL250C,0.12
YOR391C,0.12
YML013W,0.12
YNL156C,0.12
YML015C,0.12
YOR348C,0.12
YMR123W,0.12
YOR337W,0.12
YNL147W,0.12
YLR026C,0.12
YKL055C,0.12
YBR227C,0.12
YOR286W,0.12
YKL021C,0.12
YMR031W-A,0.12
YKR056W,0.12
YLL047W,0.12
YPL178W,0.12
YDL102W,0.12
YBR008C,0.12
YPR153W,0.12
YLR040C,0.12
YPR092W,0.12
YNL313C,0.12
YDL144C,0.12
YPR201W,0.12
YLR002C,0.12
YPR058W,0.12
YMR302C,0.12
YPR010C-A,0.12
YPL009C,0.12
YKL020C,0.12
YLL022C,0.12
YDL130W-A,0.12
YPL032C,0.12
YKL033W-A,0.12
YPL059W,0.12
YBL043W,0.12
YPL087W,0.12
YBL041W,0.12
YDL122W,0.12
YDL114W-A,0.12
YNL228W,0.12
YMR199W,0.12
YLR078C,0.12
YNL123W,0.12
YKR071C,0.12
YLR276C,0.12
YLR314C,0.12
YLR292C,0.12
YLR257W,0.12
YLR258W,0.12
YCR089W,0.12
YOR023C,0.12
YOL105C,0.12
YDL222C,0.12
YML079W,0.12
YNL018C,0.12
YDL009C,0.12
YDL008W,0.12
YCR063W,0.12
YMR084W,0.12
YLR283W,0.12
YNL059C,0.12
YOL067C,0.12
YCR003W,0.12
YOL090W,0.12
YCR093W,0.12
YCR017C,0.12
YDL021W,0.12
YBR291C,0.12
YNR017W,0.12
YOR186W,0.12
YNR041C,0.12
YCL055W,0.12
YOR145C,0.12
YOR139C,0.12
YNR058W,0.12
YKL019W,0.12
YLR248W,0.12
YNL094W,0.12
YNR064C,0.12
YCL064C,0.12
YMR054W,0.12
YNL097C,0.12
YDR294C,0.13
YKL013C,0.13
YPR166C,0.13
YBL049W,0.13
YBL069W,0.13
YKL007W,0.13
YKL183C-A,0.13
YKL183W,0.13
YLL001W,0.13
YIL165C,0.13
YJR091C,0.13
YLR008C,0.13
YER066C-A,0.13
YDR384C,0.13
YLL031C,0.13
YKR050W,0.13
YBR281C,0.13
YBR261C,0.13
YBR260C,0.13
YBR248C,0.13
YDR367W,0.13
YBR193C,0.13
YKR085C,0.13
YDR365C,0.13
YDR456W,0.13
YDR477W,0.13
YLL029W,0.13
YAL021C,0.13
YBR113W,0.13
YKL195W,0.13
YAL016W,0.13
YIL034C,0.13
YBR046C,0.13
YKL194C,0.13
YDR330W,0.13
YIL030C,0.13
YCR002C,0.13
YIL126W,0.13
YLL034C,0.13
YDR489W,0.13
YHR188C,0.13
YPL263C,0.13
YER151C,0.13
YHR032W,0.13
YJL088W,0.13
YGR043C,0.13
YGL016W,0.13
YOR176W,0.13
YHR053C,0.13
YLR209C,0.13
YGL041W-A,0.13
YGL042C,0.13
YLR205C,0.13
YHR055C,0.13
YLR200W,0.13
YLR387C,0.13
YGL084C,0.13
YLR195C,0.13
YOR061W,0.13
YHR060W,0.13
YOR048C,0.13
YOR015W,0.13
YNR036C,0.13
YGR268C,0.13
YOL147C,0.13
YOL145C,0.13
YOL107W,0.13
YLR363C,0.13
YGR178C,0.13
YGR177C,0.13
YOL057W,0.13
YOL056W,0.13
YNL058C,0.13
YOL016C,0.13
YOL011W,0.13
YGR096W,0.13
YHR013C,0.13
YGR090W,0.13
YPR143W,0.13
YGL101W,0.13
YGL115W,0.13
YPL098C,0.13
YKL166C,0.13
YHR132C,0.13
YPL047W,0.13
YJR017C,0.13
YPL014W,0.13
YNL284C,0.13
YNL289W,0.13
YNL308C,0.13
YPR038W,0.13
YPR065W,0.13
YLR051C,0.13
YHR169W,0.13
YER165C-A,0.13
YMR322C,0.13
YNL243W,0.13
YJL055W,0.13
YPL126W,0.13
YJL002C,0.13
YHR070W,0.13
YJL048C,0.13
YOR347C,0.13
YNL154C,0.13
YJL042W,0.13
YHR088W,0.13
YPL279C,0.13
YPL271W,0.13
YGL218W,0.13
YHR100C,0.13
YGL228W,0.13
YGL238W,0.13
YGL242C,0.13
YNL207W,0.13
YLR133W,0.13
YPL137C,0.13
YDR237W,0.13
YER127W,0.13
YNR022C,0.13
YDL223C,0.13
YDR209C,0.13
YMR031C,0.13
YDR015C,0.13
YML035C,0.13
YAL046C,0.13
YMR009W,0.13
YIR006C,0.13
YIR036C,0.13
YDL164C,0.13
YDL159C-B,0.13
YML057W,0.13
YDL135C,0.13
YKL113C,0.13
YDL085W,0.13
YIL008W,0.13
YAL067C,0.13
YDR060W,0.13
YDR228C,0.13
YPL105C,0.14
YPL067C,0.14
YGL058W,0.14
YIL160C,0.14
YLR299C-A,0.14
YLR321C,0.14
YPL056C,0.14
YBR295W,0.14
YHR024C,0.14
YFL010C,0.14
YJL096W,0.14
YGL049C,0.14
YGR172C,0.14
YOR052C,0.14
YOR055W,0.14
YGR167W,0.14
YDR211W,0.14
YNL124W,0.14
YDR354C-A,0.14
YIL093C,0.14
YJL183W,0.14
YLR113W,0.14
YDL219W,0.14
YCL048W,0.14
YMR148W,0.14
YGL043W,0.14
YBL075C,0.14
YOR016C,0.14
YNL099C,0.14
YIL154C,0.14
YIL084C,0.14
YLR203C,0.14
YDR354W,0.14
YFR033C,0.14
YDL047W,0.14
YPL012W,0.14
YPL010W,0.14
YBR241C,0.14
YGL002W,0.14
YPR177C,0.14
YPR174C,0.14
YJR051W,0.14
YPR118W,0.14
YBR245C,0.14
YPR128C,0.14
YKL028W,0.14
YER148W,0.14
YDR427W,0.14
YGR012W,0.14
YIL016W,0.14
YOR125C,0.14
YPR173C,0.14
YER089C,0.14
YMR312W,0.14
YNL327W,0.14
YNR034W-A,0.14
YDL173W,0.14
YMR308C,0.14
YAL032C,0.14
YDR143C,0.14
YDL240C-A,0.14
YNL028W,0.14
YOR169C,0.14
YOL088C,0.14
YOR089C,0.14
YPR050C,0.14
YAR035W,0.14
YPR082C,0.14
YML027W,0.14
YIL108W,0.14
YML031C-A,0.14
YOR252W,0.14
YNL014W,0.14
YDL181W,0.14
YGL201C,0.14
YKR020W,0.14
YLR398C,0.14
YDR299W,0.14
YBR068C,0.14
YGL173C,0.14
YDR001C,0.14
YMR169C,0.14
YOR306C,0.14
YLL056C,0.14
YHR098C,0.14
YAL043C,0.14
YOR390W,0.14
YKL193C,0.14
YIL101C,0.14
YDR290W,0.14
YPL243W,0.14
YHR090C,0.14
YKL109W,0.14
YOR334W,0.14
YDR284C,0.14
YJL109C,0.14
YKL184W,0.14
YBR015C,0.14
YJL032W,0.14
YIL103W,0.14
YMR196W,0.14
YJL054W,0.14
YMR182C,0.14
YPL221W,0.14
YML069W,0.14
YHR076W,0.14
YLR409C,0.14
YCL021W-A,0.14
YHR115C,0.14
YOL010W,0.14
YJR113C,0.14
YJR114W,0.14
YIR026C,0.14
YGR262C,0.14
YDR098C,0.14
YOR356W,0.14
YNR070W,0.14
YOL006C,0.14
YPL212C,0.14
YKL040C,0.14
YGR253C,0.14
YDR311W,0.14
YLR370C,0.14
YHL042W,0.14
YDR309C,0.14
YOR267C,0.14
YMR221C,0.14
YGR281W,0.14
YPR154W,0.15
YMR109W,0.15
YAL026C,0.15
YBR026C,0.15
YOL098C,0.15
YHR037W,0.15
YER093C-A,0.15
YGR130C,0.15
YLR012C,0.15
YBR038W,0.15
YDR011W,0.15
YLR450W,0.15
YOR101W,0.15
YBR019C,0.15
YOL051W,0.15
YBR169C,0.15
YML059C,0.15
YER080W,0.15
YBL026W,0.15
YOL077W-A,0.15
YEL013W,0.15
YLL013C,0.15
YNL065W,0.15
YOL071W,0.15
YKL069W,0.15
YOR021C,0.15
YDR059C,0.15
YOL060C,0.15
YDL012C,0.15
YBL068W,0.15
YLR274W,0.15
YML110C,0.15
YML112W,0.15
YBR160W,0.15
YBL023C,0.15
YGR074W,0.15
YBR155W,0.15
YJL111W,0.15
YJR153W,0.15
YDR014W-A,0.15
YIL124W,0.15
YOL021C,0.15
YBR069C,0.15
YOL020W,0.15
YOL085W-A,0.15
Q0075,0.15
YIL075C,0.15
YOR081C,0.15
YKL065C,0.15
YGR065C,0.15
YJL192C,0.15
YBR247C,0.15
YBR029C,0.15
YPL088W,0.15
YHL027W,0.15
YCR005C,0.15
YPL217C,0.15
YFL004W,0.15
YOL133W,0.15
YNR056C,0.15
YBR298C,0.15
YDL040C,0.15
YHL026C,0.15
YDL060W,0.15
YNL193W,0.15
YLR178C,0.15
YDR111C,0.15
YNL277W,0.15
YPL043W,0.15
YLR429W,0.15
YHR133C,0.15
YBR202W,0.15
YHR117W,0.15
YHR121W,0.15
YGR241C,0.15
YNL231C,0.15
YPL118W,0.15
YDL218W,0.15
YPL204W,0.15
YIR028W,0.15
YNR015W,0.15
YAL061W,0.15
YCL054W-A,0.15
YHL031C,0.15
YCL057W,0.15
YLR201C,0.15
YLR384C,0.15
YMR089C,0.15
YMR062C,0.15
YGL039W,0.15
YBR244W,0.15
YML004C,0.15
YJL074C,0.15
YPR108W,0.15
YPR112C,0.15
YHR074W,0.15
YLR074C,0.15
YGR201C,0.15
YHR083W,0.15
YCR069W,0.15
YCR072C,0.15
YKR006C,0.15
YBR207W,0.15
YML052W,0.15
YCR061W,0.15
YDL148C,0.15
YFR052W,0.15
YOL122C,0.15
YNR051C,0.15
YDR398W,0.15
YPL260W,0.15
YNL007C,0.15
YHL043W,0.15
YDR201W,0.15
YLR435W,0.15
YLR042C,0.15
YPL245W,0.15
YDL103C,0.16
YIR022W,0.16
YLR286W-A,0.16
YDL178W,0.16
YNL181W,0.16
YGL150C,0.16
YBL038W,0.16
YPL227C,0.16
YGL121C,0.16
YJL033W,0.16
YIL118W,0.16
YOR325W,0.16
YPL266W,0.16
YLR174W,0.16
YHR066W,0.16
YJR068W,0.16
YHR009C,0.16
YLR348C,0.16
YDL031W,0.16
YPR046W,0.16
YGL011C,0.16
YNL321W,0.16
YJR088C,0.16
YMR314W,0.16
YER090C-A,0.16
YGL001C,0.16
YDL153C,0.16
YPR125W,0.16
YLR229C,0.16
YLR028C,0.16
YPR133C,0.16
YGR005C,0.16
YPR133W-A,0.16
YOR121C,0.16
YLR059C,0.16
YLR121C,0.16
YJL082W,0.16
YNL280C,0.16
YLR120C,0.16
YPL135W,0.16
YIL143C,0.16
YER026C,0.16
YNL125C,0.16
YMR250W,0.16
YNL251C,0.16
YNL263C,0.16
YMR272W-A,0.16
YGR081C,0.16
YGL052W,0.16
YDR170C,0.16
YFL013W-A,0.16
YNL264C,0.16
YFL016C,0.16
YOR074C,0.16
YPL031C,0.16
YOR197W,0.16
YLR466C-B,0.16
YJL045W,0.16
YDL213C,0.16
YIL047C,0.16
YML105C,0.16
YCR036W,0.16
YGR218W,0.16
YNR044W,0.16
YBR265W,0.16
YCL011C,0.16
YLR322W,0.16
YDL215C,0.16
YNL040W,0.16
YKR075W-A,0.16
YKL201C,0.16
YDR300C,0.16
YMR153C-A,0.16
YGR246C,0.16
YDR047W,0.16
YDL193W,0.16
YMR158W-B,0.16
YKL077W,0.16
YNR014W,0.16
YKL162C-A,0.16
YCL023C,0.16
YCR020C,0.16
YIL022W,0.16
YDR518W,0.16
YBR041W,0.16
YBR173C,0.16
YBR135W,0.16
YDR194C,0.16
YDR189W,0.16
YCR047W-A,0.16
YKR102W,0.16
YMR056C,0.16
YOL041C,0.16
YCR037C,0.16
YOL092W,0.16
YDR214W,0.17
YAR042W,0.17
YOR229W,0.17
YDR395W,0.17
YJL175W,0.17
YNL312W,0.17
YOR239W,0.17
YMR291W,0.17
YOR226C,0.17
YBR164C,0.17
YDL235C,0.17
YGR207C,0.17
YDR152W,0.17
YJL001W,0.17
YKL217W,0.17
YGL099W,0.17
YDL201W,0.17
YCL033C,0.17
YDL110C,0.17
YBL083C,0.17
YDR468C,0.17
YOL084W,0.17
YNL085W,0.17
YNL283C,0.17
YOR051C,0.17
YMR272W-B,0.17
YHR146W,0.17
YPR019W,0.17
YOR046C,0.17
YJR075W,0.17
YMR027W,0.17
YDR372C,0.17
YJR103W,0.17
YHR135C,0.17
YER038W-A,0.17
YLR092W,0.17
YMR038C,0.17
YMR131C,0.17
YFR006W,0.17
YOR209C,0.17
YBR205W,0.17
YPR159W,0.17
YKR067W,0.17
YJR072C,0.17
YML130C,0.17
YCR030C,0.17
YKL142W,0.17
YMR214W,0.17
YDR293C,0.17
YGL207W,0.17
YEL034C-A,0.17
YIL013C,0.17
YPL233W,0.17
YBR018C,0.17
YNL195C,0.17
YGR122C-A,0.17
YBL011W,0.17
YBR036C,0.17
YNR054C,0.17
YBR187W,0.17
YMR200W,0.17
YGR289C,0.17
YGL122C,0.17
YLR350W,0.17
YGL157W,0.17
YDR046C,0.17
YNL144W-A,0.17
YJL020W-A,0.17
YDR115W,0.17
YPL214C,0.17
YGR135W,0.17
YGR106C,0.17
YPL256C,0.17
YJR158W,0.18
YGL035C,0.18
YOR326W,0.18
YER060W-A,0.18
YML025C,0.18
YLR251W,0.18
YLR401C,0.18
YBR122C,0.18
YJR076C,0.18
YBR056C-B,0.18
YAL059W,0.18
YHR063C,0.18
YMR189W,0.18
YDR406W,0.18
YDL245C,0.18
YMR092C,0.18
YNR038W,0.18
YLL048C,0.18
YBR021W,0.18
YOR092W,0.18
YPR062W,0.18
YDL078C,0.18
YHR165W-A,0.18
YPR040W,0.18
YNL097W-A,0.18
YML100W,0.18
YBR256C,0.18
YHR163W,0.18
YLR379W-A,0.18
YML072C,0.18
YCR051W,0.18
YDL172C,0.18
YFL053W,0.18
Q0255,0.18
YHR027C,0.18
YIL058W,0.18
YER125W,0.18
YGR116W,0.18
YBL022C,0.18
YJL153C,0.18
YIL039W,0.18
YHL030W-A,0.18
YLR364W,0.18
YEL036C,0.18
YMR152W,0.18
YLR445W,0.18
YOR243C,0.18
YER012W,0.18
YAL044C,0.18
YBR080C,0.18
YOR277C,0.18
YPL190C,0.18
YBL042C,0.18
YIL136W,0.18
YGR231C,0.18
YFR010W,0.18
YJL050W,0.18
YGL041C,0.18
YOR007C,0.18
YNL035C,0.18
YLR083C,0.18
YDL128W,0.18
YBL113C,0.18
YIL082W,0.18
YML131W,0.18
YMR266W,0.18
YGR245C,0.18
YMR261C,0.18
YPL235W,0.18
YJL164C,0.18
YBR112C,0.18
YML094W,0.18
YMR208W,0.18
YLL011W,0.18
YIL061C,0.19
YDR038C,0.19
YJL078C,0.19
YDR426C,0.19
YOL103W,0.19
YDR039C,0.19
YER156C,0.19
YER133W,0.19
YDR156W,0.19
YPR098C,0.19
YNR019W,0.19
YDR258C,0.19
YGL167C,0.19
YCR059C,0.19
YCR046C,0.19
YGL195W,0.19
YMR039C,0.19
YML010W,0.19
YJL198W,0.19
YDL225W,0.19
YOL111C,0.19
YNR002C,0.19
YKL120W,0.19
YFR001W,0.19
YKL008C,0.19
YDR377W,0.19
YAL053W,0.19
YJL145W,0.19
YLR068W,0.19
YAL062W,0.19
YPR024W,0.19
YKR062W,0.19
YCL058C,0.19
YFR017C,0.19
YMR049C,0.19
YBL068W-A,0.19
YBL040C,0.19
YKL091C,0.19
YOL064C,0.19
YBL047C,0.19
YDR533C,0.19
YDR171W,0.19
YER103W,0.19
YOL082W,0.19
YJL108C,0.19
YML030W,0.19
YJR074W,0.19
YMR172C-A,0.19
YGR018C,0.19
YLR460C,0.19
YLL052C,0.19
YBR020W,0.19
YOR011W,0.19
YIL076W,0.19
YEL058W,0.19
YER072W,0.19
YCR098C,0.19
YJL174W,0.19
YFR011C,0.2
YDL124W,0.2
YBR096W,0.2
YKL138C,0.2
YMR244W,0.2
YPL094C,0.2
YJL216C,0.2
YGR161C,0.2
YCL059C,0.2
YAR007C,0.2
YBR109C,0.2
YOL140W,0.2
YGR087C,0.2
YFL005W,0.2
YMR080C,0.2
YFL011W,0.2
YHL032C,0.2
YML007C-A,0.2
YBR267W,0.2
YKL127W,0.2
YGR173W,0.2
YER069W,0.2
YLR356W,0.2
YOR344C,0.2
YKR048C,0.2
YOR273C,0.2
YER019W,0.2
YEL021W,0.2
YMR012W,0.2
YKR014C,0.2
YGL137W,0.2
YDR536W,0.2
YBL001C,0.2
YEL020C-B,0.2
YLR155C,0.2
YLR157C,0.2
YNL175C,0.2
YNL168C,0.2
YLR158C,0.2
YLR160C,0.2
YOR362C,0.2
YBR056W-A,0.2
YNR030W,0.2
YGR270C-A,0.2
YBL028C,0.2
YER014C-A,0.2
YKL157W,0.2
YBR255C-A,0.2
YBL051C,0.2
YGL102C,0.2
YHR113W,0.2
YHR112C,0.2
YLR268W,0.2
YOR294W,0.2
YHR065C,0.2
YCR009C,0.2
YBL036C,0.2
YJL212C,0.2
YGL235W,0.2
YJR116W,0.2
YGR244C,0.2
YGR208W,0.2
YER030W,0.2
YJR069C,0.2
YOR157C,0.2
YGR032W,0.2
YKR080W,0.2
YKR081C,0.2
YBR214W,0.2
YPR110C,0.2
YBR208C,0.2
YML093W,0.2
YPR060C,0.2
YPR088C,0.2
YBR234C,0.2
YIR031C,0.2
YDR040C,0.2
YNL098C,0.2
YNL114C,0.2
YOR117W,0.2
YER087C-B,0.2
YPR170W-B,0.2
YNL113W,0.2
YOR128C,0.2
YLR050C,0.2
YOR163W,0.2
YIL070C,0.2
YMR321C,0.21
YFL067W,0.21
YER090W,0.21
YPL086C,0.21
YKR076W,0.21
YBR299W,0.21
YEL030W,0.21
YOR207C,0.21
YEL032W,0.21
YDR190C,0.21
YOL019W-A,0.21
YOL012C,0.21
YDR524C-A,0.21
YCL001W,0.21
YNL338W,0.21
YBR162W-A,0.21
YDR321W,0.21
YMR235C,0.21
YDL204W,0.21
YPR121W,0.21
YBL064C,0.21
YPR114W,0.21
YPL127C,0.21
YPR113W,0.21
YFR015C,0.21
YGL097W,0.21
YMR323W,0.21
YCR105W,0.21
YER006W,0.21
YOR283W,0.21
YCL005W-A,0.21
YDR519W,0.21
YOR218C,0.21
YDL041W,0.21
YLR328W,0.21
YGR026W,0.21
YBL059C-A,0.21
YBR115C,0.21
YDL015C,0.21
YER055C,0.21
YKL212W,0.21
YGL040C,0.21
YGR145W,0.21
YLR069C,0.21
YOL038W,0.21
YMR319C,0.21
YMR090W,0.21
YDL032W,0.21
YOL052C,0.21
YIR013C,0.21
YGL014C-A,0.21
YDL072C,0.21
YOR175C,0.21
YOR086C,0.21
YPL278C,0.21
YPL274W,0.21
YER007C-A,0.21
YBR117C,0.21
YBL007C,0.21
YBR006W,0.21
YJR064W,0.21
YNL274C,0.21
YGR292W,0.21
YKL210W,0.21
YER088C,0.21
YMR215W,0.22
YKL046C,0.22
YJL117W,0.22
YPL258C,0.22
YOR120W,0.22
YCR084C,0.22
YML075C,0.22
YOR116C,0.22
YEL065W,0.22
YMR229C,0.22
YNL052W,0.22
YOR272W,0.22
YCR077C,0.22
YDL157C,0.22
YDR516C,0.22
YDL160C,0.22
YOL027C,0.22
YPL281C,0.22
YOR331C,0.22
YOR099W,0.22
YDL236W,0.22
YKL067W,0.22
YOR393W,0.22
YBR085W,0.22
YJR135W-A,0.22
YLR017W,0.22
YLL044W,0.22
YER095W,0.22
YGR001C,0.22
YMR315W-A,0.22
YER094C,0.22
YER154W,0.22
YLR347C,0.22
YEL037C,0.22
YEL071W,0.22
YKL211C,0.22
YDL039C,0.22
YFR012W-A,0.22
YGR191W,0.22
YJL219W,0.22
YMR256C,0.22
YJR143C,0.22
YDL205C,0.22
YJR085C,0.22
YGR068W-A,0.22
YMR276W,0.22
YNL322C,0.22
YDR036C,0.22
YNL070W,0.22
YBR126W-A,0.22
YPL063W,0.22
YDR492W,0.22
YML086C,0.22
YKL103C,0.22
YFR004W,0.22
YJL143W,0.22
YHR052W,0.22
YKL032C,0.22
YOL156W,0.22
YGR049W,0.22
YMR298W,0.22
YOL086W-A,0.22
YLR196W,0.22
YER136W,0.23
YJL200C,0.23
YOL077C,0.23
YPL250W-A,0.23
YKR065C,0.23
YGR219W,0.23
YJR065C,0.23
YBR287W,0.23
YOR259C,0.23
YDR062W,0.23
Q0017,0.23
YAL025C,0.23
YJR159W,0.23
YFL044C,0.23
YJL068C,0.23
YDR388W,0.23
YDL140C,0.23
YIL116W,0.23
YKL104W-A,0.23
YEL050C,0.23
YDL246C,0.23
YLR439W,0.23
YOR041C,0.23
YPL273W,0.23
YLR286C,0.23
YER112W,0.23
YNL141W,0.23
YOR206W,0.23
YJR063W,0.23
YAL016C-B,0.23
YHR107C,0.23
YHR047C,0.23
YNL138W,0.23
YJL151C,0.23
YFR024C-A,0.23
YLR186W,0.23
YBR084W,0.23
YMR181C,0.23
YPR129W,0.23
YLR142W,0.23
YDR127W,0.23
YMR243C,0.23
YLR034C,0.23
YMR096W,0.23
YDR508C,0.23
YJL060W,0.23
YBR230C,0.23
YHL004W,0.23
YGR256W,0.23
YCL054W,0.23
YBR238C,0.23
YDR238C,0.23
YGR267C,0.23
YDL195W,0.23
YGR114C,0.23
YIL009W,0.23
YAL064C-A,0.23
YPR187W,0.23
YHR039C,0.23
YPL225W,0.23
YHR104W,0.23
YIL142W,0.23
YML048W,0.23
YML054C,0.23
YBL081W,0.23
YOR095C,0.23
YGL120C,0.23
YOR222W,0.24
YNR013C,0.24
YNL045W,0.24
YDL037C,0.24
YGR260W,0.24
YOR085W,0.24
YOR185C,0.24
YLR172C,0.24
YOR151C,0.24
YOR232W,0.24
YJL077W-B,0.24
YLR377C,0.24
YOR327C,0.24
YOR108C-A,0.24
YDL029W,0.24
YNR043W,0.24
YHR005C-A,0.24
YLR216C,0.24
YIR037W,0.24
YGR054W,0.24
YKL016C,0.24
YFR047C,0.24
YHR143W,0.24
YNL287W,0.24
YHR162W,0.24
YBR126C,0.24
YJR148W,0.24
YMR058W,0.24
YIL138C,0.24
YPL050C,0.24
YGL221C,0.24
YDR513W,0.24
YDR346C,0.24
YJL012C,0.24
YHR108W,0.24
YDR496C,0.24
YNL247W,0.24
YCL057C-A,0.24
YMR006C,0.24
YNL241C,0.24
YER073W,0.24
YKL216W,0.24
YLR395C,0.24
YCR049C,0.24
YMR296C,0.24
YBL091C,0.24
YLL009C,0.24
YJL214W,0.24
YML070W,0.24
YOR388C,0.24
YMR290C,0.24
YML129C,0.25
YPL091W,0.25
YHR139C,0.25
YDR487C,0.25
YEL069C,0.25
YJR014W,0.25
YNR055C,0.25
YPL142C,0.25
YPL117C,0.25
YPR010C,0.25
YEL042W,0.25
YJR096W,0.25
YER056C,0.25
YER063W,0.25
YAL007C,0.25
YOR082C,0.25
YOL123W,0.25
YPR192W,0.25
YDL212W,0.25
YDR234W,0.25
YIL043C,0.25
YER141W,0.25
YDR074W,0.25
YPR103W,0.25
YBL032W,0.25
YDL145C,0.25
YHL011C,0.25
YGL018C,0.25
YDR328C,0.25
YDL174C,0.25
YDR178W,0.25
YBL109W,0.25
YLR413W,0.25
YML120C,0.25
YJL014W,0.25
YOR317W,0.25
YMR175W,0.25
YJL008C,0.25
YDL086W,0.25
YAL059C-A,0.25
YPL163C,0.25
YFR051C,0.25
YCR102C,0.25
YDR529C,0.25
YOL061W,0.25
YKL080W,0.26
YKL192C,0.26
YIR034C,0.26
YNR071C,0.26
YLR038C,0.26
YKL145W,0.26
YNR072W,0.26
YDL168W,0.26
YPR130C,0.26
YBR149W,0.26
YJL166W,0.26
YDL210W,0.26
YMR074C,0.26
YKL024C,0.26
YJR137C,0.26
YCL035C,0.26
YLL028W,0.26
YLR206W,0.26
YHR051W,0.26
YLR154W-C,0.26
YIL125W,0.26
YOL143C,0.26
YGR103W,0.26
YPR160W-A,0.26
YMR226C,0.26
YPL232W,0.26
YFR032C,0.26
YDR129C,0.26
YOR215C,0.26
YPL171C,0.26
YER048W-A,0.26
YJR109C,0.26
YAL040C,0.26
YLL006W-A,0.26
YNL132W,0.26
YLL008W,0.26
YCR045W-A,0.26
YBR222C,0.26
YKL117W,0.26
YNR018W,0.26
YDR297W,0.26
YGL087C,0.26
YBR088C,0.26
YGR284C,0.26
YKR066C,0.26
YLR089C,0.26
YNR046W,0.26
YER049W,0.27
YJL097W,0.27
YBR252W,0.27
YEL009C,0.27
YOL005C,0.27
YHR182C-A,0.27
YOR027W,0.27
YER150W,0.27
YNL149C,0.27
YIL155C,0.27
YDR101C,0.27
YNL339W-A,0.27
YDR169C-A,0.27
YPL265W,0.27
YOR323C,0.27
YGR181W,0.27
YMR300C,0.27
YDL198C,0.27
YML133W-A,0.27
YGR296C-A,0.27
YMR315W,0.27
YOL059W,0.27
YPL283W-A,0.27
YLR449W,0.27
YLR270W,0.27
YOL126C,0.27
YBR159W,0.27
YMR149W,0.27
YIR038C,0.27
YKR092C,0.27
YCR004C,0.27
YBR111C,0.27
YNL117W,0.27
YNL036W,0.27
YEL040W,0.27
YDR497C,0.27
YIL033C,0.27
YCL040W,0.27
YCR088W,0.27
YML128C,0.27
YNL131W,0.27
YNL244C,0.27
YJL171C,0.27
YNL248C,0.27
YER190C-A,0.27
YDR188W,0.27
YGL077C,0.27
YCR021C,0.27
YIL074C,0.27
YDL052C,0.27
YHR170W,0.27
YML125C,0.27
YJR095W,0.28
YAL004W,0.28
YNL061W,0.28
YNL121C,0.28
YGL048C,0.28
YEL063C,0.28
YIL109C,0.28
YJL172W,0.28
YCR034W,0.28
YCR010C,0.28
YHR018C,0.28
YJR005C-A,0.28
YNR053C,0.28
YDR298C,0.28
YGL068W,0.28
YFR030W,0.28
YGR286C,0.28
YOR303W,0.28
YDR071C,0.28
YGL226C-A,0.28
YHR096C,0.28
YDR212W,0.28
YOL151W,0.28
YNL142W,0.28
YPR063C,0.28
YJL122W,0.28
YPR160W,0.28
YIL040W,0.28
YER120W,0.28
YAL060W,0.28
YOR168W,0.28
YPL223C,0.28
YLR327C,0.28
YGL206C,0.28
YNL002C,0.28
YPL197C,0.28
YCL028W,0.28
YGR287C,0.28
YDR394W,0.28
YGL029W,0.28
YLR295C,0.28
YER003C,0.29
YBR034C,0.29
YDR483W,0.29
YLL041C,0.29
YOL055C,0.29
YGR132C,0.29
YER023W,0.29
YBL024W,0.29
YDL004W,0.29
YLL066W-B,0.29
YIL157C,0.29
YMR272C,0.29
YOR184W,0.29
YPL145C,0.29
YLR447C,0.29
YDL051W,0.29
YNR001C,0.29
YNL134C,0.29
YKL172W,0.29
YFL059W,0.29
YOR153W,0.29
YPR036W,0.29
YNL333W,0.29
YDL125C,0.29
YNR003W-A,0.29
YDR232W,0.29
YKL150W,0.29
YAL036C,0.29
YKL054C,0.29
YFL038C,0.29
YCL048W-A,0.3
YOL157C,0.3
YPL004C,0.3
YEL031W,0.3
YGR264C,0.3
YJL221C,0.3
YMR072W,0.3
YOR224C,0.3
YKL104C,0.3
YPL187W,0.3
YER052C,0.3
YIL172C,0.3
YGR088W,0.3
YER065C,0.3
YML012W,0.3
YLL023C,0.3
YKR001C,0.3
YMR183C,0.3
YKR043C,0.3
YDL095W,0.3
YMR002W,0.3
YNL268W,0.3
YLR004C,0.3
YGL125W,0.31
YLR179C,0.31
YNR021W,0.31
YGL202W,0.31
YPL111W,0.31
YNR035C,0.31
YHL015W-A,0.31
YDR368W,0.31
YMR246W,0.31
YHR213W,0.31
YLR244C,0.31
YOR091W,0.31
YKL153W,0.31
YPR181C,0.31
YMR008C,0.31
YGR234W,0.31
YPR127W,0.31
YOR136W,0.31
YJR117W,0.31
YGL012W,0.31
YGR082W,0.31
YLR062C,0.31
YHL040C,0.31
YOR142W,0.31
YKL181W,0.32
YBR145W,0.32
YDR341C,0.32
YGR211W,0.32
YKL009W,0.32
YDR396W,0.32
YOL097C,0.32
YCL017C,0.32
YOR341W,0.32
YFR009W,0.32
YJR073C,0.32
YGL078C,0.32
YPR191W,0.32
YPL237W,0.32
YOR271C,0.32
YLR056W,0.32
YMR295C,0.32
YMR305C,0.32
YJL116C,0.32
YGL022W,0.32
YML124C,0.32
YDR148C,0.32
YAR015W,0.32
YDL143W,0.32
YDL046W,0.32
YBR035C,0.32
YGR055W,0.32
YLR081W,0.33
YDR453C,0.33
YHR217C,0.33
YMR309C,0.33
YLR342W,0.33
YDR304C,0.33
YDR429C,0.33
YMR099C,0.33
YNL010W,0.33
YAL037C-B,0.33
YKR013W,0.33
YPL160W,0.33
YDR070C,0.33
YBR154C,0.33
YGL187C,0.33
YDL228C,0.33
YGL255W,0.33
YBL015W,0.33
YLR149C-A,0.33
YGL200C,0.33
YOR108W,0.33
YMR145C,0.33
YGR162W,0.33
YNL189W,0.33
YJR133W,0.33
YLR208W,0.34
YAL054C,0.34
YMR079W,0.34
YGL037C,0.34
YML085C,0.34
YBR296C,0.34
YFL018C,0.34
YHR042W,0.34
YOR192C,0.34
YMR146C,0.34
YGL054C,0.34
YNL044W,0.34
YML106W,0.34
YDR544C,0.34
YKL148C,0.34
YJL130C,0.34
YKL141W,0.34
YDR399W,0.34
YDR119W-A,0.34
YLR192C,0.34
YLR027C,0.34
YCR028C-A,0.34
YGR189C,0.34
YNL239W,0.34
YOR230W,0.34
YIR035C,0.34
YER145C,0.34
YPL058C,0.34
YKR093W,0.34
YKL001C,0.35
YPL226W,0.35
YCL030C,0.35
YPR033C,0.35
YPL262W,0.35
YPR041W,0.35
YGL062W,0.35
YGL234W,0.35
YDR035W,0.35
YFL034C-A,0.35
YOR361C,0.35
YAL023C,0.35
YHR008C,0.35
YEL020W-A,0.35
YHR211W,0.35
YDL171C,0.35
YBR143C,0.35
YGR061C,0.35
YJR151C,0.35
YDR371C-A,0.35
YPR168W,0.35
YBR283C,0.35
YGR019W,0.35
YLR380W,0.35
YMR318C,0.35
YMR203W,0.35
YIL041W,0.35
YLR262C-A,0.36
YER019C-A,0.36
YOR247W,0.36
YJL121C,0.36
YDR055W,0.36
YML022W,0.36
YOL030W,0.36
YGL106W,0.36
YDL100C,0.36
YOR302W,0.36
YLR363W-A,0.36
YMR173W,0.36
YIL066C,0.36
YPL078C,0.36
YPR156C,0.36
YMR108W,0.36
YPR165W,0.36
YNL037C,0.36
YGL028C,0.36
YML078W,0.36
YDR034W-B,0.36
YDL126C,0.36
YNL016W,0.37
YNL145W,0.37
YAL063C,0.37
YEL047C,0.37
YLR301W,0.37
YJL052C-A,0.37
YOR187W,0.37
YNR073C,0.37
YAR002C-A,0.37
YPR183W,0.37
YKL029C,0.37
YCL025C,0.37
YMR297W,0.37
YOR270C,0.37
YGR185C,0.37
YML008C,0.37
Q0110,0.37
YNL071W,0.37
YER053C-A,0.37
YMR083W,0.37
YLR359W,0.38
YNL111C,0.38
YPR028W,0.38
YLL026W,0.38
YER062C,0.38
YJL080C,0.38
YBL076C,0.38
YGL089C,0.38
YBL039C,0.38
YEL024W,0.38
YEL070W,0.38
YBR082C,0.38
YDR454C,0.38
YFL037W,0.38
YJR010W,0.38
YFR044C,0.38
YER070W,0.38
YKL096W,0.38
YML058W,0.39
YKR046C,0.39
YDR510W,0.39
YER178W,0.39
YNL208W,0.39
YHR190W,0.39
YCL026C-A,0.39
YEL051W,0.39
YHR026W,0.39
YAR073W,0.39
YPL234C,0.39
YOR071C,0.39
YIL162W,0.39
YOL154W,0.39
YER081W,0.39
YMR015C,0.39
YMR105C,0.39
YER009W,0.4
YMR260C,0.4
YOR276W,0.4
YLR197W,0.4
YBR072W,0.4
YGR020C,0.4
YGR124W,0.4
YER057C,0.4
YPR036W-A,0.4
YGL009C,0.4
YNL220W,0.4
YAR050W,0.4
YDL085C-A,0.4
YCL050C,0.4
YCL037C,0.4
YDL185W,0.4
YHR089C,0.4
YJR007W,0.4
YOR374W,0.4
YDR172W,0.4
Q0050,0.41
YDR174W,0.41
YGR008C,0.41
YNL104C,0.41
YHR087W,0.41
YER086W,0.41
YOL139C,0.41
YDR210W,0.41
YOR065W,0.41
Q0115,0.41
YBL045C,0.41
YEL060C,0.41
YNL015W,0.41
YDL025W-A,0.41
YER126C,0.41
YLR060W,0.41
YCL009C,0.41
YGR155W,0.41
YPR016C,0.41
YMR120C,0.41
YKR097W,0.41
YGL026C,0.41
YKR039W,0.41
YHR216W,0.42
YPL218W,0.42
Q0160,0.42
YLR378C,0.42
YBR218C,0.42
YER025W,0.42
YDR091C,0.42
YBR089C-A,0.42
YPL036W,0.42
YDL084W,0.42
YNR016C,0.42
YBR039W,0.42
YGR204W,0.42
YDL131W,0.42
YNR050C,0.42
YHR025W,0.43
YOR335C,0.43
YNL064C,0.43
YIL051C,0.43
YDR534C,0.43
YNL066W,0.43
YCL026C-B,0.43
YKL035W,0.43
YOR310C,0.43
YLR076C,0.43
YPR069C,0.43
YPR163C,0.43
YPL154C,0.43
YOR332W,0.43
YBR263W,0.43
YER110C,0.43
YGR094W,0.43
Q0055,0.44
YAR075W,0.44
YAR071W,0.44
YFL022C,0.44
YMR307W,0.44
YOR298C-A,0.44
YDR023W,0.44
YGR138C,0.44
YHR215W,0.44
YJL079C,0.44
YBR092C,0.44
YLR300W,0.44
YDL066W,0.44
Q0250,0.44
YDL182W,0.44
YOL155C,0.44
YBR286W,0.44
YDR353W,0.44
YML074C,0.44
YBR162C,0.45
YIL094C,0.45
YDR381W,0.45
YKL182W,0.45
YJR150C,0.45
YPL093W,0.45
YMR241W,0.45
YGL258W,0.45
YOR210W,0.45
YLR237W,0.45
YKL085W,0.45
YLR153C,0.45
YOR387C,0.45
YLR175W,0.45
YAL035W,0.46
YGL225W,0.46
YMR202W,0.46
YBR079C,0.46
YJR048W,0.46
YIL169C,0.46
YER036C,0.46
YHR208W,0.47
YOR198C,0.47
YDR099W,0.47
YHR039C-A,0.47
YDL067C,0.47
YHL034C,0.47
YLL039C,0.47
YMR011W,0.47
YAR066W,0.47
YBR121C,0.47
YHR020W,0.47
YOR382W,0.47
YHR143W-A,0.47
YOR020C,0.47
YJL133C-A,0.47
YNL300W,0.47
YBR221C,0.47
YML126C,0.47
YDR276C,0.48
YLR009W,0.48
YLL053C,0.48
YPR145W,0.48
YIL078W,0.48
YHR214W,0.48
YJL167W,0.48
YGL105W,0.48
YNL055C,0.48
YHR068W,0.48
YGL148W,0.49
YCR053W,0.49
YKL156W,0.49
YDL208W,0.49
YIR019C,0.49
YGR086C,0.49
YLR438W,0.49
YHR049W,0.49
YNL079C,0.49
YLR372W,0.5
YGR209C,0.5
Q0060,0.5
YOL052C-A,0.5
YDR233C,0.5
YER177W,0.5
YBR127C,0.51
YEL046C,0.51
YDR432W,0.51
YPL028W,0.51
YLL018C,0.51
YGR037C,0.51
YPR052C,0.51
YOR045W,0.51
YHR128W,0.51
YOR204W,0.51
YDR037W,0.51
YGL245W,0.51
YJL034W,0.52
YER044C,0.52
YJR105W,0.52
YLR259C,0.52
YPL282C,0.52
YHR072W-A,0.52
YML058W-A,0.52
YOR394W,0.52
YIL123W,0.52
YPL231W,0.53
YJR070C,0.53
Q0070,0.53
YKL163W,0.53
YJR016C,0.53
YHR094C,0.54
YLR304C,0.54
YHR179W,0.54
YOL058W,0.54
YDR002W,0.54
YJR121W,0.54
YPR149W,0.54
YNL255C,0.54
YOR009W,0.54
YDL137W,0.54
YBR093C,0.55
YJR139C,0.55
YFR053C,0.55
YNL112W,0.55
YCL018W,0.55
YJR104C,0.55
YDR032C,0.55
YGR175C,0.55
Q0065,0.55
YGR144W,0.55
YCL043C,0.56
YPL048W,0.56
YMR251W-A,0.56
YDR158W,0.56
YHR019C,0.56
YLR303W,0.57
YDR044W,0.57
YHR064C,0.57
YMR217W,0.57
YGR282C,0.57
YML123C,0.57
YGR240C,0.57
YLR390W-A,0.57
YDR086C,0.57
YLR432W,0.58
YML056C,0.58
YDL022W,0.59
YLL050C,0.59
YLR043C,0.59
YBR054W,0.59
YOR122C,0.59
YGR285C,0.59
YDL232W,0.6
YGR060W,0.6
YDR502C,0.6
YJR077C,0.6
YHR007C,0.6
YGR180C,0.6
YAR020C,0.6
YDR033W,0.61
YMR122W-A,0.61
YFL045C,0.61
YER165W,0.61
YPL240C,0.62
YMR121C,0.62
YNL160W,0.62
YDR226W,0.62
YGR159C,0.62
YPL106C,0.62
YAL012W,0.62
YPR074C,0.63
YBL099W,0.63
YKL081W,0.63
YDR345C,0.63
Q0045,0.63
YBR249C,0.64
YMR205C,0.64
YBL003C,0.64
YBR025C,0.64
YJL026W,0.64
YHR092C,0.64
YGL256W,0.64
YBR067C,0.65
YDL192W,0.65
YDR471W,0.65
YGL055W,0.65
YLR180W,0.65
YLR293C,0.65
YFL020C,0.65
YEL017C-A,0.65
YPL061W,0.66
YDR342C,0.66
YMR186W,0.66
YDR343C,0.66
YLR367W,0.66
YNL135C,0.66
Q0105,0.66
YJR156C,0.66
YLR109W,0.67
YIL011W,0.67
YDR461W,0.67
Q0120,0.67
YKL164C,0.67
YDL244W,0.67
YPL081W,0.67
YBL030C,0.67
YNL332W,0.67
YBL002W,0.68
YPR035W,0.68
YDL014W,0.68
YJR045C,0.68
YFL058W,0.68
YMR303C,0.69
YBR106W,0.69
YBR011C,0.69
YLR354C,0.69
YNL031C,0.69
YKR057W,0.69
YEL054C,0.7
YDL055C,0.7
YDR077W,0.7
YHR021C,0.7
YNL096C,0.7
YIL133C,0.7
YHR193C,0.7
YEL026W,0.7
YKR042W,0.7
Q0275,0.7
Q0085,0.7
YNL190W,0.71
YLR058C,0.71
YDL133C-A,0.71
YOR383C,0.71
YDL184C,0.71
YLR406C,0.71
YGR279C,0.71
YOL109W,0.71
YGL253W,0.72
YJL158C,0.72
YER043C,0.72
YFR032C-A,0.72
YOR010C,0.73
YMR143W,0.73
YIL053W,0.73
YPL037C,0.73
YBL108C-A,0.73
YER091C,0.73
YHR183W,0.73
YEL027W,0.74
YJR094W-A,0.74
YLR333C,0.75
YLR287C-A,0.75
YBR078W,0.75
YDR224C,0.75
YGL261C,0.75
YER011W,0.75
YOR375C,0.75
YLL025W,0.75
YJR047C,0.75
YLR037C,0.75
YBR010W,0.76
YOR167C,0.76
YJL159W,0.76
YDL082W,0.76
YDR155C,0.76
YCR104W,0.76
YKL224C,0.76
YLR441C,0.76
YLR344W,0.76
YJL191W,0.76
YDR225W,0.76
YNL030W,0.77
YLR448W,0.77
YGR214W,0.77
YJL136C,0.77
YBR196C,0.77
YEL049W,0.77
YDL130W,0.77
YOR312C,0.78
YKL056C,0.78
YFL014W,0.78
YMR325W,0.78
YJR145C,0.78
YIR041W,0.78
YAL003W,0.78
YAL068C,0.78
YBL087C,0.78
YGL008C,0.78
Q0130,0.79
YHL001W,0.79
YLR461W,0.79
YGL103W,0.79
YNL301C,0.79
YER117W,0.79
YLR264W,0.79
YJL223C,0.8
YGR294W,0.8
YDL081C,0.8
YLR388W,0.8
YBR301W,0.8
YDR542W,0.8
YMR194W,0.8
YIL176C,0.8
YFL039C,0.8
YHR010W,0.8
YML073C,0.8
YHL046C,0.8
YJL138C,0.8
YHR203C,0.8
YAL005C,0.8
YML063W,0.8
YLR134W,0.8
YKR059W,0.8
YLR048W,0.81
YOL161C,0.81
YGR118W,0.81
YCR024C-A,0.81
YDR382W,0.81
YDR418W,0.81
YBR084C-A,0.81
YKL006W,0.81
YGR027C,0.81
YGR085C,0.81
YLR325C,0.82
YIL148W,0.82
YER102W,0.82
YDL075W,0.82
YER131W,0.82
YKR094C,0.82
YGL147C,0.82
YOL127W,0.82
YOR096W,0.82
YBR191W,0.82
YBR009C,0.82
YEL034W,0.83
YNL069C,0.83
Q0080,0.83
YNR076W,0.83
YOR182C,0.83
YDR025W,0.83
YJL177W,0.83
YLR249W,0.83
YPL198W,0.83
YMR242C,0.83
YML026C,0.83
YLL064C,0.83
YLR150W,0.83
YNL209W,0.84
YML028W,0.84
YDR450W,0.84
YNL067W,0.84
YGL031C,0.84
YIL069C,0.84
YPR102C,0.84
YDR385W,0.84
YNL302C,0.84
YLR185W,0.84
YMR230W,0.84
YDR500C,0.84
YDR447C,0.85
YBL072C,0.85
YGL189C,0.85
YBR048W,0.85
YDL136W,0.85
YDL083C,0.85
YMR142C,0.85
YMR116C,0.85
YOR234C,0.85
YLL024C,0.85
YGR148C,0.85
YGR034W,0.85
YDR050C,0.85
YOR133W,0.85
YPL143W,0.86
YOL039W,0.86
YPL079W,0.86
YOL121C,0.86
YNL162W,0.86
YNL178W,0.86
YJL190C,0.86
YCR031C,0.86
YLR167W,0.87
YKL152C,0.87
YOL120C,0.87
YOL040C,0.87
YPL220W,0.87
YLR340W,0.87
YPL131W,0.87
YBL027W,0.87
YPR132W,0.87
YGL076C,0.87
YDL229W,0.87
YHR141C,0.88
YJL052W,0.88
YDL191W,0.88
YLR029C,0.88
YGL135W,0.88
YER056C-A,0.88
YIL018W,0.88
YOR063W,0.88
YDR064W,0.89
YHL015W,0.89
YLR075W,0.89
YOR369C,0.89
YCR012W,0.89
YKL180W,0.89
YLR355C,0.89
YFR031C-A,0.9
YOR293W,0.9
YBR181C,0.9
YKL096W-A,0.9
YML024W,0.9
YBR118W,0.9
YBL092W,0.9
YDL061C,0.9
YJR123W,0.9
YPR080W,0.9
YPL090C,0.9
YGR254W,0.91
YIL052C,0.91
YER074W,0.91
YBR189W,0.91
YOL086C,0.91
YGL123W,0.91
YKL060C,0.91
YGL030W,0.92
YDR524C-B,0.92
YLR061W,0.92
YHL033C,0.92
YLL045C,0.92
YBR031W,0.93
YPL249C-A,0.93
YAL038W,0.93
YDR012W,0.94
YLR110C,0.94
YHR174W,0.94
YPR043W,0.94
YJR009C,0.94
YLR044C,0.94
YJL189W,0.96
YGR192C,0.96
