Systematic Name,Hydropathicity of Protein
YDL184C,-2.45
YDL133C-A,-2.45
YMR173W,-1.96
YPL223C,-1.85
YDL085C-A,-1.8
YER030W,-1.78
YGR169C-A,-1.68
YJR005C-A,-1.66
YLR068W,-1.65
YOR053W,-1.65
YGL029W,-1.62
YFR003C,-1.62
YGR008C,-1.61
YNL136W,-1.57
YMR269W,-1.57
YMR175W,-1.55
YMR174C,-1.55
YKL054C,-1.54
YBR152W,-1.54
YOR287C,-1.52
YKL023W,-1.52
YIL138C,-1.5
YKL172W,-1.49
YGL108C,-1.48
YNL079C,-1.48
YER161C,-1.48
YOR123C,-1.48
YBR016W,-1.47
YKL082C,-1.46
YNR024W,-1.46
YMR039C,-1.45
YMR255W,-1.44
YGR280C,-1.44
YMR311C,-1.44
YDR482C,-1.44
YMR263W,-1.43
YLR412C-A,-1.43
YJL189W,-1.43
YHR116W,-1.42
YDR088C,-1.42
YMR043W,-1.42
YDR412W,-1.41
YFR012W-A,-1.41
YBR089C-A,-1.39
YFR033C,-1.38
YNL308C,-1.38
YFR032C-A,-1.37
YLR206W,-1.37
YLR327C,-1.37
YBL028C,-1.37
YOR042W,-1.37
YKL195W,-1.36
YNL215W,-1.36
YKR092C,-1.36
YDR461C-A,-1.35
YGR129W,-1.35
YLR361C-A,-1.35
YGL244W,-1.35
YDR070C,-1.34
YPL055C,-1.34
YJR082C,-1.34
YBR194W,-1.33
YOR189W,-1.33
YOL123W,-1.31
YLL009C,-1.31
YKL099C,-1.31
YDL153C,-1.3
YDR365C,-1.3
YPR052C,-1.3
YDL099W,-1.29
YGR159C,-1.29
YMR014W,-1.28
YDR163W,-1.28
YJR060W,-1.28
YLR051C,-1.28
YML093W,-1.28
YFR001W,-1.27
YGR009C,-1.27
YLR150W,-1.27
YDL223C,-1.27
YGL222C,-1.27
YKL214C,-1.27
YOR078W,-1.26
YDL005C,-1.26
YLR363W-A,-1.26
YIL084C,-1.26
YOL109W,-1.26
YGR130C,-1.26
YLR223C,-1.26
YPR143W,-1.26
YMR244C-A,-1.25
YIR001C,-1.25
YGR196C,-1.25
YGR072W,-1.25
YKL032C,-1.25
YDR363W-A,-1.24
YER002W,-1.24
YNL133C,-1.24
YOR309C,-1.24
YPL186C,-1.24
YCR018C,-1.23
YER104W,-1.23
YDR068W,-1.23
YFR036W,-1.23
YPR129W,-1.23
YDL213C,-1.23
YPR145C-A,-1.22
YMR086W,-1.22
YPL190C,-1.22
YDR356W,-1.22
YER063W,-1.22
YOL054W,-1.22
YIL079C,-1.22
YPL146C,-1.21
Q0297,-1.21
YFL014W,-1.21
YGR167W,-1.21
YDL002C,-1.2
YMR260C,-1.2
YGR251W,-1.2
YGL174W,-1.2
YBR049C,-1.2
YMR219W,-1.2
YJL148W,-1.2
YGL066W,-1.19
YFL010W-A,-1.19
YER034W,-1.19
YPL181W,-1.19
YLR029C,-1.19
YML017W,-1.19
YDL139C,-1.19
YMR121C,-1.19
YDR500C,-1.18
YNL208W,-1.18
YLR262C-A,-1.18
YHR097C,-1.18
YDL175C,-1.18
YAL025C,-1.18
YDR473C,-1.18
YNL050C,-1.18
YIL127C,-1.18
YNL004W,-1.17
YMR107W,-1.17
YNR054C,-1.17
YKL042W,-1.17
YIL136W,-1.17
YMR273C,-1.17
YPR018W,-1.17
YOR195W,-1.17
YLR281C,-1.17
YOL028C,-1.17
YCR087C-A,-1.17
YPL255W,-1.16
YBR108W,-1.16
YLR457C,-1.16
YKL160W,-1.16
YER112W,-1.16
YLR257W,-1.16
YOR083W,-1.15
YBL059C-A,-1.15
YGR202C,-1.15
YJR083C,-1.15
YLR009W,-1.15
YLR185W,-1.15
YDR515W,-1.14
YMR070W,-1.14
YCL028W,-1.14
YKL112W,-1.14
YML098W,-1.14
YML074C,-1.14
YDL012C,-1.14
YFR016C,-1.14
YPL124W,-1.14
YPL193W,-1.14
YIR025W,-1.14
YDL130W-A,-1.14
YGR162W,-1.13
YJL144W,-1.13
YDR171W,-1.13
YLR298C,-1.13
YDR348C,-1.13
YIL019W,-1.13
YGR275W,-1.13
YKR041W,-1.13
YKL143W,-1.12
YDR485C,-1.12
YDL065C,-1.12
YBR231C,-1.12
YAL011W,-1.11
YDR145W,-1.11
YJR056C,-1.11
YOR113W,-1.11
YDL189W,-1.11
YDR028C,-1.11
YKR095W,-1.11
YHR152W,-1.11
YNL245C,-1.11
YMR201C,-1.11
YDL181W,-1.11
YMR227C,-1.11
YIL161W,-1.11
YNR049C,-1.11
YNL227C,-1.1
YPR163C,-1.1
YLR309C,-1.1
YLR271W,-1.1
YAR035C-A,-1.1
YKL095W,-1.1
YJR050W,-1.1
YER079W,-1.1
YDR432W,-1.1
YIR003W,-1.1
YDL161W,-1.1
YJR107C-A,-1.1
YER127W,-1.1
YKR023W,-1.1
YOR091W,-1.1
YNL027W,-1.09
YKL105C,-1.09
YER033C,-1.09
YOR308C,-1.09
YHR156C,-1.09
YMR164C,-1.09
YOL144W,-1.09
YGR005C,-1.09
YCR016W,-1.08
YCL061C,-1.08
YDR464W,-1.08
YBR279W,-1.08
YNL110C,-1.08
YNL091W,-1.08
YGL049C,-1.08
YPL263C,-1.08
YDL115C,-1.08
YJL115W,-1.08
YOR239W,-1.07
YMR124W,-1.07
YBR258C,-1.07
YOR073W,-1.07
YOR216C,-1.07
YER088W-B,-1.07
YDR259C,-1.07
YDR113C,-1.07
YMR017W,-1.07
YOR198C,-1.06
YLR146W-A,-1.06
YNL039W,-1.06
YDL169C,-1.06
YLR323C,-1.06
YHR079C-A,-1.06
YOR072W-A,-1.06
YKL108W,-1.06
YHR159W,-1.06
YML113W,-1.06
YOR177C,-1.06
YDR207C,-1.06
YJR094C,-1.05
YGL031C,-1.05
YGL237C,-1.05
YFL023W,-1.05
YLR079W,-1.05
YML062C,-1.05
YKR020W,-1.05
YER035W,-1.05
YNL162W,-1.05
YOR381W-A,-1.05
YML037C,-1.05
YNL175C,-1.05
YJR043C,-1.05
YNL188W,-1.05
YHR141C,-1.05
YOR077W,-1.05
YLR449W,-1.05
YPR072W,-1.05
YIL063C,-1.05
YHR053C,-1.05
YHR055C,-1.05
YGR081C,-1.04
YJL162C,-1.04
YHL013C,-1.04
YBL046W,-1.04
YNL190W,-1.04
YAR014C,-1.04
YKL063C,-1.04
YCR088W,-1.04
YDR285W,-1.04
YCL029C,-1.04
YER029C,-1.04
YGR186W,-1.04
YNL124W,-1.04
YIR018W,-1.04
YPL089C,-1.04
YGR268C,-1.04
YER106W,-1.04
YDR014W-A,-1.03
YIL112W,-1.03
YLR445W,-1.03
YNL138W-A,-1.03
YLR219W,-1.03
YDR043C,-1.03
YPL121C,-1.03
YDR143C,-1.03
YML007W,-1.03
YNL076W,-1.03
YDR299W,-1.03
YGL188C-A,-1.02
YIL077C,-1.02
YDR439W,-1.02
YNL196C,-1.02
YCL037C,-1.02
YGR126W,-1.02
YFL024C,-1.02
YGL073W,-1.02
YNL213C,-1.02
YDL051W,-1.02
YFR017C,-1.02
YKL204W,-1.02
YJL184W,-1.01
YIL135C,-1.01
YBR156C,-1.01
YMR240C,-1.01
YFL010C,-1.01
YGR179C,-1.01
YGR148C,-1.01
YPL230W,-1.01
YMR114C,-1.01
YJL203W,-1.01
YPL180W,-1.01
YNR010W,-1.01
YDR153C,-1.01
YOR279C,-1.01
YDR176W,-1.01
YBR148W,-1.0
YAL013W,-1.0
YPR171W,-1.0
YCR033W,-1.0
YER180C-A,-1.0
YML053C,-1.0
YDR026C,-1.0
YDR260C,-1.0
YBL031W,-1.0
YBL093C,-1.0
YNL338W,-1.0
YLR218C,-1.0
YDR210W,-1.0
YBR045C,-1.0
YDR002W,-0.99
YLR053C,-0.99
YKL201C,-0.99
YNL103W,-0.99
YER122C,-0.99
YJR053W,-0.99
YBR135W,-0.99
YOR265W,-0.99
YKL109W,-0.99
YBR197C,-0.99
YBR188C,-0.99
YBL107C,-0.98
YPL049C,-0.98
YPR074W-A,-0.98
YHR082C,-0.98
YNL166C,-0.98
YBR267W,-0.98
YGL086W,-0.98
YHL020C,-0.98
YDR480W,-0.98
YMR044W,-0.98
YOL093W,-0.98
YOR304C-A,-0.98
YKL089W,-0.98
YOR182C,-0.98
YGL170C,-0.98
YLR287C-A,-0.98
YPR133C,-0.97
YMR072W,-0.97
YNL154C,-0.97
YJL041W,-0.97
YDR253C,-0.97
YDL106C,-0.97
YKL137W,-0.97
YNL195C,-0.97
YJR134C,-0.97
YGR145W,-0.97
YOR252W,-0.97
YIR017C,-0.97
YOR008W-B,-0.97
YGR142W,-0.97
YGR230W,-0.97
YDR054C,-0.96
YIL149C,-0.96
YBR157C,-0.96
YPL043W,-0.96
YFR034W-A,-0.96
YBL081W,-0.96
YCL011C,-0.96
YOR267C,-0.96
YBR215W,-0.96
YOL006C,-0.96
YBL058W,-0.96
YHL009C,-0.96
YGL023C,-0.96
YDL173W,-0.96
YHL024W,-0.96
YKR019C,-0.96
YDR381W,-0.95
YBR084C-A,-0.95
YER032W,-0.95
YOL041C,-0.95
YDR540C,-0.95
YJL083W,-0.95
YJL123C,-0.95
YDR085C,-0.95
YDL129W,-0.95
YJR017C,-0.95
YDR289C,-0.95
YJR002W,-0.95
YKR045C,-0.95
YBL027W,-0.95
YKL028W,-0.95
YJL176C,-0.95
YCL058W-A,-0.95
YHR135C,-0.95
YDR328C,-0.95
YKL087C,-0.95
YKL088W,-0.95
YPL077C,-0.95
YIL057C,-0.95
YGR017W,-0.95
YOR194C,-0.95
YDL186W,-0.94
YER067W,-0.94
YKR100C,-0.94
YOR148C,-0.94
YMR111C,-0.94
YHR136C,-0.94
YNL097C-B,-0.94
YMR052W,-0.94
YHR060W,-0.94
YIL096C,-0.94
YGR206W,-0.94
YLR455W,-0.94
YOL148C,-0.94
YMR206W,-0.94
YLR399C,-0.94
YDL150W,-0.94
YBL054W,-0.94
YKL122C,-0.94
YBR122C,-0.93
YPL020C,-0.93
YMR075W,-0.93
YOR023C,-0.93
YLR280C,-0.93
YOR163W,-0.93
YGR013W,-0.93
YGL212W,-0.93
YKR090W,-0.93
YIL119C,-0.93
YIL122W,-0.93
YNL224C,-0.93
YDR174W,-0.93
YDR469W,-0.93
YDR309C,-0.93
YGR035C,-0.93
YLL011W,-0.93
YDL148C,-0.93
YNL151C,-0.93
YKL012W,-0.93
YJL056C,-0.93
YMR213W,-0.93
YJL076W,-0.93
YDL088C,-0.93
YKL061W,-0.92
YMR159C,-0.92
YDR363W,-0.92
YPR186C,-0.92
YOR052C,-0.92
YGR229C,-0.92
YDL226C,-0.92
YHR149C,-0.92
YHR014W,-0.92
YLR192C,-0.92
YLL018C-A,-0.92
YCR003W,-0.92
YIL098C,-0.92
YKR083C,-0.92
YNL233W,-0.92
YDL053C,-0.92
YLR030W,-0.92
YER158C,-0.91
YBR081C,-0.91
YER121W,-0.91
YER149C,-0.91
YLR221C,-0.91
YHR184W,-0.91
YDR146C,-0.91
YOL070C,-0.91
YDR239C,-0.91
YOR358W,-0.91
YBL006W-A,-0.91
YBR007C,-0.91
YBR130C,-0.91
YBR289W,-0.91
YLR131C,-0.91
YDR446W,-0.91
YCR096C,-0.91
YDL020C,-0.91
YPL108W,-0.91
YIR010W,-0.91
YKR099W,-0.91
YJR089W,-0.9
YMR077C,-0.9
YLR335W,-0.9
YGL175C,-0.9
YEL039C,-0.9
YPR101W,-0.9
YGR029W,-0.9
YPL071C,-0.9
YPR104C,-0.9
YBR269C,-0.9
YMR140W,-0.9
YHR146W,-0.9
YER098W,-0.9
YMR230W,-0.9
YPR152C,-0.9
YNL309W,-0.9
YOR293W,-0.9
YPR148C,-0.9
YGR271C-A,-0.9
YMR294W,-0.9
YDL061C,-0.9
YOL085C,-0.9
YOR006C,-0.9
YPR065W,-0.9
YJL140W,-0.9
YER058W,-0.9
YLR200W,-0.9
YNL054W,-0.9
YKL052C,-0.9
YHR066W,-0.9
YBR285W,-0.9
YDL013W,-0.9
YNL173C,-0.9
YKR010C,-0.9
YKR022C,-0.89
YOR298C-A,-0.89
YGR239C,-0.89
YGR273C,-0.89
YKR007W,-0.89
YML014W,-0.89
YMR294W-A,-0.89
YLR125W,-0.89
YMR031C,-0.89
YOR004W,-0.89
YNR051C,-0.89
YLR437C,-0.89
YGL150C,-0.89
YCL054W,-0.89
YHR090C,-0.89
YOR329C,-0.89
YGL071W,-0.89
YDR486C,-0.89
YDR152W,-0.89
YPR078C,-0.89
YKL049C,-0.89
YHR061C,-0.89
YHR059W,-0.89
YPL107W,-0.89
YCR020W-B,-0.89
YNL230C,-0.89
YDR494W,-0.89
YLR136C,-0.89
YNR001W-A,-0.89
YER116C,-0.89
YER167W,-0.89
YBL097W,-0.89
YJR092W,-0.89
YIL036W,-0.89
YBL085W,-0.89
YPR174C,-0.89
YBL043W,-0.89
YDR312W,-0.89
YPR187W,-0.88
YKL138C,-0.88
YIL061C,-0.88
YLR314C,-0.88
YMR036C,-0.88
YMR233W,-0.88
YER128W,-0.88
YOR188W,-0.88
YDR227W,-0.88
YOR276W,-0.88
YLR119W,-0.88
YDR083W,-0.88
YDR175C,-0.88
YKL041W,-0.88
YML006C,-0.88
YNL211C,-0.88
YOL091W,-0.88
YMR037C,-0.88
YMR030W,-0.88
YDR121W,-0.88
YLR403W,-0.88
YHR081W,-0.88
YMR091C,-0.88
YNL149C,-0.88
YNL161W,-0.87
YOL051W,-0.87
YNR047W,-0.87
YLR102C,-0.87
YMR144W,-0.87
YBR066C,-0.87
YMR295C,-0.87
YCL051W,-0.87
YML015C,-0.87
YMR132C,-0.87
YDR229W,-0.87
YDR017C,-0.87
YBR071W,-0.87
YOR027W,-0.87
YDR052C,-0.87
YGL189C,-0.87
YBR273C,-0.87
YJL107C,-0.87
YKL050C,-0.87
YOL116W,-0.87
YHR131C,-0.87
YNL164C,-0.87
YBR138C,-0.87
YPL009C,-0.87
YBR057C,-0.87
YER114C,-0.87
YDR359C,-0.87
YER054C,-0.87
YBR035C,-0.87
YOR255W,-0.87
YOR054C,-0.87
YPL159C,-0.87
YDR130C,-0.87
YMR234W,-0.87
YKL179C,-0.87
YGR285C,-0.87
YDR049W,-0.86
YDR475C,-0.86
YNL152W,-0.86
YGR086C,-0.86
YHR119W,-0.86
YGR002C,-0.86
YIL152W,-0.86
YDR389W,-0.86
YKL139W,-0.86
YGL181W,-0.86
YER180C,-0.86
YPL166W,-0.86
YHL034C,-0.86
YHR040W,-0.86
YPL177C,-0.86
YLR038C,-0.86
YOR032C,-0.86
YGL232W,-0.86
YBL010C,-0.86
YNL186W,-0.86
YPR008W,-0.86
YOR056C,-0.86
YPL233W,-0.86
YKR025W,-0.86
YHR132W-A,-0.86
YNR006W,-0.86
YJR021C,-0.86
YGR113W,-0.86
YDR005C,-0.86
YMR042W,-0.86
YLR388W,-0.85
YDR478W,-0.85
YDR458C,-0.85
YLR387C,-0.85
YGR076C,-0.85
YPR185W,-0.85
YKR048C,-0.85
YNL157W,-0.85
YLR330W,-0.85
YGR178C,-0.85
YNL016W,-0.85
YBL052C,-0.85
YOL078W,-0.85
YMR016C,-0.85
YKL005C,-0.85
YKR072C,-0.85
YDR181C,-0.85
YNL225C,-0.85
YOR281C,-0.85
YEL007W,-0.85
YNL042W,-0.85
YMR136W,-0.85
YKL062W,-0.85
YEL020W-A,-0.85
YDR510W,-0.85
YCR063W,-0.85
YLR114C,-0.85
YGR174C,-0.85
YBL086C,-0.85
YOR294W,-0.85
YPL217C,-0.84
YER111C,-0.84
YGL035C,-0.84
YDL070W,-0.84
YDL030W,-0.84
YBR112C,-0.84
YJR093C,-0.84
YOL108C,-0.84
YDR162C,-0.84
YML109W,-0.84
YER164W,-0.84
YMR081C,-0.84
YPR112C,-0.84
YDL105W,-0.84
YER048C,-0.84
YAL034C,-0.84
YDR364C,-0.84
YDR266C,-0.84
YKR029C,-0.84
YKR075C,-0.84
YPL228W,-0.84
YGL254W,-0.84
YBL029W,-0.84
YGR237C,-0.84
YPL158C,-0.84
YLR116W,-0.83
YNL278W,-0.83
YER123W,-0.83
YDL239C,-0.83
YIL150C,-0.83
YBR059C,-0.83
YLL021W,-0.83
YNL180C,-0.83
YJL124C,-0.83
YFR013W,-0.83
YDR231C,-0.83
YMR270C,-0.83
YGL208W,-0.83
YML016C,-0.83
YAL032C,-0.83
YEL044W,-0.83
YML010W,-0.83
YHR177W,-0.83
YLL010C,-0.83
YOR101W,-0.83
YJL020C,-0.83
YNL059C,-0.83
YAR002W,-0.83
YER102W,-0.83
YNR020C,-0.83
YGR153W,-0.83
YHR088W,-0.83
YBL072C,-0.83
YPL105C,-0.83
YDL092W,-0.83
YGL018C,-0.82
YJR125C,-0.82
YER131W,-0.82
YFR046C,-0.82
YDR511W,-0.82
YKL185W,-0.82
YHR084W,-0.82
YDR186C,-0.82
YML128C,-0.82
YLR357W,-0.82
YGR103W,-0.82
YER027C,-0.82
YKR074W,-0.82
YGR250C,-0.82
YDR392W,-0.82
YBR221W-A,-0.82
YNL097C,-0.82
YER130C,-0.82
YIL038C,-0.82
YNL299W,-0.82
YDR374C,-0.82
YMR005W,-0.82
YJL019W,-0.82
YHR114W,-0.82
YBL103C,-0.82
YIL045W,-0.82
YGL058W,-0.82
YMR074C,-0.82
YLR407W,-0.82
YJR086W,-0.82
YOR233W,-0.82
YER088C,-0.82
YDR223W,-0.82
YLR025W,-0.81
YLR154W-C,-0.81
YCL007C,-0.81
YLR019W,-0.81
YDL113C,-0.81
YJR048W,-0.81
YLR190W,-0.81
YDR310C,-0.81
YDR169C,-0.81
YPL064C,-0.81
YER040W,-0.81
YBR131C-A,-0.81
YJL131C,-0.81
YNL246W,-0.81
YNL295W,-0.81
YOR132W,-0.81
YGL242C,-0.81
YDR151C,-0.81
YPL229W,-0.81
YPL267W,-0.81
YNL255C,-0.81
YLL046C,-0.81
YDL058W,-0.81
YLR211C,-0.81
YDL074C,-0.81
YMR112C,-0.81
YDR316W,-0.81
YOR232W,-0.81
YGR037C,-0.81
YNL113W,-0.81
YDR460W,-0.81
YEL003W,-0.81
YGR258C,-0.81
YDR527W,-0.81
YNL167C,-0.81
YKL074C,-0.81
YML027W,-0.81
YAL059W,-0.81
YIL144W,-0.81
YMR032W,-0.81
YCL063W,-0.81
YML034W,-0.81
YDR060W,-0.81
YML032C,-0.81
YKL138C-A,-0.8
YNL286W,-0.8
YDR087C,-0.8
YPL199C,-0.8
YGL122C,-0.8
YKR006C,-0.8
YMR211W,-0.8
YDR208W,-0.8
YBR083W,-0.8
YNL272C,-0.8
YGL043W,-0.8
YOR098C,-0.8
YDR296W,-0.8
YMR172W,-0.8
YBL051C,-0.8
YGR270W,-0.8
YPR154W,-0.8
YDL098C,-0.8
YCR065W,-0.8
YOR106W,-0.8
YLR012C,-0.8
YLR015W,-0.8
YDR507C,-0.8
YIL052C,-0.8
YDR172W,-0.8
YNR022C,-0.8
YMR179W,-0.8
YOR017W,-0.8
YJR059W,-0.8
YOR119C,-0.79
YKR015C,-0.79
YDL076C,-0.79
YNL118C,-0.79
YDR493W,-0.79
YOR104W,-0.79
YER151C,-0.79
YNL207W,-0.79
YKL059C,-0.79
YOL029C,-0.79
YDR447C,-0.79
YGR146C,-0.79
YLR312C,-0.79
YGL061C,-0.79
YOR107W,-0.79
YHR072W-A,-0.79
YPR151C,-0.79
YNL216W,-0.79
YHL025W,-0.79
YDR505C,-0.79
YDL064W,-0.79
YML058W,-0.79
YOR290C,-0.79
YDL136W,-0.79
YAL047C,-0.79
YDR099W,-0.79
YKR058W,-0.79
YMR028W,-0.79
YNL005C,-0.79
Q0140,-0.79
YER126C,-0.79
YDR184C,-0.79
YDL191W,-0.79
YBR255W,-0.79
YNL144C,-0.78
YNL068C,-0.78
YPL212C,-0.78
YHR023W,-0.78
YKR085C,-0.78
YKL093W,-0.78
YMR180C,-0.78
YAR029W,-0.78
YJL104W,-0.78
YMR198W,-0.78
YPR141C,-0.78
YFL012W,-0.78
YDR409W,-0.78
YNL250W,-0.78
YOR372C,-0.78
YDR451C,-0.78
YOL036W,-0.78
YDL122W,-0.78
YPR161C,-0.78
YGL183C,-0.78
YOL071W,-0.78
YOR064C,-0.78
YPL204W,-0.78
YGR116W,-0.78
YJL110C,-0.78
YPR107C,-0.77
YMR153W,-0.77
YER056C-A,-0.77
YBR233W-A,-0.77
YOR019W,-0.77
YOR304W,-0.77
YIL091C,-0.77
YGR274C,-0.77
YLR135W,-0.77
YEL012W,-0.77
YGL090W,-0.77
YBR181C,-0.77
YGR161C,-0.77
YPL090C,-0.77
YDR422C,-0.77
YPL141C,-0.77
YOR114W,-0.77
YGL133W,-0.77
YGR215W,-0.77
YNL153C,-0.77
YOL131W,-0.77
YJL105W,-0.77
YIL082W,-0.77
YNL155W,-0.77
YPR007C,-0.77
YAL019W,-0.77
YLL022C,-0.77
YPL192C,-0.77
YDL110C,-0.77
YIR004W,-0.77
YIR006C,-0.77
YGL015C,-0.77
YIR005W,-0.77
YFL031W,-0.77
YMR048W,-0.77
YHR039C-A,-0.76
YDR110W,-0.76
YMR190C,-0.76
YKL064W,-0.76
YML119W,-0.76
YML114C,-0.76
YER048W-A,-0.76
YJL165C,-0.76
YHR199C-A,-0.76
YCR066W,-0.76
YOL085W-A,-0.76
YHL023C,-0.76
YJL036W,-0.76
YPL249C,-0.76
YNL078W,-0.76
YMR204C,-0.76
YGL203C,-0.76
YKL117W,-0.76
YPL253C,-0.76
YDR273W,-0.76
YOR274W,-0.76
YJL122W,-0.76
YDR379C-A,-0.76
YKL168C,-0.76
YLR183C,-0.76
YBR050C,-0.76
YML043C,-0.76
YHR160C,-0.76
YJL168C,-0.76
YHR195W,-0.76
YJL049W,-0.76
YDL197C,-0.76
YKR062W,-0.76
YFR034C,-0.76
YMR182C,-0.76
YOL135C,-0.76
YBR278W,-0.76
YHR006W,-0.76
YPL054W,-0.76
YDR525W,-0.76
YAR042W,-0.76
YCL059C,-0.76
YDR379W,-0.76
YLL038C,-0.76
YJL179W,-0.76
YPL085W,-0.76
YPR005C,-0.76
YPL083C,-0.76
YLR254C,-0.75
YMR049C,-0.75
YLR383W,-0.75
YDL031W,-0.75
YLR375W,-0.75
YOR355W,-0.75
YLR263W,-0.75
YEL036C,-0.75
YOR057W,-0.75
YNL199C,-0.75
YDR393W,-0.75
YOR344C,-0.75
YPL127C,-0.75
YJR112W,-0.75
YKR035W-A,-0.75
YDL166C,-0.75
YDL036C,-0.75
YER088C-A,-0.75
YMR117C,-0.75
YOL157C,-0.75
YKL002W,-0.75
YOR066W,-0.75
YLL013C,-0.75
YOR069W,-0.75
YIL172C,-0.75
YPL063W,-0.75
YFR008W,-0.75
YDR381C-A,-0.75
YGL113W,-0.75
YNL314W,-0.75
YDR168W,-0.75
YOR140W,-0.75
YDL019C,-0.75
YBL090W,-0.75
YCL042W,-0.75
YBR172C,-0.75
YDR167W,-0.75
YBL044W,-0.75
YKL155C,-0.75
YDR528W,-0.75
YDR334W,-0.75
YDR462W,-0.75
YJL221C,-0.75
YNL122C,-0.75
YJL098W,-0.75
YBR245C,-0.74
YML105C,-0.74
YLR182W,-0.74
YCR052W,-0.74
YJR035W,-0.74
YLR204W,-0.74
YLR175W,-0.74
YGL079W,-0.74
YDR123C,-0.74
YML069W,-0.74
YCR097W,-0.74
YDR201W,-0.74
YOR359W,-0.74
YFL008W,-0.74
YPL027W,-0.74
YOR338W,-0.74
YGL093W,-0.74
YJL013C,-0.74
YAL035W,-0.74
YDR051C,-0.74
YER045C,-0.74
YBR062C,-0.74
YHL007C,-0.74
YDL225W,-0.74
YLR427W,-0.74
YLR331C,-0.74
YOR028C,-0.74
YIL093C,-0.74
YLL008W,-0.74
YDR217C,-0.74
YDR183W,-0.74
YOL004W,-0.74
YKL068W-A,-0.74
YGL052W,-0.74
YPL138C,-0.74
YKL101W,-0.74
YNL061W,-0.74
YNL206C,-0.74
YDR448W,-0.74
YER047C,-0.74
YMR285C,-0.74
YHR158C,-0.74
YIL002W-A,-0.74
YGL087C,-0.74
YKR028W,-0.74
YMR002W,-0.74
YOL100W,-0.74
YNL084C,-0.74
YDR096W,-0.74
YLR086W,-0.74
YBR211C,-0.74
YML024W,-0.74
YDR003W,-0.74
YGL153W,-0.73
YKR031C,-0.73
YOR051C,-0.73
YHR016C,-0.73
YHL002W,-0.73
YOR244W,-0.73
YGR238C,-0.73
YNL271C,-0.73
YER068W,-0.73
YOR174W,-0.73
YMR047C,-0.73
YJL084C,-0.73
YGL164C,-0.73
YER176W,-0.73
YBR098W,-0.73
YLR082C,-0.73
YMR239C,-0.73
YHR073W,-0.73
YLR055C,-0.73
YIL126W,-0.73
YNL112W,-0.73
YOR181W,-0.73
YMR193W,-0.73
YLR429W,-0.73
YKR091W,-0.73
YNL298W,-0.73
YGR287C,-0.73
YDL082W,-0.73
YDR219C,-0.73
YDR330W,-0.72
YLR401C,-0.72
YOR062C,-0.72
YML041C,-0.72
YGL099W,-0.72
YDR436W,-0.72
YGL096W,-0.72
YML071C,-0.72
YER162C,-0.72
YHL010C,-0.72
YMR142C,-0.72
YLR250W,-0.72
YJL095W,-0.72
YDL028C,-0.72
YOR158W,-0.72
YFR011C,-0.72
YIL031W,-0.72
YOL018C,-0.72
YOL080C,-0.72
YDR200C,-0.72
YBR155W,-0.72
YLR095C,-0.72
YKR011C,-0.72
YER129W,-0.72
YDR138W,-0.72
YGR140W,-0.72
YNL098C,-0.72
YGR165W,-0.72
YPR096C,-0.72
YBL091C,-0.72
YPR168W,-0.72
YDL048C,-0.72
YJR034W,-0.72
YGR227C-A,-0.72
YMR216C,-0.72
YJL177W,-0.72
YER082C,-0.72
YLR187W,-0.72
YDR244W,-0.72
YNR009W,-0.72
YDR252W,-0.71
YDL247W-A,-0.71
YKR063C,-0.71
YGR042W,-0.71
YLR141W,-0.71
YDR195W,-0.71
YKR094C,-0.71
YPR115W,-0.71
YBR129C,-0.71
YDR150W,-0.71
YBR060C,-0.71
YDR295C,-0.71
YER059W,-0.71
YGR119C,-0.71
YDL216C,-0.71
YHR127W,-0.71
YIL148W,-0.71
YBL067C,-0.71
YIL024C,-0.71
YNL137C,-0.71
YOR197W,-0.71
YCR051W,-0.71
YDR463W,-0.71
YPL260W,-0.71
YMR181C,-0.71
YOR300W,-0.71
YDR468C,-0.71
YDR228C,-0.71
YDR320C,-0.71
YDL167C,-0.71
YGL209W,-0.71
YPR061C,-0.71
YPL074W,-0.71
YDL025C,-0.71
YDL021W,-0.7
YNL293W,-0.7
YGR221C,-0.7
YDR450W,-0.7
YLR319C,-0.7
YDL091C,-0.7
YBL021C,-0.7
YMR102C,-0.7
YIL105C,-0.7
YDR326C,-0.7
YPL021W,-0.7
YOL067C,-0.7
YKL180W,-0.7
YGR056W,-0.7
YNR053C,-0.7
YML026C,-0.7
YNL088W,-0.7
YOR302W,-0.7
YKL068W,-0.7
YDR224C,-0.7
YLR435W,-0.7
YOL145C,-0.7
YBR282W,-0.7
YMR128W,-0.7
YDR003W-A,-0.7
YER074W,-0.7
YIL069C,-0.7
YDR293C,-0.7
YHR148W,-0.7
YBR212W,-0.7
YOL114C,-0.7
YER028C,-0.7
YIL107C,-0.7
YMR188C,-0.7
YGL082W,-0.7
YGL227W,-0.7
YDR313C,-0.7
YCL010C,-0.7
YDR122W,-0.7
YPL178W,-0.7
YJL187C,-0.7
YEL061C,-0.7
YMR183C,-0.7
YLR278C,-0.7
YFR040W,-0.69
YHR080C,-0.69
YJL129C,-0.69
YFR048W,-0.69
YDL056W,-0.69
YER050C,-0.69
YHR118C,-0.69
YIL033C,-0.69
YMR165C,-0.69
YMR133W,-0.69
YPR030W,-0.69
YLR379W-A,-0.69
YLR149C,-0.69
YFL013C,-0.69
YDL201W,-0.69
YIR015W,-0.69
YBR203W,-0.69
YJL048C,-0.69
YAL028W,-0.69
YPR075C,-0.69
YER187W,-0.69
YBR173C,-0.69
YPR092W,-0.69
YER169W,-0.69
YLR003C,-0.69
YDR361C,-0.69
YBR072W,-0.69
YLR074C,-0.69
YDR405W,-0.69
YPL096W,-0.69
YLR052W,-0.69
YER008C,-0.69
YLR295C,-0.69
YMR195W,-0.68
YDR429C,-0.68
YGR097W,-0.68
YBR120C,-0.68
YDL043C,-0.68
YPR137W,-0.68
YHR089C,-0.68
YJL011C,-0.68
YER165W,-0.68
YEL043W,-0.68
YGR188C,-0.68
YBL105C,-0.68
YCR028C-A,-0.68
YNL143C,-0.68
YJL141C,-0.68
YHR167W,-0.68
YJL164C,-0.68
YGL110C,-0.68
YLR033W,-0.68
YOL115W,-0.68
YDR030C,-0.68
YLR238W,-0.68
YBL061C,-0.68
YOR070C,-0.68
YKL053C-A,-0.68
YBL092W,-0.68
YLR321C,-0.68
YER125W,-0.68
YKL075C,-0.68
YER042W,-0.68
YGL019W,-0.68
YPL099C,-0.68
YHR205W,-0.68
YPL237W,-0.68
YHR185C,-0.68
YMR160W,-0.68
YCL034W,-0.68
YHR071W,-0.68
YMR277W,-0.68
YLR336C,-0.68
YBR010W,-0.68
YOR058C,-0.68
YBL047C,-0.68
YLR026C,-0.68
YJL185C,-0.68
YBR236C,-0.68
YGR059W,-0.68
YNL031C,-0.68
YGL025C,-0.68
YHR107C,-0.67
YPR111W,-0.67
YBR119W,-0.67
YPL150W,-0.67
YOR242C,-0.67
YPL239W,-0.67
YGR292W,-0.67
YFR023W,-0.67
YOR178C,-0.67
YLR154C,-0.67
YNL121C,-0.67
YJL074C,-0.67
YDR277C,-0.67
YJL100W,-0.67
YDR044W,-0.67
YML030W,-0.67
YOR048C,-0.67
YLR167W,-0.67
YFR037C,-0.67
YCL067C,-0.67
YKR037C,-0.67
YNL007C,-0.67
YCR039C,-0.67
YFR019W,-0.67
YPL016W,-0.67
YHR124W,-0.67
YOL056W,-0.67
YML118W,-0.67
YBR225W,-0.67
YML112W,-0.67
YML111W,-0.67
YBR299W,-0.67
YGR245C,-0.67
YGL190C,-0.67
YOR127W,-0.67
YBR103C-A,-0.67
YGL166W,-0.67
YLR273C,-0.67
YBR079C,-0.67
YAR018C,-0.67
YNL018C,-0.67
YDR357C,-0.67
YDR022C,-0.67
YJR067C,-0.67
YKR081C,-0.67
YLR016C,-0.66
YGL070C,-0.66
YLR353W,-0.66
YLR431C,-0.66
YFR010W,-0.66
YOR191W,-0.66
YNL034W,-0.66
YER177W,-0.66
YBR105C,-0.66
YGL033W,-0.66
YPL278C,-0.66
YEL060C,-0.66
YMR131C,-0.66
YHR077C,-0.66
YDR369C,-0.66
YGL041W-A,-0.66
YNL265C,-0.66
YPR022C,-0.66
YPL209C,-0.66
YCL032W,-0.66
YDR423C,-0.66
YDL209C,-0.66
YDR272W,-0.66
YNL251C,-0.66
YOR315W,-0.66
YGR088W,-0.66
YPL004C,-0.66
YGR058W,-0.66
YPL011C,-0.66
YMR196W,-0.66
YDR218C,-0.66
YOL138C,-0.66
YML004C,-0.66
YOR168W,-0.66
YGL131C,-0.66
YGR025W,-0.65
YNR014W,-0.65
YKL149C,-0.65
YBR189W,-0.65
YML035C,-0.65
YDL156W,-0.65
YML095C,-0.65
YGR044C,-0.65
YNL047C,-0.65
YCL001W-B,-0.65
YNL074C,-0.65
YIR033W,-0.65
YDR023W,-0.65
YBR198C,-0.65
YDR159W,-0.65
YPL196W,-0.65
YCL014W,-0.65
YBL007C,-0.65
YGR241C,-0.65
YHR103W,-0.65
YDL003W,-0.65
YPL081W,-0.65
YPR095C,-0.65
YNL254C,-0.65
YJL136C,-0.65
YJL127C,-0.65
YEL074W,-0.65
YCR025C,-0.65
YBL101C,-0.65
YDR104C,-0.65
YPL123C,-0.65
YLR031W,-0.65
YCR091W,-0.65
YGR136W,-0.65
YGL207W,-0.65
YJL003W,-0.65
YOL082W,-0.65
YDR311W,-0.65
YHL015W,-0.65
YAL039C,-0.65
YPL219W,-0.65
YNL107W,-0.65
YKL045W,-0.65
YOR340C,-0.65
YGR078C,-0.65
YDR314C,-0.65
YPR073C,-0.65
YIL055C,-0.65
YKR049C,-0.65
YIL095W,-0.65
YGR252W,-0.65
YKR057W,-0.65
YER092W,-0.65
YGR102C,-0.65
YLR090W,-0.65
YCL033C,-0.65
YIL022W,-0.64
YGR143W,-0.64
YJL216C,-0.64
YOL017W,-0.64
YIL016W,-0.64
YDL087C,-0.64
YER100W,-0.64
YMR100W,-0.64
YNL315C,-0.64
YDR346C,-0.64
YOL077C,-0.64
YMR061W,-0.64
YBR237W,-0.64
YNL197C,-0.64
YGR085C,-0.64
YDL135C,-0.64
YOR047C,-0.64
YNL077W,-0.64
YOL034W,-0.64
YCR086W,-0.64
YJL065C,-0.64
YKL114C,-0.64
YLL003W,-0.64
YER175C,-0.64
YBL023C,-0.64
YJL066C,-0.64
YCL031C,-0.64
YPL032C,-0.64
YLR255C,-0.64
YPR013C,-0.64
YLR094C,-0.64
YPL120W,-0.64
YBL074C,-0.64
YPL194W,-0.64
YHR206W,-0.64
YFR041C,-0.64
YLR197W,-0.64
YKL077W,-0.64
YKL171W,-0.64
YKL016C,-0.64
YPL155C,-0.64
YKR003W,-0.64
YGL228W,-0.64
YOR310C,-0.64
YIL092W,-0.64
YDR173C,-0.64
YPR133W-A,-0.64
YHR207C,-0.64
YKR034W,-0.64
YDL207W,-0.63
YGR246C,-0.63
YHR036W,-0.63
YCR084C,-0.63
YGR222W,-0.63
YLR421C,-0.63
YKL072W,-0.63
YBR056C-B,-0.63
YBR184W,-0.63
YER132C,-0.63
YBR262C,-0.63
YOL038C-A,-0.63
YKL090W,-0.63
YBL113C,-0.63
YML020W,-0.63
YHR015W,-0.63
YKR014C,-0.63
YKL079W,-0.63
YIR023W,-0.63
YBR182C,-0.63
YML094W,-0.63
YDR449C,-0.63
YBR095C,-0.63
YDR256C,-0.63
YOR043W,-0.63
YBL063W,-0.63
YDL060W,-0.63
YBR102C,-0.63
YOR022C,-0.63
YPL131W,-0.63
YOR258W,-0.63
YIL111W,-0.63
YNR023W,-0.63
YBR247C,-0.63
YCL024W,-0.63
YPL225W,-0.63
YMR009W,-0.63
YOL022C,-0.63
YPL093W,-0.63
YBR076W,-0.63
YGL085W,-0.63
YMR171C,-0.63
YBL002W,-0.62
YOR156C,-0.62
YJL042W,-0.62
YER139C,-0.62
YNL147W,-0.62
YMR242C,-0.62
YFR031C,-0.62
YBR056W,-0.62
YDL121C,-0.62
YGL197W,-0.62
YJR032W,-0.62
YIL130W,-0.62
YPL068C,-0.62
YOR324C,-0.62
YDR452W,-0.62
YDL204W,-0.62
YEL051W,-0.62
YLL057C,-0.62
YBR199W,-0.62
YBL038W,-0.62
YGL191W,-0.62
YPL116W,-0.62
YDR351W,-0.62
YOL086W-A,-0.62
YBR217W,-0.62
YPL079W,-0.62
YNL204C,-0.62
YOR075W,-0.62
YPL202C,-0.62
YOR020W-A,-0.62
YCR030C,-0.62
YER049W,-0.62
YER016W,-0.62
YDR466W,-0.62
YPR102C,-0.62
YHL027W,-0.62
YDL157C,-0.62
YNR036C,-0.62
YER173W,-0.62
YPR179C,-0.62
YOR312C,-0.62
YNR007C,-0.62
YOR295W,-0.62
YLR439W,-0.62
YML097C,-0.62
YDR251W,-0.62
YML065W,-0.62
YAL044W-A,-0.62
YNL292W,-0.61
YKR066C,-0.61
YHR102W,-0.61
YDR337W,-0.61
YLR366W,-0.61
YPR025C,-0.61
YLR075W,-0.61
YHR161C,-0.61
YFL021W,-0.61
YDL177C,-0.61
YHR105W,-0.61
YMR135W-A,-0.61
YEL019C,-0.61
YPL014W,-0.61
YOL066C,-0.61
YGR118W,-0.61
YOR379C,-0.61
YNL075W,-0.61
YPR169W,-0.61
YBR257W,-0.61
YPL047W,-0.61
YLL019W-A,-0.61
YFL042C,-0.61
YDR440W,-0.61
YBR191W,-0.61
YDR245W,-0.61
YDR169C-A,-0.61
YFR024C-A,-0.61
YOR352W,-0.61
YPR091C,-0.61
YGL136C,-0.61
YOR243C,-0.61
YDR501W,-0.61
YOR257W,-0.61
YML117W,-0.61
YPR132W,-0.61
YCR099C,-0.61
YKL159C,-0.61
YGL105W,-0.61
YIR016W,-0.61
YLR394W,-0.61
YDR532C,-0.61
YLR181C,-0.61
YLR096W,-0.61
YGR001C,-0.61
YGL103W,-0.61
YLR154C-G,-0.61
YBR165W,-0.61
YJR014W,-0.61
YML061C,-0.61
YNL032W,-0.61
YHR219W,-0.61
YPL173W,-0.61
YKL142W,-0.61
YMR224C,-0.6
YHR212C,-0.6
YGR112W,-0.6
YHR134W,-0.6
YDL044C,-0.6
YJR097W,-0.6
YOR259C,-0.6
YHR038W,-0.6
YBL033C,-0.6
YBR114W,-0.6
YGL078C,-0.6
YCL027W,-0.6
YLR260W,-0.6
YOR007C,-0.6
YMR252C,-0.6
YFL050C,-0.6
YDR037W,-0.6
YPL084W,-0.6
YGL138C,-0.6
YLR117C,-0.6
YJL073W,-0.6
YAR060C,-0.6
YIL032C,-0.6
YPR167C,-0.6
YBR150C,-0.6
YER090C-A,-0.6
YIL101C,-0.6
YKR077W,-0.6
YNL212W,-0.6
YOL133W,-0.6
YIR008C,-0.6
YDR194C,-0.6
YPR040W,-0.6
YMR018W,-0.6
YIL154C,-0.6
YPR083W,-0.6
YAL024C,-0.6
YGL173C,-0.6
YOR373W,-0.6
YDR079W,-0.6
YFR027W,-0.6
YJL125C,-0.6
YBR012C,-0.6
YEL009C,-0.6
YKR008W,-0.6
YOR385W,-0.6
YPR023C,-0.59
YNL094W,-0.59
YDR496C,-0.59
YJL069C,-0.59
YOR001W,-0.59
YNR069C,-0.59
YMR284W,-0.59
YHR052W,-0.59
YML129C,-0.59
YOR220W,-0.59
YLR196W,-0.59
YIL115C,-0.59
YOR141C,-0.59
YPL117C,-0.59
YPL070W,-0.59
YKR016W,-0.59
YPR188C,-0.59
YKR021W,-0.59
YJL023C,-0.59
YLR326W,-0.59
YDR081C,-0.59
YNL260C,-0.59
YGR092W,-0.59
YGL143C,-0.59
YNL252C,-0.59
YKR078W,-0.59
YGL128C,-0.59
YDR128W,-0.59
YOL139C,-0.59
YGL021W,-0.59
YFL033C,-0.59
YOR033C,-0.59
YER091C-A,-0.59
YOR322C,-0.59
YOR227W,-0.59
YGL250W,-0.59
YEL068C,-0.59
YNL221C,-0.59
YCR008W,-0.59
YOR229W,-0.58
YPL118W,-0.58
YIL044C,-0.58
YGR249W,-0.58
YJL112W,-0.58
YGL101W,-0.58
YGL163C,-0.58
YOR150W,-0.58
YPR045C,-0.58
YOR313C,-0.58
YPL133C,-0.58
YGR047C,-0.58
YDL040C,-0.58
YMR264W,-0.58
YJL197W,-0.58
YGR176W,-0.58
YMR004W,-0.58
YGR079W,-0.58
YML088W,-0.58
YLR410W,-0.58
YDL035C,-0.58
YPR120C,-0.58
YPR193C,-0.58
YOR206W,-0.58
YJR098C,-0.58
YER006W,-0.58
YOR110W,-0.58
YIR002C,-0.58
YMR147W,-0.58
YPL240C,-0.58
YOL027C,-0.58
YBR024W,-0.58
YBR142W,-0.58
YDR179C,-0.58
YDR333C,-0.58
YKR076W,-0.58
YIL010W,-0.58
YBL024W,-0.58
YNL222W,-0.58
YKR071C,-0.58
YBR193C,-0.58
YER080W,-0.58
YMR161W,-0.58
YMR053C,-0.58
YEL050C,-0.58
YLR244C,-0.58
YGR066C,-0.58
YER071C,-0.58
YJL092W,-0.58
YLR248W,-0.58
YHR051W,-0.58
YBL022C,-0.58
YER041W,-0.58
YKL124W,-0.58
YLR061W,-0.58
YJR076C,-0.58
YPL232W,-0.58
YJL033W,-0.58
YGR203W,-0.58
YLR077W,-0.58
YOL053W,-0.57
YDL059C,-0.57
YGR041W,-0.57
YDL224C,-0.57
YER001W,-0.57
YDR483W,-0.57
YNL116W,-0.57
YPL157W,-0.57
YNL183C,-0.57
YDR386W,-0.57
YKL070W,-0.57
YKL129C,-0.57
YPR119W,-0.57
YDR477W,-0.57
YOR014W,-0.57
YOL130W,-0.57
YMR280C,-0.57
YNR045W,-0.57
YKL145W,-0.57
YPR035W,-0.57
YKL121W,-0.57
YPL075W,-0.57
YFR014C,-0.57
YLR002C,-0.57
YDL208W,-0.57
YDL188C,-0.57
YLR105C,-0.57
YPL019C,-0.57
YBR200W,-0.57
YDR512C,-0.57
YMR089C,-0.57
YHR001W,-0.57
YMR192W,-0.57
YBR028C,-0.57
YGR211W,-0.57
YOR144C,-0.57
YJL031C,-0.57
YBR005W,-0.57
YLR418C,-0.57
YMR135C,-0.57
YPL269W,-0.57
YJL051W,-0.57
YOR283W,-0.57
YER022W,-0.57
YER018C,-0.57
YIL041W,-0.57
YLR380W,-0.57
YCR014C,-0.57
YDR358W,-0.57
YLR165C,-0.57
YOR134W,-0.57
YLR408C,-0.56
YIL046W,-0.56
YPL215W,-0.56
YDR006C,-0.56
YNL127W,-0.56
YGR027C,-0.56
YOL087C,-0.56
YOL149W,-0.56
YDR240C,-0.56
YPL119C,-0.56
YMR186W,-0.56
YIL156W,-0.56
YAR007C,-0.56
YEL023C,-0.56
YJL145W,-0.56
YPL254W,-0.56
YBL104C,-0.56
YNL102W,-0.56
YLR423C,-0.56
YPL249C-A,-0.56
YHR182W,-0.56
YDR014W,-0.56
YLR344W,-0.56
YLR006C,-0.56
YDR471W,-0.56
YLR328W,-0.56
YDR347W,-0.56
YLL066W-B,-0.56
YDR221W,-0.56
YLR045C,-0.56
YNL247W,-0.56
YPR070W,-0.56
YPL037C,-0.56
YLR216C,-0.56
YLL019C,-0.56
YLR371W,-0.56
YKR043C,-0.56
YAL021C,-0.56
YOL113W,-0.56
YGL130W,-0.56
YLR178C,-0.56
YMR242W-A,-0.56
YER064C,-0.56
YLR104W,-0.56
YFL016C,-0.56
YPR042C,-0.56
YDL001W,-0.56
YGR034W,-0.56
YNL015W,-0.56
YBL049W,-0.56
YMR194W,-0.56
YDR065W,-0.56
YKL009W,-0.56
YOR237W,-0.56
YPR015C,-0.56
YHL004W,-0.55
YDR322W,-0.55
YOL124C,-0.55
YIL035C,-0.55
YNR052C,-0.55
YLR262C,-0.55
YHL019C,-0.55
YMR251W,-0.55
YBR123C,-0.55
YJR110W,-0.55
YIL078W,-0.55
YMR109W,-0.55
YLR177W,-0.55
YOL111C,-0.55
YNL165W,-0.55
YBR251W,-0.55
YPR093C,-0.55
YML008C,-0.55
YDL045W-A,-0.55
YPL170W,-0.55
YDR374W-A,-0.55
YOL121C,-0.55
YMR137C,-0.55
YBL068W-A,-0.55
YNL310C,-0.55
YOR260W,-0.55
YHR154W,-0.55
YOR063W,-0.55
YPL168W,-0.55
YCL055W,-0.55
YMR194C-B,-0.55
YBR238C,-0.55
YMR275C,-0.55
YCR009C,-0.55
YFL049W,-0.55
YNL229C,-0.55
YJL155C,-0.55
YLR346C,-0.55
YBR146W,-0.55
YDL149W,-0.55
YGR170W,-0.55
YBL009W,-0.55
YGL014W,-0.55
YBR290W,-0.55
YOR264W,-0.55
YPR159W,-0.55
YDR305C,-0.55
YLR120W-A,-0.55
YHR013C,-0.55
YBR268W,-0.54
YDL117W,-0.54
YBR001C,-0.54
YGR223C,-0.54
YMR115W,-0.54
YNL148C,-0.54
YPR041W,-0.54
YNL244C,-0.54
YOR367W,-0.54
YPR173C,-0.54
YBR055C,-0.54
YER020W,-0.54
YDL101C,-0.54
YOR386W,-0.54
YDL203C,-0.54
YGL192W,-0.54
YOR124C,-0.54
YHR179W,-0.54
YOL069W,-0.54
YFL034W,-0.54
YPL034W,-0.54
YJL128C,-0.54
YBR167C,-0.54
YGR111W,-0.54
YJL139C,-0.54
YLR333C,-0.54
YFL034C-A,-0.54
YMR068W,-0.54
YDL202W,-0.54
YDR097C,-0.54
YGL249W,-0.54
YNL064C,-0.54
YDL037C,-0.54
YEL015W,-0.54
YJR091C,-0.54
YML042W,-0.54
YDR421W,-0.54
YNL023C,-0.54
YOR261C,-0.54
YLR283W,-0.54
YDR034C,-0.54
YNL020C,-0.54
YMR291W,-0.54
YKL194C,-0.54
YBR230W-A,-0.54
YLR032W,-0.54
YDR490C,-0.54
YPR100W,-0.54
YBR018C,-0.54
YNL317W,-0.54
YNL058C,-0.54
YGL081W,-0.54
YDR120C,-0.54
YPR089W,-0.54
YER051W,-0.54
YCR047C,-0.54
YMR225C,-0.54
YLR154W-A,-0.54
YDR001C,-0.54
YJL054W,-0.54
YPL245W,-0.54
YNL002C,-0.54
YNL082W,-0.54
YBR126W-B,-0.54
YEL018W,-0.54
YLR128W,-0.53
YCR026C,-0.53
YJL166W,-0.53
YPL115C,-0.53
YNL138W,-0.53
YKL020C,-0.53
YOR332W,-0.53
YMR304W,-0.53
YJR102C,-0.53
YPR057W,-0.53
YBR228W,-0.53
YJL026C-A,-0.53
YLR191W,-0.53
YLR215C,-0.53
YGR033C,-0.53
YLR203C,-0.53
YKL133C,-0.53
YGL075C,-0.53
YKL007W,-0.53
YDR213W,-0.53
YPR047W,-0.53
YJR025C,-0.53
YOR280C,-0.53
YDR383C,-0.53
YPR046W,-0.53
YPR134W,-0.53
YIL104C,-0.53
YDR092W,-0.53
YGL226W,-0.53
YLL027W,-0.53
YNL304W,-0.53
YAL034W-A,-0.53
YER031C,-0.53
YPL038W,-0.53
YOL038W,-0.53
YNL267W,-0.53
YLR310C,-0.53
YGL116W,-0.53
YNL264C,-0.53
YEL066W,-0.53
YLL018C,-0.53
YGR141W,-0.53
YMR267W,-0.53
YDR323C,-0.53
YHL018W,-0.53
YFL004W,-0.53
YDL230W,-0.53
YPL005W,-0.53
YPL086C,-0.53
YMR214W,-0.53
YKL038W,-0.53
YOR196C,-0.53
YGR110W,-0.53
YGL045W,-0.53
YPL145C,-0.53
YOR330C,-0.52
YER037W,-0.52
YDR031W,-0.52
YCR040W,-0.52
YNR008W,-0.52
YOR204W,-0.52
YHR005C,-0.52
YJL103C,-0.52
YIR018C-A,-0.52
YCR076C,-0.52
YCL076W,-0.52
YBR011C,-0.52
YML021C,-0.52
R0040C,-0.52
YDR237W,-0.52
YKL100W-A,-0.52
YOR285W,-0.52
YNL052W,-0.52
YJL087C,-0.52
YDR397C,-0.52
YER085C,-0.52
YOR215C,-0.52
YOR217W,-0.52
YLR406C,-0.52
YMR021C,-0.52
YDL155W,-0.52
YCL066W,-0.52
YMR232W,-0.52
YGL098W,-0.52
YJR144W,-0.52
YKR098C,-0.52
YHR030C,-0.52
YLL039C,-0.52
YPL038W-A,-0.52
YLL033W,-0.52
YNL284C,-0.52
YDL018C,-0.52
YJL010C,-0.52
YNL302C,-0.52
YGL038C,-0.52
YBL029C-A,-0.52
YLR256W,-0.52
YDL075W,-0.52
YGL044C,-0.52
YMR309C,-0.52
YGR160W,-0.52
YEL059C-A,-0.52
YPL226W,-0.52
YLR078C,-0.52
YPL216W,-0.52
YEL056W,-0.52
YIL034C,-0.52
YLR133W,-0.52
YBL066C,-0.52
YGL220W,-0.52
YNL231C,-0.52
YNL218W,-0.52
YJL005W,-0.52
YLR097C,-0.52
YPR019W,-0.52
YDR074W,-0.52
YHR010W,-0.52
YHR012W,-0.52
YBR058C,-0.52
YMR067C,-0.52
YOR154W,-0.51
YBL050W,-0.51
YJR061W,-0.51
YOR018W,-0.51
YHR200W,-0.51
YER087W,-0.51
YPL106C,-0.51
YIL005W,-0.51
YJL101C,-0.51
YDR115W,-0.51
YAL014C,-0.51
YLR442C,-0.51
YGL037C,-0.51
YMR316W,-0.51
YGR152C,-0.51
YPR097W,-0.51
YIL131C,-0.51
YDL089W,-0.51
YPL042C,-0.51
YER137C,-0.51
YIL085C,-0.51
YOR289W,-0.51
YKL183W,-0.51
YHL031C,-0.51
YPL243W,-0.51
YLR276C,-0.51
YLR261C,-0.51
YLR392C,-0.51
YJR135W-A,-0.51
YCR095C,-0.51
YML050W,-0.51
YDR308C,-0.51
YOR074C,-0.51
YDL195W,-0.51
YGR235C,-0.51
YKR096W,-0.51
YMR019W,-0.51
YLR412W,-0.51
YCR082W,-0.51
YMR265C,-0.51
YDL008W,-0.51
YML099C,-0.51
YLR184W,-0.51
YMR210W,-0.51
YPL179W,-0.51
YDR255C,-0.51
YDR484W,-0.51
YBL060W,-0.51
YPL022W,-0.51
YLR316C,-0.51
YOL112W,-0.51
YAL001C,-0.51
YMR078C,-0.51
YER024W,-0.51
YFR032C,-0.51
Q0255,-0.51
YKL021C,-0.51
YMR097C,-0.51
YHR196W,-0.5
YPL153C,-0.5
YLR168C,-0.5
YOR357C,-0.5
YKL113C,-0.5
YER119C-A,-0.5
YKL166C,-0.5
YKL167C,-0.5
YDL033C,-0.5
YDR530C,-0.5
YOL007C,-0.5
YOR231W,-0.5
YOR025W,-0.5
YBR195C,-0.5
YDR444W,-0.5
YNL030W,-0.5
YML108W,-0.5
YJL072C,-0.5
YLR210W,-0.5
YML072C,-0.5
YJL208C,-0.5
YJL070C,-0.5
YPL210C,-0.5
YOR219C,-0.5
YBR111W-A,-0.5
YPL140C,-0.5
YDR063W,-0.5
YOR238W,-0.5
YGL156W,-0.5
YIL097W,-0.5
YDR214W,-0.5
YBR169C,-0.5
YOL159C-A,-0.5
YJR138W,-0.5
YER159C,-0.5
YNL106C,-0.5
YNL108C,-0.5
YPR079W,-0.5
YFR028C,-0.5
YDR185C,-0.5
YKL011C,-0.5
YPL001W,-0.5
YOR166C,-0.5
YGL003C,-0.5
YGR108W,-0.5
YJR126C,-0.5
YPR009W,-0.5
YGL005C,-0.5
YOR138C,-0.5
YBR170C,-0.5
YKL065W-A,-0.5
YIL106W,-0.5
YOR090C,-0.5
YDR216W,-0.5
YBR154C,-0.5
YDR045C,-0.5
YNL323W,-0.5
YPR166C,-0.5
YOR145C,-0.5
YHL021C,-0.5
YHR192W,-0.5
YPL101W,-0.5
YBR009C,-0.5
YGL201C,-0.5
YCR077C,-0.5
YOL015W,-0.5
YHR157W,-0.5
YOL118C,-0.5
YBL019W,-0.49
YBR163W,-0.49
YCR060W,-0.49
YFR031C-A,-0.49
YGL109W,-0.49
YFL046W,-0.49
YER046W,-0.49
YFL034C-B,-0.49
YBR270C,-0.49
YCL036W,-0.49
YOR205C,-0.49
YBL014C,-0.49
YGL215W,-0.49
YBL075C,-0.49
YOR361C,-0.49
YER003C,-0.49
YPL066W,-0.49
YPL053C,-0.49
YPR068C,-0.49
YER075C,-0.49
YOL125W,-0.49
YNL139C,-0.49
YLR287C,-0.49
YIL018W,-0.49
YKL094W,-0.49
YGR150C,-0.49
YML063W,-0.49
YHR034C,-0.49
YKL048C,-0.49
YJR096W,-0.49
YLR337C,-0.49
YMR199W,-0.49
YIL125W,-0.49
YKR024C,-0.49
YDR147W,-0.49
YNL099C,-0.49
YGR074W,-0.49
YDR320C-A,-0.49
YNL234W,-0.49
YLR465C,-0.49
YIR011C,-0.49
YJR049C,-0.49
YLR441C,-0.49
YMR262W,-0.49
YLR424W,-0.49
YJL081C,-0.49
YLR390W,-0.49
YNL281W,-0.49
YKL152C,-0.49
YHR005C-A,-0.49
YDL007W,-0.49
YMR001C,-0.49
YLR247C,-0.49
YIL158W,-0.49
YDR279W,-0.49
YFR039C,-0.48
YDR371W,-0.48
YDR041W,-0.48
YPL008W,-0.48
YJL106W,-0.48
YHR087W,-0.48
YOL088C,-0.48
YNL232W,-0.48
YER107C,-0.48
YMR236W,-0.48
YNR011C,-0.48
YBL078C,-0.48
YJL062W-A,-0.48
YER038W-A,-0.48
YEL075C,-0.48
YKR056W,-0.48
YOR256C,-0.48
YKR089C,-0.48
YCL057W,-0.48
YIR037W,-0.48
YER189W,-0.48
YFL064C,-0.48
YIR042C,-0.48
YGR093W,-0.48
YNL177C,-0.48
YLR013W,-0.48
YOR335C,-0.48
YPL100W,-0.48
YGR091W,-0.48
YBL017C,-0.48
YAL041W,-0.48
YGL243W,-0.48
YDR388W,-0.48
YLR234W,-0.48
YGR094W,-0.48
YEL035C,-0.48
YLR448W,-0.48
YBR030W,-0.48
YDR283C,-0.48
YDR118W-A,-0.48
YNL145W,-0.48
YMR268C,-0.48
YPL128C,-0.48
YKL023C-A,-0.48
YDL234C,-0.48
YKL043W,-0.48
YKL208W,-0.48
YPR125W,-0.48
YPL184C,-0.48
YKL193C,-0.48
YDR246W,-0.48
YMR012W,-0.48
YPR158W,-0.48
YOR190W,-0.48
YPL174C,-0.48
YHR073W-A,-0.48
YIL143C,-0.48
YOR208W,-0.48
YJL046W,-0.48
YDR243C,-0.48
YDL079C,-0.48
YJL047C,-0.48
YHR217C,-0.48
YOR209C,-0.48
YNR065C,-0.48
YPR048W,-0.48
YFR029W,-0.48
YNR068C,-0.48
YPR049C,-0.48
YBR242W,-0.48
YHR058C,-0.48
YOR060C,-0.48
YKL018C-A,-0.48
YPR131C,-0.48
YKL022C,-0.48
YLR193C,-0.48
YDR292C,-0.48
YGL219C,-0.47
YLR189C,-0.47
YBL018C,-0.47
YNL306W,-0.47
YBR141C,-0.47
YGR127W,-0.47
YLR195C,-0.47
YGL180W,-0.47
YAL017W,-0.47
YOR008C,-0.47
YDR098C,-0.47
YAL010C,-0.47
YOR371C,-0.47
YGL158W,-0.47
YMR299C,-0.47
YLR132C,-0.47
YLR352W,-0.47
YOR337W,-0.47
YNL238W,-0.47
YLR325C,-0.47
YNL258C,-0.47
YOL049W,-0.47
YGR151C,-0.47
YDL214C,-0.47
YER188W,-0.47
YDL227C,-0.47
YPL137C,-0.47
YOL024W,-0.47
YHR004C,-0.47
YKL040C,-0.47
YER163C,-0.47
YDR035W,-0.47
YML076C,-0.47
YHR165C,-0.47
YFR038W,-0.47
YML073C,-0.47
YMR197C,-0.47
YLR018C,-0.47
YGR020C,-0.47
YNL035C,-0.47
YBR260C,-0.47
YPR140W,-0.47
YOR230W,-0.47
YAL056W,-0.47
YOR223W,-0.47
YMR184W,-0.47
YNL072W,-0.47
YKL091C,-0.47
YHR193C,-0.47
YGL120C,-0.47
YER155C,-0.47
YKL150W,-0.47
YGR054W,-0.47
YJR119C,-0.47
YPR094W,-0.47
YDL127W,-0.47
YBR179C,-0.47
YKR061W,-0.47
YMR276W,-0.47
YFL022C,-0.47
YEL032W,-0.47
YHR117W,-0.47
YPL048W,-0.47
YLL026W,-0.47
YDR182W,-0.47
YLL043W,-0.47
YOR286W,-0.47
YBR280C,-0.47
YER013W,-0.47
YGR046W,-0.47
YHL033C,-0.47
YOR161W-A,-0.47
YJR072C,-0.47
YHL029C,-0.47
YMR079W,-0.47
YOR272W,-0.47
YGR264C,-0.47
YIL039W,-0.47
YLR228C,-0.47
YOR099W,-0.46
YGL100W,-0.46
YDR514C,-0.46
YDR016C,-0.46
YJL157C,-0.46
YGL092W,-0.46
YMR082C,-0.46
YPL247C,-0.46
YJL080C,-0.46
YDR025W,-0.46
YIL086C,-0.46
YML080W,-0.46
YML107C,-0.46
YOR362C,-0.46
YML115C,-0.46
YIL070C,-0.46
YBR239C,-0.46
YOR040W,-0.46
YOR346W,-0.46
YOR341W,-0.46
YBR048W,-0.46
YGR171C,-0.46
YBR131W,-0.46
YGR266W,-0.46
YGL210W,-0.46
YDL103C,-0.46
YDL017W,-0.46
YBR190W,-0.46
YHR198C,-0.46
YNL243W,-0.46
YNL241C,-0.46
R0020C,-0.46
YKR017C,-0.46
YPR031W,-0.46
YKR036C,-0.46
YDR137W,-0.46
YGL245W,-0.46
YKR060W,-0.46
YKR084C,-0.46
YCL052C,-0.46
YAL031C,-0.46
YDR177W,-0.46
YPL062W,-0.46
YPL018W,-0.46
YLL045C,-0.46
YGL246C,-0.46
YKL128C,-0.46
YLR126C,-0.46
YPL026C,-0.46
YGL095C,-0.46
YOL052C,-0.46
YPR178W,-0.46
YIL159W,-0.46
YGL216W,-0.46
YDR376W,-0.46
YDR443C,-0.46
YNR004W,-0.46
YFR009W,-0.46
YNR031C,-0.46
YDR465C,-0.46
YKL198C,-0.46
YNL006W,-0.45
YHL038C,-0.45
YOR275C,-0.45
YOR037W,-0.45
YMR029C,-0.45
YFL001W,-0.45
YIR020W-A,-0.45
YOR039W,-0.45
YER115C,-0.45
YCL050C,-0.45
YLL067C,-0.45
YNL129W,-0.45
YML130C,-0.45
YCL049C,-0.45
YPR021C,-0.45
YMR098C,-0.45
YDL159W,-0.45
YHR203C,-0.45
YHR164C,-0.45
YDR020C,-0.45
YGR276C,-0.45
YBR072C-A,-0.45
YGR278W,-0.45
YNL053W,-0.45
YNL062C,-0.45
YDL147W,-0.45
YJL146W,-0.45
YDR013W,-0.45
YFL051C,-0.45
YML057W,-0.45
YDL134C,-0.45
YKL073W,-0.45
YBL100W-C,-0.45
YGR286C,-0.45
YDR027C,-0.45
YPR062W,-0.45
YKR005C,-0.45
YMR200W,-0.45
YNL029C,-0.45
YOR173W,-0.45
YPL030W,-0.45
YLR355C,-0.45
YLR300W,-0.45
YLR140W,-0.45
YGL050W,-0.45
YBL036C,-0.45
YNL312W,-0.45
YEL037C,-0.45
YHR086W,-0.45
YJL068C,-0.45
YGR123C,-0.45
YDR095C,-0.45
YOL097C,-0.45
YDL107W,-0.45
YPL104W,-0.45
YOL031C,-0.45
YGL056C,-0.45
YLR207W,-0.45
YPL203W,-0.45
YNL162W-A,-0.45
YLL029W,-0.45
YLR419W,-0.45
YPL072W,-0.45
YJL090C,-0.45
YLL024C,-0.45
YOR316C-A,-0.45
YJR145C,-0.45
YPL207W,-0.45
YLR035C,-0.45
YHR007C-A,-0.45
YPL171C,-0.44
YDR132C,-0.44
YJL012C,-0.44
YKL176C,-0.44
YLR213C,-0.44
YLR265C,-0.44
YHR067W,-0.44
YOR167C,-0.44
YPL198W,-0.44
YEL077C,-0.44
YER103W,-0.44
YPL241C,-0.44
YBL006C,-0.44
YJR135C,-0.44
YGL097W,-0.44
YIL162W,-0.44
YLR290C,-0.44
YLR301W,-0.44
YOR288C,-0.44
YBR014C,-0.44
YCL044C,-0.44
YLR430W,-0.44
YHR121W,-0.44
YIL117C,-0.44
YGL134W,-0.44
YFL047W,-0.44
YDR318W,-0.44
YLR059C,-0.44
YOR236W,-0.44
YHR168W,-0.44
YOR234C,-0.44
YDR165W,-0.44
YLR103C,-0.44
YHR172W,-0.44
YOR342C,-0.44
YBL041W,-0.44
YOR354C,-0.44
YLR362W,-0.44
YIL132C,-0.44
YPL143W,-0.44
YHR028C,-0.44
YBL035C,-0.44
YBL034C,-0.44
YPL160W,-0.44
YBR244W,-0.44
YBR275C,-0.44
YOL077W-A,-0.44
YGR135W,-0.44
YIR007W,-0.44
YGR080W,-0.44
YBR161W,-0.44
YGR051C,-0.44
YBR121C,-0.44
YOR036W,-0.44
YAL005C,-0.44
YGL027C,-0.44
YGR156W,-0.44
YNL093W,-0.44
YNR037C,-0.44
YAL044C,-0.44
YER005W,-0.44
YOR021C,-0.44
YOL019W,-0.44
YGR007W,-0.44
YDL077C,-0.44
YJR113C,-0.43
YLR145W,-0.43
YLR073C,-0.43
YIL021W,-0.43
YLR049C,-0.43
YLR393W,-0.43
YDR520C,-0.43
YGL076C,-0.43
YNL214W,-0.43
YAL046C,-0.43
YLR157W-D,-0.43
YDR489W,-0.43
YPR067W,-0.43
YIL026C,-0.43
YDR544C,-0.43
YKL026C,-0.43
YBL084C,-0.43
YIR009W,-0.43
YKL001C,-0.43
YJR019C,-0.43
YLR072W,-0.43
YJR055W,-0.43
YKL015W,-0.43
YDR069C,-0.43
YCR072C,-0.43
YDR164C,-0.43
YNL248C,-0.43
YIL056W,-0.43
YKL092C,-0.43
YKL116C,-0.43
YNL201C,-0.43
YJL225C,-0.43
YDR430C,-0.43
YCL012C,-0.43
YGR030C,-0.43
YJL215C,-0.43
YDR226W,-0.43
YGR120C,-0.43
YIL072W,-0.43
YDR124W,-0.43
YGR006W,-0.43
YPL213W,-0.43
YIL177C,-0.43
YNL022C,-0.43
YPR060C,-0.43
YFR052W,-0.43
YMR093W,-0.43
YPL256C,-0.43
YBR111C,-0.43
YOR117W,-0.43
YPL024W,-0.43
YMR104C,-0.43
YLR451W,-0.43
YPL040C,-0.43
YPR202W,-0.43
YOR109W,-0.43
YML133C,-0.43
YLL035W,-0.43
YBR223C,-0.43
YJL053W,-0.43
YGR169C,-0.43
YBR205W,-0.43
YJR122W,-0.43
YNR028W,-0.43
YJL025W,-0.43
YHR115C,-0.43
YPL067C,-0.43
YJL058C,-0.43
YGL121C,-0.43
YFR043C,-0.43
YGR052W,-0.43
YKR101W,-0.42
YLR462W,-0.42
YBR047W,-0.42
YNR071C,-0.42
YLR020C,-0.42
YER065C,-0.42
YJL222W,-0.42
YPL039W,-0.42
YKR086W,-0.42
YGR180C,-0.42
YCR042C,-0.42
YDR170C,-0.42
YLR008C,-0.42
YGL013C,-0.42
YDR524C,-0.42
YKL017C,-0.42
YBR177C,-0.42
YGL251C,-0.42
YPL050C,-0.42
YLL066C,-0.42
YJL085W,-0.42
YPL065W,-0.42
YPL242C,-0.42
YDL133W,-0.42
YLR433C,-0.42
YHR108W,-0.42
YBR213W,-0.42
YGR089W,-0.42
YPL167C,-0.42
YCR094W,-0.42
YJR007W,-0.42
YBR015C,-0.42
YLR230W,-0.42
YAL003W,-0.42
YNL325C,-0.42
YDR398W,-0.42
YGR220C,-0.42
YNL311C,-0.42
YOL016C,-0.42
YGR019W,-0.42
YBR286W,-0.42
YPR157W,-0.42
YDR117C,-0.42
YDL164C,-0.42
YNR021W,-0.42
YBR094W,-0.42
YIL173W,-0.42
YPL268W,-0.42
YMR066W,-0.42
YFR006W,-0.42
YOL033W,-0.42
YER134C,-0.42
YJL063C,-0.42
YER038C,-0.42
YHR011W,-0.42
YGR021W,-0.42
YNL330C,-0.42
YPL129W,-0.42
YOL089C,-0.42
YMR106C,-0.42
YBR073W,-0.42
YIR026C,-0.42
YDR286C,-0.42
YOL001W,-0.42
YFL036W,-0.42
YGL171W,-0.42
YLR270W,-0.42
YLR139C,-0.42
YDR103W,-0.42
YGR262C,-0.42
YPL151C,-0.42
YLR288C,-0.42
YLR149C-A,-0.42
YCR079W,-0.42
YDR399W,-0.42
YLR225C,-0.42
YDR488C,-0.41
YCR015C,-0.41
YJL029C,-0.41
YCR108C,-0.41
YLL034C,-0.41
YJL050W,-0.41
YLR005W,-0.41
YJR047C,-0.41
YLR080W,-0.41
YNL239W,-0.41
YGL229C,-0.41
YGL172W,-0.41
YDR166C,-0.41
YLR057W,-0.41
YER096W,-0.41
YBR151W,-0.41
YLR041W,-0.41
YNL273W,-0.41
YLR176C,-0.41
YLR317W,-0.41
YLR313C,-0.41
YJL026W,-0.41
YGL223C,-0.41
YLR363C,-0.41
YDL084W,-0.41
YGR084C,-0.41
YHL049C,-0.41
YNL100W,-0.41
YKL186C,-0.41
YBR085C-A,-0.41
YBR065C,-0.41
YGL107C,-0.41
YDL165W,-0.41
YJL135W,-0.41
YDL183C,-0.41
YDR370C,-0.41
YDR425W,-0.41
YDL132W,-0.41
YGR193C,-0.41
YGR194C,-0.41
YEL011W,-0.41
YOR213C,-0.41
YDR258C,-0.41
YDR257C,-0.41
YER142C,-0.41
YJL147C,-0.41
YFL038C,-0.41
YHR186C,-0.41
YIL140W,-0.41
YMR156C,-0.41
YGR205W,-0.41
YBR093C,-0.41
YFL048C,-0.41
YBR091C,-0.41
YNL041C,-0.41
YPL015C,-0.41
YGR225W,-0.41
YEL005C,-0.41
YNL009W,-0.41
YFR051C,-0.41
YER118C,-0.41
YGR048W,-0.41
YDR192C,-0.41
YOR284W,-0.41
YMR229C,-0.41
YMR250W,-0.41
YDR282C,-0.41
YPR204W,-0.41
YDL014W,-0.41
YFL054C,-0.41
YKR079C,-0.41
YPR172W,-0.41
YPR175W,-0.41
YBR254C,-0.41
YDL010W,-0.41
YDR495C,-0.4
YMR003W,-0.4
YOR171C,-0.4
YDR248C,-0.4
YHR076W,-0.4
YPR135W,-0.4
YOR165W,-0.4
YHR209W,-0.4
YJR154W,-0.4
YMR146C,-0.4
YBL032W,-0.4
YKL196C,-0.4
YAR015W,-0.4
YMR073C,-0.4
YDR517W,-0.4
YDR461W,-0.4
YNL301C,-0.4
YGR053C,-0.4
YGL106W,-0.4
YOR155C,-0.4
YPL191C,-0.4
YLR324W,-0.4
YGL187C,-0.4
YKL222C,-0.4
YPR184W,-0.4
YLR264W,-0.4
YLR226W,-0.4
YDR324C,-0.4
YOR389W,-0.4
YER089C,-0.4
YPL250C,-0.4
YDR125C,-0.4
YOR076C,-0.4
YJR036C,-0.4
YOR065W,-0.4
YBR171W,-0.4
YPR006C,-0.4
YPL095C,-0.4
YDR481C,-0.4
YDR211W,-0.4
YDR419W,-0.4
YLR417W,-0.4
YLL006W,-0.4
YHR166C,-0.4
YOL120C,-0.4
YOR326W,-0.4
YLR398C,-0.4
YGR010W,-0.4
YBL056W,-0.4
YML100W,-0.4
YAL042W,-0.4
YBL080C,-0.4
YJR090C,-0.4
YGR283C,-0.4
YGR075C,-0.4
YHR191C,-0.4
YOR193W,-0.4
YDL140C,-0.4
YLR099C,-0.4
YKL081W,-0.4
YJL089W,-0.4
YLR452C,-0.4
YDR391C,-0.4
YNL132W,-0.4
YPR081C,-0.4
YIR024C,-0.4
YER078C,-0.4
YCL046W,-0.4
YPR108W,-0.4
YJR140C,-0.39
YHR132C,-0.39
YLL036C,-0.39
YJR052W,-0.39
YPR010C,-0.39
YNR018W,-0.39
YIL146C,-0.39
YKL190W,-0.39
YDR454C,-0.39
YJR062C,-0.39
YPL152W,-0.39
YPR160W,-0.39
YDR246W-A,-0.39
YKL126W,-0.39
YHR202W,-0.39
YLR151C,-0.39
YLR156W,-0.39
YFR026C,-0.39
YHR085W,-0.39
YNL083W,-0.39
YLR106C,-0.39
YLR159W,-0.39
YPR026W,-0.39
YLR161W,-0.39
YPL103C,-0.39
YHR215W,-0.39
YLR054C,-0.39
YJR075W,-0.39
YHR069C,-0.39
YNL283C,-0.39
YPR037C,-0.39
YDR247W,-0.39
YGR124W,-0.39
YPL201C,-0.39
YFL045C,-0.39
YGL094C,-0.39
YDL220C,-0.39
YMR302C,-0.39
YMR176W,-0.39
YOR176W,-0.39
YOR224C,-0.39
YLR306W,-0.39
YML058W-A,-0.39
YCR024C,-0.39
YML013W,-0.39
YGR166W,-0.39
YMR080C,-0.39
YJL116C,-0.39
YIL083C,-0.39
YMR212C,-0.39
YOR183W,-0.39
YBR061C,-0.39
YLR368W,-0.39
YAR071W,-0.39
YOR305W,-0.39
YMR025W,-0.39
YLR466W,-0.39
YMR027W,-0.39
YBR125C,-0.39
YHR020W,-0.39
YGL194C,-0.39
YJL206C,-0.39
YMR220W,-0.39
YER009W,-0.39
YBR026C,-0.39
YDR523C,-0.39
YAR035W,-0.39
YDL233W,-0.39
YLR389C,-0.39
YER157W,-0.39
YOR211C,-0.39
YOR120W,-0.39
YGL162W,-0.39
YGL176C,-0.39
YJL200C,-0.39
YOR151C,-0.39
YOR115C,-0.39
YLR341W,-0.39
YER136W,-0.39
YLR425W,-0.39
YBR033W,-0.39
YHR031C,-0.39
YOR388C,-0.39
YBR137W,-0.38
YLR144C,-0.38
YJL137C,-0.38
YGL059W,-0.38
YHR019C,-0.38
YNL262W,-0.38
YEL034W,-0.38
YEL057C,-0.38
YNL040W,-0.38
YCL001W-A,-0.38
YNL176C,-0.38
YDR373W,-0.38
YJL071W,-0.38
YIL020C,-0.38
YER077C,-0.38
YDR222W,-0.38
YDR156W,-0.38
YJR094W-A,-0.38
YKL084W,-0.38
YHR009C,-0.38
YER190W,-0.38
YOL076W,-0.38
YBR034C,-0.38
YDL174C,-0.38
YKL107W,-0.38
YDR148C,-0.38
YOR185C,-0.38
YOL083W,-0.38
YNL181W,-0.38
YIR029W,-0.38
YKL134C,-0.38
YLR014C,-0.38
YDR073W,-0.38
YML025C,-0.38
YDR057W,-0.38
YBR063C,-0.38
YOL136C,-0.38
Q0160,-0.38
YOL043C,-0.38
YNL119W,-0.38
YNR034W,-0.38
YER144C,-0.38
YMR130W,-0.38
YLR304C,-0.38
YLL050C,-0.38
YNL316C,-0.38
YML126C,-0.38
YDL160C,-0.38
YMR099C,-0.38
YJL096W,-0.38
YDL124W,-0.38
YGL137W,-0.38
YIL153W,-0.38
YBR127C,-0.38
YGR147C,-0.38
YBL008W,-0.38
YPL010W,-0.38
YJL205C,-0.38
YHR065C,-0.38
YJL191W,-0.38
YHR178W,-0.38
YPL031C,-0.38
YCR002C,-0.38
YML082W,-0.38
YDR080W,-0.38
YML081W,-0.38
YPR043W,-0.38
YDL097C,-0.38
YGL148W,-0.38
YDR268W,-0.38
YFR004W,-0.38
YOL159C,-0.38
YNL104C,-0.38
YOL132W,-0.38
YLL040C,-0.38
YDR191W,-0.37
YHR122W,-0.37
YEL032C-A,-0.37
YOL117W,-0.37
YIR019C,-0.37
YER036C,-0.37
YKR104W,-0.37
YGL017W,-0.37
YGR201C,-0.37
YGR296W,-0.37
YPR034W,-0.37
YLR467W,-0.37
YHR155W,-0.37
YPR055W,-0.37
YDR339C,-0.37
YDR344C,-0.37
YGR177C,-0.37
YDL126C,-0.37
YNL086W,-0.37
YNL184C,-0.37
YER170W,-0.37
YMR283C,-0.37
YOR319W,-0.37
YDL179W,-0.37
YOR046C,-0.37
YDR206W,-0.37
YKR001C,-0.37
YHR150W,-0.37
YLR382C,-0.37
YOR377W,-0.37
YDR416W,-0.37
YGL177W,-0.37
YDR545W,-0.37
YGL178W,-0.37
YPL169C,-0.37
YKL162C,-0.37
YBR133C,-0.37
YPR145W,-0.37
YOL063C,-0.37
YOR396W,-0.37
YPL283C,-0.37
YPL187W,-0.37
YJL016W,-0.37
YNL289W,-0.37
YPL195W,-0.37
YBR092C,-0.37
YGL202W,-0.37
YNL339C,-0.37
YJL044C,-0.37
YPR199C,-0.37
YJR137C,-0.37
YDR403W,-0.37
YPL156C,-0.37
YBR240C,-0.37
YMR094W,-0.37
YPL271W,-0.37
YMR139W,-0.37
YJR127C,-0.37
YJL186W,-0.37
YER093C,-0.37
YOR121C,-0.37
YKL148C,-0.37
YDR322C-A,-0.37
YNR038W,-0.37
YJR012C,-0.37
YGR164W,-0.37
YGL240W,-0.37
YKL067W,-0.37
YGL119W,-0.37
YNL073W,-0.37
YMR162C,-0.37
YGL111W,-0.37
YGR184C,-0.37
YFL037W,-0.37
YJL151C,-0.37
YBR158W,-0.37
YNL069C,-0.37
YNL045W,-0.37
YML009C,-0.37
YMR152W,-0.37
YKL125W,-0.37
YOR368W,-0.37
YDL066W,-0.37
YER007W,-0.37
YCR031C,-0.37
YPR110C,-0.37
YER017C,-0.36
YCL054W-A,-0.36
YFL002C,-0.36
YOR126C,-0.36
YNR066C,-0.36
YPR190C,-0.36
YCR057C,-0.36
YFL041W-A,-0.36
YOR269W,-0.36
YKL060C,-0.36
YPR084W,-0.36
Q0075,-0.36
YJR142W,-0.36
YHR170W,-0.36
YOR118W,-0.36
YOR201C,-0.36
YFR002W,-0.36
YOR212W,-0.36
YIL065C,-0.36
YFR009W-A,-0.36
YDR004W,-0.36
YGL129C,-0.36
YOR086C,-0.36
YKL024C,-0.36
YAL043C,-0.36
YOR162C,-0.36
YMR163C,-0.36
YHL050C,-0.36
YOR251C,-0.36
YDL024C,-0.36
YMR033W,-0.36
YDR024W,-0.36
YFR005C,-0.36
YOR254C,-0.36
YMR060C,-0.36
YJR084W,-0.36
YKR044W,-0.36
YML029W,-0.36
YML122C,-0.36
YJR008W,-0.36
YLR293C,-0.36
YLR091W,-0.36
YPL259C,-0.36
YER182W,-0.36
YIL002C,-0.36
YGR173W,-0.36
YHR120W,-0.36
YOR005C,-0.36
YLR308W,-0.36
YMR278W,-0.36
YDL243C,-0.36
YLL001W,-0.36
YBL015W,-0.36
YBR037C,-0.36
YNL290W,-0.36
YIR013C,-0.36
YNL192W,-0.36
YNL191W,-0.36
YNL189W,-0.36
YOR011W-A,-0.36
YPL088W,-0.36
YJL057C,-0.36
YCR046C,-0.36
YLR107W,-0.36
YMR261C,-0.36
YGR109C,-0.36
YHR079C,-0.36
YOL005C,-0.36
YDR076W,-0.36
YDL240W,-0.36
YLR361C,-0.36
YMR298W,-0.36
YGR158C,-0.36
YER012W,-0.36
YLR115W,-0.36
YDR079C-A,-0.36
YOL021C,-0.36
YNL187W,-0.36
YDL120W,-0.36
YLR089C,-0.35
YDR262W,-0.35
YJL061W,-0.35
YJR070C,-0.35
YFR015C,-0.35
YHR189W,-0.35
YEL052W,-0.35
YOR172W,-0.35
YKL188C,-0.35
YLR143W,-0.35
YGR161W-C,-0.35
YMR038C,-0.35
YER174C,-0.35
YGR043C,-0.35
YAL015C,-0.35
YNR059W,-0.35
YDL235C,-0.35
YJL178C,-0.35
YFR022W,-0.35
YDR472W,-0.35
YLR085C,-0.35
YMR290C,-0.35
YOR089C,-0.35
YLR320W,-0.35
YHR008C,-0.35
YKL106W,-0.35
YOL012C,-0.35
YML046W,-0.35
YLR098C,-0.35
YDR082W,-0.35
YHR210C,-0.35
YDL073W,-0.35
YER156C,-0.35
YGR100W,-0.35
YDR329C,-0.35
YDL045C,-0.35
YOL127W,-0.35
YGL009C,-0.35
YPL222W,-0.35
YLR436C,-0.35
YER168C,-0.35
YLR239C,-0.35
YKR046C,-0.35
YEL016C,-0.35
YBR117C,-0.35
YPR024W,-0.35
YDR204W,-0.35
YDR108W,-0.35
YGR070W,-0.35
YGL141W,-0.35
YML101C,-0.35
YKR064W,-0.35
YGL145W,-0.35
YJL030W,-0.35
YGR068C,-0.35
YDL193W,-0.35
YMR244W,-0.35
YDR336W,-0.35
YFL015W-A,-0.35
YPL080C,-0.35
YOR108W,-0.35
YIL014W,-0.35
YEL062W,-0.35
YLR285W,-0.35
YNL096C,-0.35
YEL040W,-0.35
YCR107W,-0.35
YHR049W,-0.35
YOR096W,-0.35
YLR416C,-0.35
YJL045W,-0.34
YJR006W,-0.34
YCR092C,-0.34
YDL238C,-0.34
YLR258W,-0.34
YNL001W,-0.34
YNL036W,-0.34
YMR105C,-0.34
YOL030W,-0.34
YLR275W,-0.34
YBR227C,-0.34
YDR291W,-0.34
YBR143C,-0.34
YLR315W,-0.34
YOR137C,-0.34
YLR212C,-0.34
YER021W,-0.34
YLR201C,-0.34
YGL036W,-0.34
YNL307C,-0.34
YKL212W,-0.34
YCR020C,-0.34
YNL021W,-0.34
YGR233C,-0.34
YOL040C,-0.34
YOL057W,-0.34
YJL055W,-0.34
YER090W,-0.34
YNR029C,-0.34
YMR143W,-0.34
YBR284W,-0.34
YHR056C,-0.34
YLR208W,-0.34
YEL054C,-0.34
YDL083C,-0.34
YLR058C,-0.34
YDR303C,-0.34
YHR109W,-0.34
YBL055C,-0.34
YKL025C,-0.34
YLR024C,-0.34
YML054C,-0.34
YML055W,-0.34
YLR345W,-0.34
YIL007C,-0.34
YLR021W,-0.34
YBR250W,-0.34
YMR257C,-0.34
YGL124C,-0.34
YGL125W,-0.34
YMR215W,-0.34
YLL004W,-0.34
YCL039W,-0.34
YPL051W,-0.34
YEL008C-A,-0.34
YHL028W,-0.34
YDR390C,-0.34
YJR057W,-0.34
YKR055W,-0.34
YIL076W,-0.34
YML091C,-0.34
YHL043W,-0.34
YBR248C,-0.34
YIL066C,-0.34
YDR418W,-0.34
YBR019C,-0.34
YGL004C,-0.34
YBR229C,-0.34
YOR080W,-0.34
YBL076C,-0.34
YOR356W,-0.34
YCL016C,-0.34
YOR353C,-0.34
YAL058W,-0.34
YKL103C,-0.34
YBR126W-A,-0.34
YPL023C,-0.34
YJR069C,-0.34
YOR350C,-0.34
YML110C,-0.34
YOL096C,-0.34
YLR099W-A,-0.34
YHR187W,-0.34
YJR068W,-0.34
YDL176W,-0.34
YPR088C,-0.34
YMR166C,-0.34
YIL113W,-0.34
YJL149W,-0.34
YGR083C,-0.34
YNL141W,-0.34
YBR139W,-0.33
YBR253W,-0.33
YIL147C,-0.33
YDR372C,-0.33
YBR261C,-0.33
YJR133W,-0.33
YBL111C,-0.33
YER186C,-0.33
YJL217W,-0.33
YBR022W,-0.33
YBR233W,-0.33
YBR209W,-0.33
YBR090C,-0.33
YJR054W,-0.33
YBR202W,-0.33
YJR123W,-0.33
YAL029C,-0.33
YFL044C,-0.33
YBR255C-A,-0.33
YDR375C,-0.33
YJL199C,-0.33
YJL126W,-0.33
YJR099W,-0.33
YAR031W,-0.33
YGR155W,-0.33
YCL004W,-0.33
YPL013C,-0.33
YDR189W,-0.33
YER070W,-0.33
YPL252C,-0.33
YDR094W,-0.33
YDR479C,-0.33
YKR002W,-0.33
YDL200C,-0.33
YKL019W,-0.33
YKL027W,-0.33
YPL110C,-0.33
YGL185C,-0.33
YMR127C,-0.33
YGR082W,-0.33
YNL131W,-0.33
YEL002C,-0.33
YPL248C,-0.33
YHR143W-A,-0.33
YHR137W,-0.33
YGR154C,-0.33
YPL126W,-0.33
YLR127C,-0.33
YGL034C,-0.33
YMR282C,-0.33
YDL102W,-0.33
YLR163C,-0.33
YCR090C,-0.33
YMR207C,-0.33
YPL046C,-0.33
YOR061W,-0.33
YGL253W,-0.33
YMR178W,-0.33
YCR005C,-0.33
YGR198W,-0.33
YFR053C,-0.33
YNL253W,-0.33
YKL056C,-0.33
YLR060W,-0.33
YDR056C,-0.33
YLR454W,-0.33
YGR267C,-0.33
YNR032W,-0.33
YCR045C,-0.33
YHR201C,-0.33
YML085C,-0.33
YML001W,-0.33
Q0050,-0.33
YML096W,-0.33
YML048W,-0.33
YCR071C,-0.33
YNL010W,-0.33
YNR003C,-0.33
YGR244C,-0.33
YML077W,-0.33
YDR036C,-0.32
YIL062C,-0.32
YPL208W,-0.32
YGL080W,-0.32
YMR076C,-0.32
YLR179C,-0.32
YML060W,-0.32
YMR167W,-0.32
YGL064C,-0.32
YML059C,-0.32
YLR138W,-0.32
YER014W,-0.32
YOR221C,-0.32
YBR134W,-0.32
YML079W,-0.32
YIL068C,-0.32
YML003W,-0.32
YML104C,-0.32
YEL072W,-0.32
YLR384C,-0.32
YLR343W,-0.32
YJL204C,-0.32
YER172C,-0.32
YDR362C,-0.32
YER171W,-0.32
YMR020W,-0.32
YMR129W,-0.32
YJL209W,-0.32
YJL034W,-0.32
YMR134W,-0.32
YOR296W,-0.32
YBR002C,-0.32
YJL167W,-0.32
YML124C,-0.32
YLR289W,-0.32
YDR341C,-0.32
YML116W-A,-0.32
YBL003C,-0.32
YMR069W,-0.32
YJL156C,-0.32
YDR093W,-0.32
YPL277C,-0.32
YDR058C,-0.32
YOL128C,-0.32
YLL041C,-0.32
YFL058W,-0.32
YDR288W,-0.32
YJR156C,-0.32
YPL025C,-0.32
YJR063W,-0.32
YAL020C,-0.32
YNL193W,-0.32
YJR080C,-0.32
YKL029C,-0.32
YAL009W,-0.32
YNL115C,-0.32
YJR104C,-0.32
YEL030W,-0.32
YFR025C,-0.32
R0010W,-0.32
YIL139C,-0.32
YKL110C,-0.32
YJR131W,-0.32
YBR288C,-0.32
YKL157W,-0.32
YKL210W,-0.32
YDR225W,-0.32
YNL257C,-0.32
YOL102C,-0.32
YJR128W,-0.32
YLR022C,-0.32
YOL045W,-0.32
YNL332W,-0.32
YJR045C,-0.32
YEL017W,-0.32
YKL197C,-0.31
YDR077W,-0.31
YLR369W,-0.31
YOR186C-A,-0.31
YCR068W,-0.31
YOR125C,-0.31
YBR259W,-0.31
YLR129W,-0.31
YGR024C,-0.31
YPR086W,-0.31
YEL076C,-0.31
YDR235W,-0.31
YIL053W,-0.31
YBR031W,-0.31
YNL081C,-0.31
YFR007W,-0.31
YMR059W,-0.31
YIL151C,-0.31
YJL201W,-0.31
YNR077C,-0.31
YHR218W,-0.31
YBR039W,-0.31
YDR254W,-0.31
YNL051W,-0.31
YLR447C,-0.31
YMR300C,-0.31
YBR044C,-0.31
YMR287C,-0.31
YDL244W,-0.31
YOR179C,-0.31
YJL119C,-0.31
YOR012W,-0.31
YHR176W,-0.31
YJR046W,-0.31
YHR101C,-0.31
YGR212W,-0.31
YGR185C,-0.31
YLR268W,-0.31
YOR084W,-0.31
YOR081C,-0.31
YMR158C-A,-0.31
YMR228W,-0.31
YPL029W,-0.31
YLR162W,-0.31
YDR325W,-0.31
YDL211C,-0.31
YMR223W,-0.31
YDR502C,-0.31
YPR200C,-0.31
YBL025W,-0.31
YLR274W,-0.31
YLR174W,-0.31
YBL005W,-0.31
YDR415C,-0.31
YCL008C,-0.31
YPL273W,-0.31
YPL272C,-0.31
YCR100C,-0.31
YHR035W,-0.31
YML083C,-0.31
YBL059W,-0.31
YNL168C,-0.31
YGR090W,-0.31
YHR037W,-0.31
YOL110W,-0.31
YGL117W,-0.31
YBR082C,-0.31
YPL165C,-0.31
YOL098C,-0.31
YDR332W,-0.31
YNR015W,-0.3
YNL042W-B,-0.3
YER120W,-0.3
YNR016C,-0.3
YMR289W,-0.3
YJL170C,-0.3
YGR134W,-0.3
YAR064W,-0.3
YDL100C,-0.3
YDL215C,-0.3
YDL042C,-0.3
YGR189C,-0.3
YEL038W,-0.3
YBR118W,-0.3
YNL223W,-0.3
YGR104C,-0.3
YOR094W,-0.3
YNL163C,-0.3
YNL117W,-0.3
YOR111W,-0.3
YGR253C,-0.3
YEL076C-A,-0.3
YDR012W,-0.3
YDL178W,-0.3
YAL055W,-0.3
YDR427W,-0.3
YCR073C,-0.3
Q0060,-0.3
YDR317W,-0.3
YHR024C,-0.3
YGL179C,-0.3
YPL266W,-0.3
YER178W,-0.3
YDR261C,-0.3
YHR208W,-0.3
YER179W,-0.3
YJL035C,-0.3
YLR069C,-0.3
YKR080W,-0.3
YOR351C,-0.3
YLR240W,-0.3
YBL011W,-0.3
YLR224W,-0.3
YPR080W,-0.3
YDR506C,-0.3
YER183C,-0.3
YKL035W,-0.3
YPL188W,-0.3
YHR173C,-0.3
YIL108W,-0.3
YDR215C,-0.3
YDR111C,-0.3
YJR030C,-0.3
YDR306C,-0.3
YJR033C,-0.3
YGL248W,-0.3
YLL032C,-0.3
YGL262W,-0.3
YJR155W,-0.3
YDR457W,-0.3
YDR529C,-0.3
YER166W,-0.3
YHL032C,-0.3
YLR464W,-0.3
YGL144C,-0.3
YOR343C,-0.3
YHR110W,-0.3
YOR298W,-0.3
YDR061W,-0.3
YFL029C,-0.3
YPL091W,-0.3
YIL163C,-0.3
YDR498C,-0.3
YBL069W,-0.3
YHR003C,-0.3
YLR409C,-0.3
YLR396C,-0.3
YDR197W,-0.29
YLL062C,-0.29
YHR163W,-0.29
YBR162W-A,-0.29
YNL169C,-0.29
YNL182C,-0.29
YHR144C,-0.29
YNL217W,-0.29
YBL064C,-0.29
YKR097W,-0.29
YIL133C,-0.29
YPR069C,-0.29
YJR146W,-0.29
YJR148W,-0.29
YJR141W,-0.29
YBR271W,-0.29
YNL026W,-0.29
YNR035C,-0.29
YPR189W,-0.29
YDL171C,-0.29
YDL145C,-0.29
YKR018C,-0.29
YPR165W,-0.29
YHR213W-B,-0.29
YGR023W,-0.29
YDR394W,-0.29
YDL185W,-0.29
YOL164W,-0.29
YPL052W,-0.29
YJR100C,-0.29
YER124C,-0.29
YKL031W,-0.29
YPR162C,-0.29
YLL012W,-0.29
YNR001C,-0.29
YBR149W,-0.29
YLL002W,-0.29
YGR200C,-0.29
YMR154C,-0.29
YDR109C,-0.29
YPL231W,-0.29
YBR109C,-0.29
YHR018C,-0.29
YBR103W,-0.29
YDR064W,-0.29
YBR025C,-0.29
YOR339C,-0.29
YJL077W-B,-0.29
YDR059C,-0.29
YMR057C,-0.29
YMR022W,-0.29
YHL014C,-0.29
YJL102W,-0.29
YCR059C,-0.29
YML086C,-0.29
YOR241W,-0.29
YCR069W,-0.29
YBL016W,-0.29
YIL100W,-0.29
YLR222C-A,-0.29
YJR003C,-0.29
YAR003W,-0.29
YDR377W,-0.29
YHR111W,-0.29
YNL285W,-0.29
YDR315C,-0.29
YER133W-A,-0.29
YOL032W,-0.29
YDR019C,-0.29
YBL026W,-0.29
YLR063W,-0.29
YHR091C,-0.29
YFL065C,-0.29
YLR108C,-0.29
YJR010W,-0.29
YGL055W,-0.29
YEL055C,-0.29
YDR067C,-0.28
YBR214W,-0.28
YDL109C,-0.28
YDR129C,-0.28
YDR304C,-0.28
YCR053W,-0.28
YDR142C,-0.28
YDR424C,-0.28
YDR089W,-0.28
YER062C,-0.28
YDL205C,-0.28
YER091C,-0.28
YDR541C,-0.28
YPR033C,-0.28
YGR261C,-0.28
YER152C,-0.28
YGR057C,-0.28
YAL051W,-0.28
YGR181W,-0.28
YHR147C,-0.28
YIL004C,-0.28
YLR253W,-0.28
YGL123W,-0.28
YGL127C,-0.28
YFL009W,-0.28
YPR203W,-0.28
YMR297W,-0.28
YLR453C,-0.28
YNL087W,-0.28
YNL274C,-0.28
YJR130C,-0.28
YNL092W,-0.28
YHR047C,-0.28
YJR129C,-0.28
YAR008W,-0.28
YLR172C,-0.28
YNL331C,-0.28
YKR082W,-0.28
YIR031C,-0.28
YNL014W,-0.28
YIL114C,-0.28
YHR070W,-0.28
YOL060C,-0.28
YOL058W,-0.28
YMR125W,-0.28
YBL098W,-0.28
YHR027C,-0.28
YOL009C,-0.28
YIL064W,-0.28
YMR157C,-0.28
YKR070W,-0.28
YKL058W,-0.28
YBR128C,-0.28
YLR249W,-0.28
YOR038C,-0.28
YNR043W,-0.28
YMR041C,-0.28
YGR195W,-0.28
YJL082W,-0.28
YOR116C,-0.28
YGR040W,-0.28
YMR235C,-0.28
YMR058W,-0.28
YGL188C,-0.28
YEL041W,-0.27
YGL213C,-0.27
YPL164C,-0.27
YBR192W,-0.27
YNL328C,-0.27
YGL231C,-0.27
YOL062C,-0.27
YLR147C,-0.27
YPL112C,-0.27
YPL094C,-0.27
YDL057W,-0.27
YHR075C,-0.27
YDR131C,-0.27
YJL153C,-0.27
YPR105C,-0.27
YGR133W,-0.27
YDR161W,-0.27
YNL220W,-0.27
YPL235W,-0.27
YKL106C-A,-0.27
YKL127W,-0.27
YOL095C,-0.27
YOL042W,-0.27
YOL003C,-0.27
YKL161C,-0.27
YOL151W,-0.27
YGL063W,-0.27
YDR267C,-0.27
YNR033W,-0.27
YOR102W,-0.27
YNL012W,-0.27
YNL049C,-0.27
YKR102W,-0.27
YOR210W,-0.27
YDL137W,-0.27
YLL060C,-0.27
YLR066W,-0.27
YIL118W,-0.27
YHR100C,-0.27
YCR019W,-0.27
YJR078W,-0.27
YNL242W,-0.27
YPL220W,-0.27
YDR301W,-0.27
YOR336W,-0.27
YIL137C,-0.27
YGR071C,-0.27
YGL135W,-0.27
YOR262W,-0.27
YJR147W,-0.27
YOR370C,-0.27
YJL172W,-0.27
YOL065C,-0.27
YBR249C,-0.27
YML002W,-0.27
YAL054C,-0.27
YGR288W,-0.27
YFL041W,-0.27
YAR075W,-0.27
YBR263W,-0.27
YLR233C,-0.27
YER133W,-0.27
YPR127W,-0.27
YLR180W,-0.27
YER101C,-0.27
YBR023C,-0.27
YBR053C,-0.27
YLR440C,-0.27
YLR307C-A,-0.27
YLR087C,-0.26
YNL277W,-0.26
YBR274W,-0.26
YLR373C,-0.26
YLR067C,-0.26
YDR198C,-0.26
YHR057C,-0.26
YDL090C,-0.26
YNL071W,-0.26
YOR129C,-0.26
YPL148C,-0.26
YDR071C,-0.26
YML012W,-0.26
YML078W,-0.26
YLR364W,-0.26
YBL057C,-0.26
YOR207C,-0.26
YHR182C-A,-0.26
YBR038W,-0.26
YLL058W,-0.26
YGL048C,-0.26
YGL147C,-0.26
YHR139C-A,-0.26
YKL078W,-0.26
YOR320C,-0.26
YDR533C,-0.26
YCR073W-A,-0.26
YAL040C,-0.26
YAL027W,-0.26
YOR334W,-0.26
YNL067W,-0.26
YBR296C-A,-0.26
YOR375C,-0.26
YNL236W,-0.26
YNL249C,-0.26
YJR065C,-0.26
YDR420W,-0.26
YDL069C,-0.26
YFL028C,-0.26
YMR191W,-0.26
YPR164W,-0.26
YOR003W,-0.26
YMR024W,-0.26
YOL165C,-0.26
YKL047W,-0.26
YGR214W,-0.26
YPL045W,-0.26
YBR115C,-0.26
YKL181W,-0.26
YPL059W,-0.26
YMR108W,-0.26
YEL071W,-0.26
YLR351C,-0.26
YOL068C,-0.26
YJL181W,-0.26
YMR084W,-0.26
YGR187C,-0.26
YLR153C,-0.26
YLR312W-A,-0.26
YMR092C,-0.26
YDR531W,-0.25
YDL029W,-0.25
YHR042W,-0.25
YPR017C,-0.25
YJL180C,-0.25
YKL144C,-0.25
YOR030W,-0.25
YIL042C,-0.25
YJR074W,-0.25
YOR360C,-0.25
YDR470C,-0.25
YGL011C,-0.25
YLR017W,-0.25
YCR075W-A,-0.25
YJR115W,-0.25
YKL192C,-0.25
YGL057C,-0.25
YBR003W,-0.25
YOR278W,-0.25
YFR021W,-0.25
YPR116W,-0.25
YOR203W,-0.25
YPR117W,-0.25
YPR122W,-0.25
YJR103W,-0.25
YDL067C,-0.25
YLR148W,-0.25
YGL014C-A,-0.25
YBR162C,-0.25
YJR064W,-0.25
YPL176C,-0.25
YIL103W,-0.25
YDR021W,-0.25
YLR360W,-0.25
YIR038C,-0.25
YCL043C,-0.25
YER143W,-0.25
YCL017C,-0.25
YLR303W,-0.25
YBR204C,-0.25
YGL083W,-0.25
YDR331W,-0.25
YMR310C,-0.25
YMR307W,-0.25
YCL035C,-0.25
YDR118W,-0.25
YJL006C,-0.25
YDR499W,-0.25
YDL190C,-0.25
YLR354C,-0.25
YLR071C,-0.25
YDR034W-B,-0.25
YMR222C,-0.25
YKR004C,-0.25
YER148W,-0.25
YOR147W,-0.25
YLR307W,-0.25
YGL205W,-0.25
YGL063C-A,-0.24
YBR080C,-0.24
YOR095C,-0.24
YAL064W,-0.24
YBR101C,-0.24
YOL140W,-0.24
YKL010C,-0.24
YKL213C,-0.24
YHR169W,-0.24
YKL151C,-0.24
YKL055C,-0.24
YEL021W,-0.24
YGR050C,-0.24
YAL061W,-0.24
YBR160W,-0.24
YBR077C,-0.24
YMR321C,-0.24
YNL085W,-0.24
YML005W,-0.24
YPL122C,-0.24
YFL017C,-0.24
YMR007W,-0.24
YLR154W-E,-0.24
YPL057C,-0.24
YOL090W,-0.24
YDR009W,-0.24
YGL257C,-0.24
YLR113W,-0.24
YHR068W,-0.24
YPL002C,-0.24
YLR194C,-0.24
YMR168C,-0.24
YLR162W-A,-0.24
YLR166C,-0.24
YMR145C,-0.24
YMR126C,-0.24
YDR350C,-0.24
YPR082C,-0.24
YPL007C,-0.24
YLR277C,-0.24
YDR155C,-0.24
YPL142C,-0.24
YAL033W,-0.24
YOR266W,-0.24
YHL022C,-0.24
YOR317W,-0.24
YNL126W,-0.24
YJR120W,-0.24
YHR113W,-0.24
YBL013W,-0.24
YCR036W,-0.24
YJR101W,-0.24
YNL209W,-0.24
YBL039C,-0.24
YNL240C,-0.24
YLR039C,-0.24
YNL282W,-0.24
YJR022W,-0.24
YOL105C,-0.24
YDL229W,-0.24
YIL109C,-0.24
YGL233W,-0.24
YHR046C,-0.24
YOL141W,-0.23
YOL104C,-0.23
YGR232W,-0.23
YGR015C,-0.23
YMR101C,-0.23
YDL006W,-0.23
YGR240C,-0.23
YMR205C,-0.23
YGR183C,-0.23
YMR258C,-0.23
YBR196C,-0.23
YDR116C,-0.23
YGR271W,-0.23
YHR098C,-0.23
YDR487C,-0.23
YGR128C,-0.23
YKL036C,-0.23
YML068W,-0.23
YDR101C,-0.23
YHR112C,-0.23
YML121W,-0.23
YDL131W,-0.23
YHR043C,-0.23
YEL022W,-0.23
YNL056W,-0.23
YLR422W,-0.23
YDR516C,-0.23
YGR031W,-0.23
YLR370C,-0.23
YNR063W,-0.23
YHR104W,-0.23
YML120C,-0.23
YDL228C,-0.23
YDR263C,-0.23
YJL043W,-0.23
YJL194W,-0.23
YKL173W,-0.23
YOR026W,-0.23
Q0055,-0.23
YOR112W,-0.23
YPR182W,-0.23
YDL242W,-0.23
YFL005W,-0.23
YOR175C,-0.23
YCR004C,-0.23
YCR102W-A,-0.23
YIL110W,-0.23
YJR037W,-0.23
YOR034C-A,-0.23
YOR376W-A,-0.23
YCR035C,-0.23
YOL064C,-0.23
YJL099W,-0.23
YPR124W,-0.23
YBL045C,-0.23
YPR032W,-0.23
YER025W,-0.23
YOR164C,-0.23
YER093C-A,-0.23
YPL097W,-0.23
YOR143C,-0.23
YCL045C,-0.23
YJL154C,-0.23
YPR103W,-0.23
YOL023W,-0.23
YIL050W,-0.23
YGL155W,-0.23
YFL031C-A,-0.23
YCR038C,-0.22
YDR543C,-0.22
YDL116W,-0.22
YER095W,-0.22
YBL071W-A,-0.22
YLR227C,-0.22
YOR363C,-0.22
YDR380W,-0.22
YJR088C,-0.22
YDR300C,-0.22
YBR276C,-0.22
YLR231C,-0.22
YNL256W,-0.22
YMR185W,-0.22
YGR210C,-0.22
YFR050C,-0.22
YMR209C,-0.22
YER076C,-0.22
YPR051W,-0.22
YPL003W,-0.22
YPL012W,-0.22
YCL040W,-0.22
YPL082C,-0.22
YPR196W,-0.22
YPL113C,-0.22
YLR146C,-0.22
YMR065W,-0.22
YJL174W,-0.22
YHR093W,-0.22
YDL086W,-0.22
YGL224C,-0.22
YPL205C,-0.22
YGL200C,-0.22
YJR051W,-0.22
YBR281C,-0.22
YMR314W,-0.22
YNL066W,-0.22
YMR158W,-0.22
YGR061C,-0.22
YAL030W,-0.22
YBR234C,-0.22
YAL037C-B,-0.22
YBR230C,-0.22
YLR284C,-0.22
YGL067W,-0.22
YDR265W,-0.22
YHR001W-A,-0.22
YLR294C,-0.22
YIR032C,-0.22
YER006C-A,-0.22
YDL192W,-0.22
YGL053W,-0.22
YOL146W,-0.22
YBR126C,-0.22
YBR136W,-0.22
YKL119C,-0.22
YKL184W,-0.22
YOR131C,-0.22
YHR007C,-0.22
YNL017C,-0.22
YKR087C,-0.22
YDR042C,-0.22
YGL051W,-0.21
YAL026C,-0.21
YGL112C,-0.21
YOR199W,-0.21
YBR216C,-0.21
YFR018C,-0.21
YBR218C,-0.21
YGL236C,-0.21
YJL173C,-0.21
YHL039W,-0.21
YPL130W,-0.21
YML049C,-0.21
YKL033W-A,-0.21
YPL132W,-0.21
YPR181C,-0.21
YDL237W,-0.21
YPL069C,-0.21
YGR231C,-0.21
YDR428C,-0.21
YHR194W,-0.21
YGL028C,-0.21
YBR201C-A,-0.21
YBR186W,-0.21
YDR234W,-0.21
YMR231W,-0.21
YPR074C,-0.21
YHR054C-B,-0.21
YHR052C-B,-0.21
YHR072W,-0.21
YIR034C,-0.21
YEL053C,-0.21
YDR250C,-0.21
YEL070W,-0.21
YKL080W,-0.21
YGL252C,-0.21
YOR184W,-0.21
YPL139C,-0.21
YEL042W,-0.21
YLR093C,-0.21
YKR050W,-0.21
YJL183W,-0.21
YNR040W,-0.21
YDL170W,-0.21
YBR086C,-0.21
YER105C,-0.21
YMR006C,-0.21
YBL091C-A,-0.21
YLR028C,-0.21
YNL037C,-0.21
YGR282C,-0.21
YLR456W,-0.21
YNL140C,-0.21
YFL027C,-0.21
YOR323C,-0.21
YER019W,-0.21
YIL155C,-0.21
YLR048W,-0.21
YLR332W,-0.21
YPL262W,-0.21
YNL313C,-0.21
YLR291C,-0.21
YNR073C,-0.21
YLL063C,-0.21
YDL146W,-0.21
YJR016C,-0.21
YKL003C,-0.21
YKL018W,-0.21
YAR033W,-0.21
YLR252W,-0.21
YMR026C,-0.21
YGL211W,-0.21
YJL138C,-0.2
YMR141C,-0.2
YML102W,-0.2
YML125C,-0.2
YGR207C,-0.2
YDR435C,-0.2
YDR075W,-0.2
YFL003C,-0.2
YMR120C,-0.2
YFL007W,-0.2
YHR063C,-0.2
YIL015W,-0.2
YHL008C,-0.2
YPR085C,-0.2
YBL001C,-0.2
YHR064C,-0.2
YLR173W,-0.2
YFR020W,-0.2
YBR246W,-0.2
YBR185C,-0.2
YDR091C,-0.2
YDR242W,-0.2
YIL073C,-0.2
YIL123W,-0.2
YER044C-A,-0.2
YDL108W,-0.2
YGL184C,-0.2
YOR380W,-0.2
YJR111C,-0.2
YNL128W,-0.2
YLL007C,-0.2
YNL111C,-0.2
YOR303W,-0.2
YOR301W,-0.2
YJR140W-A,-0.2
YCR054C,-0.2
YPL152W-A,-0.2
YKL215C,-0.2
YDL162C,-0.2
YKR059W,-0.2
YDR202C,-0.2
YNR032C-A,-0.2
YKR054C,-0.2
YOR093C,-0.2
YKR047W,-0.2
YGL062W,-0.2
YGR003W,-0.2
YHR204W,-0.2
YDR249C,-0.2
YHR199C,-0.2
YKL086W,-0.2
YOR187W,-0.2
YGL230C,-0.2
YPL098C,-0.2
YMR218C,-0.2
YNL337W,-0.2
YHR074W,-0.2
YMR203W,-0.2
YDL047W,-0.2
YFR044C,-0.2
YDR139C,-0.2
YMR318C,-0.2
YCL047C,-0.2
YCL026C-B,-0.2
YMR189W,-0.2
YPR002W,-0.19
YDL160C-A,-0.19
YKL203C,-0.19
YMR138W,-0.19
YDL154W,-0.19
YER184C,-0.19
YKL191W,-0.19
YDR196C,-0.19
YKL189W,-0.19
YKL006C-A,-0.19
YNR057C,-0.19
YLR405W,-0.19
YNL063W,-0.19
YLR385C,-0.19
YLR299W,-0.19
YFR049W,-0.19
YLR302C,-0.19
YOL013W-A,-0.19
YIL075C,-0.19
YDR232W,-0.19
YLR359W,-0.19
YOL055C,-0.19
YOL059W,-0.19
YAL062W,-0.19
YML092C,-0.19
YLL042C,-0.19
YBL079W,-0.19
YLR222C,-0.19
YLR007W,-0.19
YBR297W,-0.19
YNL172W,-0.19
YNL178W,-0.19
YGR234W,-0.19
YCL030C,-0.19
YMR008C,-0.19
YMR317W,-0.19
YGR255C,-0.19
YPL250W-A,-0.19
YPL154C,-0.19
YLR142W,-0.19
YIL102C,-0.19
YLR137W,-0.19
YJL060W,-0.19
YDL125C,-0.19
YIL020C-A,-0.19
YDR368W,-0.19
YKL216W,-0.19
YIL169C,-0.19
YMR247C,-0.19
YMR272C,-0.19
YGL151W,-0.19
YIL017C,-0.19
YIL047C,-0.19
YJL078C,-0.19
YKL013C,-0.18
YHR032W-A,-0.18
YKL098W,-0.18
YKR095W-A,-0.18
YHR153C,-0.18
YLR156C-A,-0.18
YJL001W,-0.18
YJL079C,-0.18
YLR154C-H,-0.18
YLR157C-C,-0.18
YHR213W,-0.18
YKL182W,-0.18
YLR272C,-0.18
YKL175W,-0.18
YDR385W,-0.18
YHR174W,-0.18
YLR159C-A,-0.18
YJL188C,-0.18
YDR335W,-0.18
YLR186W,-0.18
YDR407C,-0.18
YNL048W,-0.18
YOL011W,-0.18
YML036W,-0.18
YGR269W,-0.18
YDL236W,-0.18
YGL039W,-0.18
YGR254W,-0.18
YBR074W,-0.18
YCL009C,-0.18
YHR022C,-0.18
Q0142,-0.18
YDL219W,-0.18
YDL218W,-0.18
YOL081W,-0.18
YOL094C,-0.18
YMR238W,-0.18
YDL182W,-0.18
YMR286W,-0.18
YFL039C,-0.18
YNR048W,-0.18
YGR028W,-0.18
YMR315W,-0.18
YDL085W,-0.18
YFL018C,-0.18
YNL261W,-0.18
YFL019C,-0.18
YML064C,-0.18
YDL241W,-0.18
YGR122W,-0.18
YER007C-A,-0.18
YCR022C,-0.18
YGL196W,-0.18
YLR367W,-0.18
YGL157W,-0.18
YBR208C,-0.18
YER046W-A,-0.18
YOR253W,-0.18
YGL221C,-0.18
YCR067C,-0.18
YLR434C,-0.18
YER147C,-0.18
YDR047W,-0.18
YOR157C,-0.18
YOR133W,-0.18
YCR081W,-0.17
YNR034W-A,-0.17
YKR068C,-0.17
YPR076W,-0.17
YKR069W,-0.17
YNL011C,-0.17
YDL141W,-0.17
YEL025C,-0.17
YDR188W,-0.17
YHR129C,-0.17
YER086W,-0.17
YGL161C,-0.17
YPR144C,-0.17
YDR179W-A,-0.17
YJL190C,-0.17
YJL007C,-0.17
YJR066W,-0.17
YKL156C-A,-0.17
YIL105W-A,-0.17
YER015W,-0.17
YNR067C,-0.17
YGL214W,-0.17
YJR011C,-0.17
YKL104C,-0.17
YCL026C-A,-0.17
YGL206C,-0.17
YHR188C,-0.17
YIL157C,-0.17
YOL097W-A,-0.17
YDR406W,-0.17
YKL065C,-0.17
YGL002W,-0.17
YER069W,-0.17
YGR014W,-0.17
YNR075W,-0.17
YKL014C,-0.17
YJR149W,-0.17
YKL140W,-0.17
YOL025W,-0.17
YPL183W-A,-0.17
YIL099W,-0.17
YHR033W,-0.17
YDR518W,-0.17
YLR397C,-0.17
YDR062W,-0.17
YMR322C,-0.17
YBR153W,-0.17
YBR107C,-0.17
YMR217W,-0.17
YLR438C-A,-0.17
YML100W-A,-0.17
YDR522C,-0.17
YGR208W,-0.17
YBL004W,-0.17
YBR041W,-0.17
YBR106W,-0.17
YLR084C,-0.17
YML067C,-0.17
YMR064W,-0.17
YML081C-A,-0.17
YLR076C,-0.17
YGR139W,-0.17
YGR263C,-0.17
YMR035W,-0.17
YBR222C,-0.17
YLR420W,-0.16
YMR305C,-0.16
YOR249C,-0.16
YDR400W,-0.16
YGR012W,-0.16
YCR006C,-0.16
YAL048C,-0.16
YGR004W,-0.16
YHR062C,-0.16
YGR279C,-0.16
YBL088C,-0.16
YFR057W,-0.16
YDL231C,-0.16
YEL058W,-0.16
YBR084W,-0.16
YCR106W,-0.16
YDR233C,-0.16
YHL048W,-0.16
YJR024C,-0.16
YPL183C,-0.16
YLR267W,-0.16
YJL002C,-0.16
YGL026C,-0.16
YOL061W,-0.16
YGL001C,-0.16
YHR099W,-0.16
YKR009C,-0.16
YAR050W,-0.16
YLR386W,-0.16
YPR106W,-0.16
YER084W,-0.16
YLL054C,-0.16
YCR032W,-0.16
YNL334C,-0.16
YPR180W,-0.16
YDR353W,-0.16
YNL123W,-0.16
YIL129C,-0.16
YOR391C,-0.16
YLR027C,-0.16
YGR099W,-0.16
YIL124W,-0.16
YNL291C,-0.16
YBR206W,-0.16
YCR027C,-0.16
YNL067W-A,-0.16
YGR063C,-0.16
YOR328W,-0.16
YDR144C,-0.16
YPL258C,-0.16
YEL046C,-0.16
YOR291W,-0.16
YNR026C,-0.16
YOR299W,-0.16
YIL009W,-0.16
YPR071W,-0.16
YHR212W-A,-0.16
R0030W,-0.16
YMR323W,-0.16
YOR327C,-0.16
YBR166C,-0.15
YHR044C,-0.15
YJR108W,-0.15
YOR122C,-0.15
YOR393W,-0.15
YOR374W,-0.15
YIL142W,-0.15
YOR226C,-0.15
YGL182C,-0.15
YOR161W-B,-0.15
YDR066C,-0.15
YPL211W,-0.15
YOR013W,-0.15
YPL224C,-0.15
YPL280W,-0.15
YMR246W,-0.15
YGR018C,-0.15
YJL088W,-0.15
YGR132C,-0.15
YHR211W,-0.15
YNL159C,-0.15
YJL118W,-0.15
YPR191W,-0.15
YPR044C,-0.15
YKR067W,-0.15
YLR001C,-0.15
YLR121C,-0.15
YNL043C,-0.15
YPL281C,-0.15
YNL067W-B,-0.15
YBL109W,-0.15
YJL171C,-0.15
YGR064W,-0.15
YJL211C,-0.15
YNL335W,-0.15
YHR095W,-0.15
YKL034W,-0.15
YIR021W,-0.15
YOL026C,-0.15
YAL038W,-0.15
YMR023C,-0.15
YBR052C,-0.15
YBR046C,-0.15
YER097W,-0.15
YDR378C,-0.15
YKL096W,-0.15
YDL027C,-0.15
YFL061W,-0.15
YMR169C,-0.15
YGL006W,-0.15
YDL104C,-0.15
YNL259C,-0.15
YPR010C-A,-0.15
YNL287W,-0.15
YBL112C,-0.14
YJL014W,-0.14
YPR020W,-0.14
YIL014C-A,-0.14
YPR039W,-0.14
YPR029C,-0.14
YFR047C,-0.14
YFL052W,-0.14
YAL012W,-0.14
YPL061W,-0.14
YER153C,-0.14
YJR042W,-0.14
YPL109C,-0.14
YKL123W,-0.14
YHR171W,-0.14
YHR183W,-0.14
YOL154W,-0.14
YKL046C,-0.14
YNR050C,-0.14
YKR013W,-0.14
YKR038C,-0.14
YMR237W,-0.14
YLR154W-F,-0.14
YGR032W,-0.14
YNL025C,-0.14
YHR151C,-0.14
YEL047C,-0.14
YEL029C,-0.14
YLR124W,-0.14
YHR128W,-0.14
YGL169W,-0.14
YNL288W,-0.14
YLR065C,-0.14
YGR117C,-0.14
YMR110C,-0.14
YGR247W,-0.14
YLR023C,-0.14
YHR218W-A,-0.14
YHR197W,-0.14
YLR376C,-0.14
YKL162C-A,-0.14
YLR432W,-0.14
YLR379W,-0.14
YOR250C,-0.14
YLR266C,-0.14
YKL206C,-0.14
YLR296W,-0.14
YKL219W,-0.14
YGR295C,-0.14
YOR192C-C,-0.14
YKL211C,-0.14
YMR296C,-0.13
YLR205C,-0.13
YFL032W,-0.13
YLR318W,-0.13
YGR149W,-0.13
YHR083W,-0.13
YHL006C,-0.13
YIL001W,-0.13
YAL036C,-0.13
YAR002C-A,-0.13
YDL049C,-0.13
YBR096W,-0.13
YFL060C,-0.13
YHR054C,-0.13
YDR382W,-0.13
YMR116C,-0.13
YNL198C,-0.13
YGR277C,-0.13
YMR001C-A,-0.13
YMR090W,-0.13
YDL063C,-0.13
YJR109C,-0.13
YPR170C,-0.13
YBR272C,-0.13
YDL198C,-0.13
YNL170W,-0.13
YGL020C,-0.13
YOL072W,-0.13
YKL163W,-0.13
YHR216W,-0.13
YNR058W,-0.13
YCR101C,-0.13
YGL091C,-0.13
YJR005W,-0.13
YIL164C,-0.13
YDR287W,-0.13
YIL116W,-0.13
YCR043C,-0.13
YGL068W,-0.13
YER073W,-0.13
YPL078C,-0.13
YMR293C,-0.13
YPR195C,-0.13
YPR036W,-0.13
YJL130C,-0.13
YJL133C-A,-0.13
YNL135C,-0.13
YKR065C,-0.13
YPR155C,-0.13
YDR180W,-0.13
YNL090W,-0.13
YHR017W,-0.12
YHR126C,-0.12
YGR067C,-0.12
YIL048W,-0.12
YGR038W,-0.12
YGR204W,-0.12
YIR012W,-0.12
YGL060W,-0.12
YIL003W,-0.12
YER004W,-0.12
YGR256W,-0.12
YIL094C,-0.12
YEL013W,-0.12
YGR236C,-0.12
YIL071C,-0.12
YDR539W,-0.12
YER154W,-0.12
YMR008C-A,-0.12
YML087C,-0.12
YMR226C,-0.12
YMR177W,-0.12
YMR170C,-0.12
YMR123W,-0.12
YJL075C,-0.12
YCL048W,-0.12
YLR365W,-0.12
YCR102C,-0.12
YLR259C,-0.12
YDL194W,-0.12
YLR157W-E,-0.12
YDR280W,-0.12
YLR100W,-0.12
YDL086C-A,-0.12
YDL080C,-0.12
YLR010C,-0.12
YKR042W,-0.12
YKL057C,-0.12
YDR010C,-0.12
YJL152W,-0.12
YDR127W,-0.12
YJL038C,-0.12
YJL052C-A,-0.12
YBR140C,-0.12
YNL269W,-0.12
YMR113W,-0.12
YDR190C,-0.12
YPR139C,-0.12
YAL063C,-0.12
YAL037W,-0.12
YNL024C,-0.12
YPL060W,-0.12
YNL200C,-0.12
YBR097W,-0.12
YBL095W,-0.12
YPR027C,-0.12
YPR001W,-0.12
YOR153W,-0.12
YOR245C,-0.11
Q0182,-0.11
YHR106W,-0.11
YLL049W,-0.11
YPL147W,-0.11
YKL154W,-0.11
YKL153W,-0.11
YKL164C,-0.11
YKL170W,-0.11
YDR050C,-0.11
YFR030W,-0.11
YDR106W,-0.11
YGL263W,-0.11
YHR190W,-0.11
YDL112W,-0.11
YNL205C,-0.11
YNL210W,-0.11
YMR313C,-0.11
YMR288W,-0.11
YMR241W,-0.11
YBR104W,-0.11
YBR264C,-0.11
YGR192C,-0.11
YNL134C,-0.11
YCR012W,-0.11
YOR108C-A,-0.11
YLR443W,-0.11
YLR390W-A,-0.11
YOL155C,-0.11
YLR342W,-0.11
YHR029C,-0.11
YOL084W,-0.11
YHR039C,-0.11
YOL039W,-0.11
YOR097C,-0.11
YHR002W,-0.11
YEL028W,-0.11
YDR408C,-0.11
YDR297W,-0.11
YJL132W,-0.11
YDR294C,-0.11
YJL161W,-0.11
YJL158C,-0.11
YDR238C,-0.11
YAR019C,-0.11
YAL068W-A,-0.11
YLR286C,-0.1
YKL165C-A,-0.1
YNL294C,-0.1
YJL192C,-0.1
YNL297C,-0.1
YDL144C,-0.1
YJR132W,-0.1
YIL145C,-0.1
YNL329C,-0.1
YGR060W,-0.1
YPR016W-A,-0.1
YJR107W,-0.1
YLR292C,-0.1
YBR168W,-0.1
YBR144C,-0.1
YLR282C,-0.1
YDR453C,-0.1
YKL069W,-0.1
YKL130C,-0.1
YKL085W,-0.1
YMR062C,-0.1
YGR240C-A,-0.1
YPR054W,-0.1
YER061C,-0.1
YKR027W,-0.1
YML051W,-0.1
YML056C,-0.1
YJL047C-A,-0.1
YLR377C,-0.1
YDR140W,-0.1
YLR199C,-0.1
YCR007C,-0.1
YAR073W,-0.1
YIL008W,-0.1
YOR087W,-0.1
YNR017W,-0.1
YMR281W,-0.1
YER052C,-0.1
YJR031C,-0.1
YNL080C,-0.09
YAL002W,-0.09
YGR098C,-0.09
YLR011W,-0.09
YDL143W,-0.09
YEL024W,-0.09
YBR020W,-0.09
YGL256W,-0.09
YLL065W,-0.09
YIL074C,-0.09
YDR402C,-0.09
YGR218W,-0.09
YPL144W,-0.09
YML012C-A,-0.09
YIL009C-A,-0.09
YML127W,-0.09
YBR256C,-0.09
YJL218W,-0.09
YJL213W,-0.09
YDR298C,-0.09
YPL236C,-0.09
YHR021C,-0.09
YCR089W,-0.09
YCR093W,-0.09
YBR164C,-0.09
YPL270W,-0.09
YLR264C-A,-0.09
YBR141W-A,-0.09
YPL058C,-0.09
YDR434W,-0.09
YLR209C,-0.09
YIL025C,-0.09
YNL055C,-0.09
YCL068C,-0.09
YOL160W,-0.09
YGL040C,-0.09
YJR151C,-0.09
YDR078C,-0.09
YOL013C,-0.09
Q0017,-0.09
YJR118C,-0.09
YJR095W,-0.09
YJR009C,-0.09
YKL135C,-0.09
YDR011W,-0.09
YJL008C,-0.09
YER188C-A,-0.09
YBL039W-B,-0.09
YBL037W,-0.09
YIL160C,-0.09
YPL033C,-0.09
YGL140C,-0.09
YJL111W,-0.09
YLL056C,-0.08
YPR056W,-0.08
YJL159W,-0.08
YPR109W,-0.08
YMR312W,-0.08
YER117W,-0.08
YNL103W-A,-0.08
YMR150C,-0.08
YMR320W,-0.08
YBL087C,-0.08
YKL156W,-0.08
YLR170C,-0.08
YCR083W,-0.08
YFL053W,-0.08
YAL049C,-0.08
YOR202W,-0.08
YER140W,-0.08
YIR027C,-0.08
YOL083C-A,-0.08
YER135C,-0.08
YHR045W,-0.08
YPL163C,-0.08
YNL046W,-0.08
YHL001W,-0.08
YKL132C,-0.08
YBL106C,-0.08
YDR007W,-0.08
YBL099W,-0.08
YIL037C,-0.08
YHL030W,-0.08
YNR039C,-0.08
YOR347C,-0.08
YIL051C,-0.08
YGR281W,-0.08
YDL114W,-0.08
YNR046W,-0.08
YDL217C,-0.08
YPL125W,-0.08
YNL008C,-0.08
YBR032W,-0.08
YML089C,-0.07
YMR087W,-0.07
YDR141C,-0.07
YML070W,-0.07
YLR305C,-0.07
YJL052W,-0.07
YJL024C,-0.07
YJR004C,-0.07
YDR321W,-0.07
YOL008W,-0.07
YIR030C,-0.07
YMR259C,-0.07
YBR221C,-0.07
YGR248W,-0.07
YIL089W,-0.07
YLR460C,-0.07
YPL172C,-0.07
YPL189C-A,-0.07
YGR217W,-0.07
YHL012W,-0.07
YDL016C,-0.07
YFL066C,-0.07
YJL182C,-0.07
YOR335W-A,-0.07
YHR138C,-0.07
YDL039C,-0.07
YGL159W,-0.07
YIL165C,-0.07
YKL033W,-0.07
YOL142W,-0.07
YDL022W,-0.07
YFR055W,-0.07
YDR018C,-0.06
YLR092W,-0.06
YNR012W,-0.06
YBR043C,-0.06
YDR236C,-0.06
YOR059C,-0.06
YLR044C,-0.06
YJR041C,-0.06
YIR036W-A,-0.06
YOR293C-A,-0.06
YCR049C,-0.06
YIR036C,-0.06
YMR015C,-0.06
YER066W,-0.06
YKL006W,-0.06
YPR053C,-0.06
YER083C,-0.06
YGL258W-A,-0.06
YCL057C-A,-0.06
YAL060W,-0.06
YLR134W,-0.06
YAL067C,-0.06
YLR350W,-0.06
YAR019W-A,-0.06
YDR039C,-0.06
YDR038C,-0.06
YER010C,-0.06
YNL327W,-0.06
YCR105W,-0.06
YEL020C,-0.06
YER146W,-0.06
YBL068W,-0.06
YDR534C,-0.06
YGL247W,-0.06
YKL218C,-0.06
YBR182C-A,-0.06
YHR025W,-0.06
YBR087W,-0.06
YLR047C,-0.05
YGR199W,-0.05
YCL021W-A,-0.05
YOL044W,-0.05
YMR054W,-0.05
YGL146C,-0.05
YGR087C,-0.05
YDL196W,-0.05
YJR162C,-0.05
YDR040C,-0.05
YER081W,-0.05
YDR354W,-0.05
YCL064C,-0.05
YGR065C,-0.05
YPL197C,-0.05
YLR056W,-0.05
YBR006W,-0.05
YDL168W,-0.05
YOR318C,-0.05
YPR063C,-0.05
YAL023C,-0.05
YLR109W,-0.05
YLR118C,-0.05
YBR265W,-0.05
YHR162W,-0.05
YPR147C,-0.05
YJL160C,-0.05
YEL009C-A,-0.05
YLL052C,-0.05
YPR176C,-0.05
YOR349W,-0.05
YBR174C,-0.04
YGL193C,-0.04
YOR292C,-0.04
YBR176W,-0.04
YGL160W,-0.04
YOL155W-A,-0.04
YNR070W,-0.04
YOR136W,-0.04
YOR247W,-0.04
YOR142W,-0.04
YDR327W,-0.04
YGR157W,-0.04
YPR121W,-0.04
YLR243W,-0.04
YPR058W,-0.04
YDR411C,-0.04
YDR178W,-0.04
YKL100C,-0.04
YEL075W-A,-0.04
YIL043C,-0.04
YPR118W,-0.04
YPL135W,-0.04
YJR039W,-0.04
YCR050C,-0.04
YDR275W,-0.04
YLR463C,-0.04
YML023C,-0.04
YDR212W,-0.04
YMR083W,-0.04
YDR158W,-0.04
YLR329W,-0.04
YER014C-A,-0.04
YDR160W,-0.04
YCL018W,-0.04
YDR154C,-0.04
YFR032C-B,-0.03
YIL067C,-0.03
YMR307C-A,-0.03
YOR297C,-0.03
YDL119C,-0.03
YOR364W,-0.03
YPL111W,-0.03
YJL121C,-0.03
YLR120C,-0.03
YJL207C,-0.03
YBR056W-A,-0.03
YPR183W,-0.03
YGR121W-A,-0.03
YLR229C,-0.03
YBR017C,-0.03
YIL012W,-0.03
YOR035C,-0.03
YOL010W,-0.03
YMR085W,-0.03
YGL047W,-0.03
YJR153W,-0.03
YFL062W,-0.03
YGR257C,-0.03
YML011C,-0.03
YBR295W,-0.03
YIL156W-A,-0.03
YOR225W,-0.03
YOR333C,-0.03
YDL022C-A,-0.03
YDR032C,-0.03
YML131W,-0.03
YMR208W,-0.03
YML028W,-0.03
YNR074C,-0.03
YLR236C,-0.02
YDL180W,-0.02
YJR121W,-0.02
YAL004W,-0.02
YDR349C,-0.02
YLR160C,-0.02
YNR044W,-0.02
YDL081C,-0.02
YPL149W,-0.02
YLR155C,-0.02
YJR159W,-0.02
YGL089C,-0.02
YDL078C,-0.02
YDL123W,-0.02
YDR230W,-0.02
YJR161C,-0.02
YBL008W-A,-0.02
YLR158C,-0.02
YLR157C,-0.02
YBR298C-A,-0.02
YMR055C,-0.02
Q0120,-0.02
YIR039C,-0.02
YGL199C,-0.02
YLR347C,-0.02
YDL248W,-0.02
YMR319C,-0.02
YLR381W,-0.02
YNL326C,-0.02
YEL001C,-0.02
YDR455C,-0.02
YMR095C,-0.02
YMR119W,-0.02
YGR163W,-0.02
YOR222W,-0.01
YGR197C,-0.01
YHR175W,-0.01
YGL241W,-0.01
YLR348C,-0.01
YBR042C,-0.01
YGL016W,-0.01
YOR152C,-0.01
YGR175C,-0.01
YHR137C-A,-0.01
YNL333W,-0.01
YDR404C,-0.01
YER023C-A,-0.01
YGR107W,-0.01
YGL065C,-0.01
YER094C,-0.01
YLR279W,-0.01
YKL096C-B,-0.01
YHR041C,-0.01
YPL041C,-0.01
YDR264C,-0.01
YBR252W,-0.01
YFL059W,-0.01
YGL115W,-0.01
YNL130C-A,-0.01
YIL156W-B,-0.01
YDL246C,-0.01
YPR016C,-0.01
YML031W,0.01
YPL028W,0.01
YJR105W,0.01
YPL175W,0.01
YHL042W,0.01
YJR143C,0.01
YMR056C,0.01
YJR136C,0.01
YDR086C,0.01
YPL161C,0.01
YMR187C,0.01
YPR036W-A,0.01
YOR383C,0.01
YOL143C,0.01
YNL320W,0.01
YGR106C,0.01
YDR395W,0.01
YLR188W,0.01
YAL016C-B,0.01
YJL039C,0.01
YJL210W,0.01
YIL030C,0.01
YLR123C,0.01
YGL234W,0.01
YLR111W,0.01
YJL027C,0.01
YEL031W,0.01
YNL336W,0.01
YPL214C,0.01
YLR438W,0.01
YAR028W,0.01
Q0115,0.01
YIL006W,0.01
YGL118C,0.01
YFL017W-A,0.02
YAL064C-A,0.02
YDR513W,0.02
YDR194W-A,0.02
YGR226C,0.02
YOR016C,0.02
YIL013C,0.02
YML103C,0.02
YER099C,0.02
YMR245W,0.02
YMR266W,0.02
YMR306W,0.02
YPL227C,0.02
YLR340W,0.02
YER011W,0.02
YLR246W,0.02
YOR384W,0.02
YEL006W,0.02
YIL027C,0.02
YGR096W,0.02
YOR369C,0.02
YNL156C,0.02
YLR154W-B,0.02
YGL167C,0.02
YNR027W,0.02
YLL048C,0.02
YDL046W,0.02
YKL205W,0.02
YGL030W,0.02
YOL014W,0.02
YOR011W,0.02
YOR020C,0.02
YOR246C,0.02
YPR011C,0.03
YER019C-A,0.03
YMR308C,0.03
YGR144W,0.03
YBR178W,0.03
YBR159W,0.03
YMR096W,0.03
YGR243W,0.03
YER053C,0.03
YNL194C,0.03
YHL011C,0.03
YBR294W,0.03
YLR251W,0.03
YBR013C,0.03
YGR190C,0.03
YJL156W-A,0.03
YKR026C,0.03
YDR008C,0.03
YOL086C,0.03
YOR100C,0.03
YGR026W,0.03
YLL015W,0.04
YJL015C,0.04
YER087C-B,0.04
YDL015C,0.04
YHR180C-B,0.04
YGR291C,0.04
YML132W,0.04
YCR048W,0.04
YHR165W-A,0.04
YDL004W,0.04
YOR271C,0.04
YBR302C,0.04
YNL003C,0.04
YNR060W,0.04
YER152W-A,0.04
YOL126C,0.04
YBR110W,0.04
YOR034C,0.04
YNL321W,0.04
YNL263C,0.04
YGL195W,0.04
YBR145W,0.04
YFL030W,0.05
YDR048C,0.05
YDL130W,0.05
YOL075C,0.05
YJR139C,0.05
YIL141W,0.05
YAL042C-A,0.05
Q0110,0.05
YLR040C,0.05
YLR043C,0.05
YLR214W,0.05
YMR194C-A,0.05
YBR291C,0.05
YBR089W,0.05
YGL238W,0.05
YDR352W,0.05
YML009C-A,0.05
YLR269C,0.06
YIL011W,0.06
YPL222C-A,0.06
YOR228C,0.06
YJL109C,0.06
YIR035C,0.06
YKL076C,0.06
YAR023C,0.06
YOR316C,0.06
YKL008C,0.06
YLR411W,0.06
YHR131W-A,0.06
YLR374C,0.06
YNL038W,0.06
YPR004C,0.06
YMR122C,0.06
YOL147C,0.06
YFR045W,0.06
YFL021C-A,0.06
YBL012C,0.06
YDL050C,0.06
YDR135C,0.06
YBL083C,0.06
YPR197C,0.06
YCL001W,0.06
YDL212W,0.07
YBR175W,0.07
YPR099C,0.07
YDL222C,0.07
YGL154C,0.07
YLR395C,0.07
YMR271C,0.07
YMR243C,0.07
YDR459C,0.07
YDR307W,0.07
YCR023C,0.07
YDR136C,0.07
YML054C-A,0.07
YGL102C,0.07
YEL048C,0.07
YDL094C,0.07
YOL019W-A,0.07
YKL146W,0.07
YDL138W,0.07
YDR055W,0.07
YNL202W,0.08
YNR042W,0.08
YMR202W,0.08
YDL111C,0.08
YOL046C,0.08
YLR400W,0.08
YEL073C,0.08
YDL007C-A,0.08
YOR321W,0.08
YBL071C,0.08
YHR214W,0.08
YHR073C-B,0.08
YDL199C,0.08
YKL178C,0.08
YKL209C,0.08
YOR214C,0.08
YOR160W,0.08
YER141W,0.08
YHL035C,0.08
YDL185C-A,0.08
YLR220W,0.08
YNL097W-A,0.08
YAR066W,0.08
YOR273C,0.08
YML047C,0.08
YMR031W-A,0.08
YAL063C-A,0.08
YPR059C,0.08
YGR125W,0.09
YIL134W,0.09
YDR157W,0.09
YOR092W,0.09
YKL102C,0.09
YBR085W,0.09
YML031C-A,0.09
YAL016W,0.09
YIL166C,0.09
YMR290W-A,0.09
YFL025C,0.09
YLR232W,0.09
YLR404W,0.09
YLR241W,0.09
YIR022W,0.09
YNL296W,0.09
YDL187C,0.09
YER175W-A,0.09
YMR086C-A,0.09
YKR052C,0.09
YBL030C,0.09
YCR037C,0.09
YNR019W,0.09
YAR027W,0.09
YOR161C-C,0.09
YHL026C,0.09
YOR180C,0.1
YER113C,0.1
YGL139W,0.1
YIL115W-A,0.1
YGL132W,0.1
YLR245C,0.1
YOR044W,0.1
YOR382W,0.1
YOR159C,0.1
YPR113W,0.1
YFL015C,0.1
YOR169C,0.1
YLR446W,0.1
YEL067C,0.1
YOL152W,0.1
YER055C,0.1
YKL071W,0.1
YNR003W-A,0.1
YDR536W,0.1
YBR298C,0.1
YML034C-A,0.1
YKR051W,0.1
YCL005W,0.1
YDR241W,0.1
YJL197C-A,0.1
YPR012W,0.11
YBL065W,0.11
YNL019C,0.11
YER023W,0.11
YDR508C,0.11
YML075C,0.11
YPL221W,0.11
YAL026C-A,0.11
YPL006W,0.11
YKR012C,0.11
YHR070C-A,0.11
YKL111C,0.11
YGR174W-A,0.11
YLL059C,0.11
YNL146C-A,0.11
YBR235W,0.11
YLR349W,0.11
YBR292C,0.11
YLR169W,0.11
YJR160C,0.11
YJR015W,0.12
YOR248W,0.12
YGL008C,0.12
YGL012W,0.12
YGR289C,0.12
YGL006W-A,0.12
YEL033W,0.12
YOR170W,0.12
YNL303W,0.12
YBR078W,0.12
YNL160W,0.12
YPL134C,0.12
YPR077C,0.12
YDR431W,0.12
YJR114W,0.12
YLR299C-A,0.12
YHL003C,0.12
YHL017W,0.12
YPR194C,0.12
YFL026W,0.13
YKL187C,0.13
YKL220C,0.13
YNL279W,0.13
Q0143,0.13
YKL225W,0.13
YER145C-A,0.13
YFL063W,0.13
YHR096C,0.13
YJR058C,0.13
YNL033W,0.13
YAL065C,0.13
YCR013C,0.13
YLR297W,0.13
YLR450W,0.13
YDR281C,0.13
YGR168C,0.13
YMR103C,0.13
YLR428C,0.13
YPR128C,0.13
YDL240C-A,0.13
Q0065,0.13
YDL221W,0.13
YDL247W,0.13
YDR274C,0.13
YHR049C-A,0.13
YHL037C,0.13
YDR538W,0.14
YBR207W,0.14
YHR032W,0.14
YKL120W,0.14
YPL036W,0.14
YLR217W,0.14
YAL019W-A,0.14
YDR119W-A,0.14
YML106W,0.14
YDL142C,0.14
YDR491C,0.14
YIR020C-B,0.14
YGR209C,0.14
YJL143W,0.14
YPR066W,0.14
YKR103W,0.14
YKR093W,0.14
YKL039W,0.14
YJL222W-A,0.14
YIR021W-A,0.14
YGR077C,0.15
YIL059C,0.15
YOR381W,0.15
YNL101W,0.15
YBR054W,0.15
YJL195C,0.15
YML022W,0.15
YEL034C-A,0.15
YAL007C,0.15
YOL073C,0.15
YLR042C,0.15
YPR003C,0.15
YER084W-A,0.15
YBL071C-B,0.15
YKL217W,0.15
YLL051C,0.15
YBL108C-A,0.15
YDR072C,0.15
YCR095W-A,0.15
YLR364C-A,0.15
YEL010W,0.15
YOR366W,0.15
YDR360W,0.15
YJL037W,0.16
YDR284C,0.16
YHL044W,0.16
YGR049W,0.16
YNR013C,0.16
YML099W-A,0.16
YML123C,0.16
YER026C,0.16
YGR259C,0.16
YDR338C,0.16
YLR164W,0.16
YDL093W,0.16
YFR054C,0.17
YJL212C,0.17
YMR010W,0.17
YJL032W,0.17
YDR354C-A,0.17
YMR040W,0.17
YDL096C,0.17
YPL206C,0.17
YPL185W,0.17
YHR139C,0.17
YGR137W,0.17
YOR050C,0.17
YDR271C,0.17
YGL258W,0.17
YBR226C,0.17
YNL095C,0.17
YER066C-A,0.17
YHR052W-A,0.18
YJL093C,0.18
YGR115C,0.18
YHR180W,0.18
YJL198W,0.18
YHR056W-A,0.18
YDR084C,0.18
YHL015W-A,0.18
YHR054W-A,0.18
YDR126W,0.18
YCR028C,0.18
YER057C,0.18
YOR325W,0.18
YBR300C,0.18
YLR122C,0.18
YOR009W,0.18
YBL042C,0.19
YNL028W,0.19
YKL104W-A,0.19
YLL005C,0.19
YGR216C,0.19
YNL150W,0.19
YCR047W-A,0.19
YOR263C,0.19
YDR119W,0.19
YGR095C,0.19
YDR220C,0.19
YGR219W,0.19
YPL251W,0.19
YHL048C-A,0.19
YLR036C,0.19
YGL126W,0.19
YJR150C,0.19
YML052W,0.19
YPL200W,0.19
YLR358C,0.2
YNL171C,0.2
YGR062C,0.2
YCR044C,0.2
YER145C,0.2
YGR101W,0.2
YNR055C,0.2
YBR116C,0.2
YGR260W,0.2
YFR036W-A,0.2
YGL142C,0.2
YJR010C-A,0.2
YJL134W,0.2
YKL066W,0.2
YGL032C,0.2
YGL259W,0.2
YOR130C,0.2
YBL077W,0.2
YNL065W,0.21
YCR061W,0.21
YDR441C,0.21
YNL070W,0.21
YOR311C,0.21
YOR376W,0.21
YJL150W,0.21
YOR387C,0.21
YCR038W-A,0.21
YOR314W,0.21
YDR270W,0.21
YPL189W,0.21
YER076W-A,0.21
YIL087C,0.21
YGR293C,0.21
YOL161C,0.21
YJL169W,0.21
YML094C-A,0.21
YNL125C,0.21
YHL005C,0.21
YGR182C,0.21
YNL280C,0.21
YGR016W,0.21
YJR040W,0.21
YPR160C-A,0.21
YKL223W,0.21
YMR155W,0.22
YAL053W,0.22
YJR117W,0.22
YHR086W-A,0.22
YGR121C,0.22
YJR073C,0.22
YLR285C-A,0.22
YDL062W,0.22
YLR130C,0.22
YDR442W,0.22
YLR237W,0.22
YML101C-A,0.22
YHL019W-A,0.22
YDR278C,0.22
YOL103W,0.22
YIR040C,0.22
YLR062C,0.22
YGR265W,0.22
YKL051W,0.22
YDL072C,0.22
YLR426W,0.22
YLL064C,0.23
YDR046C,0.23
YJL223C,0.23
YAL067W-A,0.23
YLR461W,0.23
YNL276C,0.23
YIL176C,0.23
YNR076W,0.23
YGR022C,0.23
YNL203C,0.23
YBR132C,0.23
YHL046C,0.23
YGR294W,0.23
YDR437W,0.23
YEL049W,0.23
YJL120W,0.23
YEL026W,0.23
YGL165C,0.23
YIL030W-A,0.23
YOL048C,0.23
YPR156C,0.23
YCL025C,0.23
YNL322C,0.23
YBL108W,0.24
YDR182W-A,0.24
YDL152W,0.24
YMR256C,0.24
YKR053C,0.24
YBR021W,0.24
YKL165C,0.24
YLR083C,0.24
YLR415C,0.24
YLR152C,0.24
YAR030C,0.25
YOR235W,0.25
YCR017C,0.25
YJL127W-A,0.25
YIL066W-A,0.25
YJL086C,0.25
YBR301W,0.25
YKL141W,0.25
YGL261C,0.25
YDR033W,0.25
YKR088C,0.25
YBR069C,0.25
YNL158W,0.25
YIR014W,0.25
YOR071C,0.25
YAL068C,0.25
YBR068C,0.25
YML066C,0.25
YGR138C,0.26
YKR030W,0.26
YJR020W,0.26
YOR392W,0.26
YBR180W,0.26
YDL206W,0.26
YOR015W,0.26
YBR067C,0.26
YOL037C,0.26
YGR036C,0.26
YHR092C,0.26
YLR466C-B,0.26
YAL022C,0.26
YLR088W,0.26
YOR394W,0.26
YDR102C,0.26
YKL202W,0.26
YPL282C,0.26
YNL235C,0.26
YCR098C,0.27
YJR152W,0.27
YDL163W,0.27
YBR058C-A,0.27
YCL056C,0.27
YJL214W,0.27
YNL089C,0.27
YPR014C,0.27
YNL120C,0.27
YHR078W,0.27
YHL002C-A,0.27
YJL020W-A,0.27
YIL120W,0.27
YDR503C,0.27
YDR476C,0.27
YIL049W,0.28
YOR345C,0.28
YBR223W-A,0.28
YLR081W,0.28
YHR140W,0.28
YIL029C,0.28
YML047W-A,0.28
YIL029W-A,0.28
YCR045W-A,0.28
YMR253C,0.28
YLL031C,0.28
YMR193C-A,0.28
YHR133C,0.28
YAL008W,0.28
YER150W,0.28
YAL056C-A,0.28
YNL179C,0.28
YOR192C,0.28
YGR068W-A,0.28
YOR010C,0.28
YOL047C,0.29
YPL135C-A,0.29
YBL102W,0.29
YPL265W,0.29
YJR077C,0.29
YPR028W,0.29
YLR004C,0.29
YNL275W,0.29
YNL146W,0.29
YHR032C-A,0.29
YHL045W,0.29
YKR106W,0.29
YJL219W,0.29
Q0070,0.29
Q0032,0.29
YMR153C-A,0.29
YOL101C,0.29
YGL255W,0.29
YML133W-B,0.3
YJL222W-B,0.3
YHR094C,0.3
YOL162W,0.3
YGR191W,0.3
YDR107C,0.3
YBR113W,0.3
YJR085C,0.3
YGL260W,0.3
YNL268W,0.3
YNL339W-B,0.3
YHR219C-A,0.3
YOR307C,0.3
YHL041W,0.3
YOR282W,0.3
YJR079W,0.3
YOR348C,0.3
YCL073C,0.31
YDR401W,0.31
YIR041W,0.31
YPL162C,0.31
YOL156W,0.31
YBR070C,0.31
YFL068W,0.31
YOR149C,0.31
YOR218C,0.31
YFL020C,0.31
YOR029W,0.31
YJL022W,0.31
YER137W-A,0.31
YGR045C,0.31
YER172C-A,0.31
YGR031C-A,0.31
YLL067W-A,0.31
YLL066W-A,0.31
YNR075C-A,0.31
YBR200W-A,0.31
YKL136W,0.31
YGL194C-A,0.31
YNR041C,0.31
YJR157W,0.31
YPL073C,0.32
YHR193C-A,0.32
YDR367W,0.32
YDR542W,0.32
YDL034W,0.32
YGL022W,0.32
YLR037C,0.32
YNR072W,0.32
YOL150C,0.32
YOL166C,0.32
YGR011W,0.32
YGR039W,0.32
YKL169C,0.32
YDR133C,0.32
YDR535C,0.32
YPR177C,0.32
YBR220C,0.32
YJL062W,0.32
YAR070C,0.32
YMR325W,0.32
YCR104W,0.32
YGR069W,0.32
YPR138C,0.32
YBR183W,0.32
YGL235W,0.32
YHR214W-A,0.32
YDR345C,0.32
YBR099C,0.32
YOR072W-B,0.32
YHR071C-A,0.32
YLR242C,0.33
YDR410C,0.33
YJL094C,0.33
YER044C,0.33
YKL224C,0.33
YIL090W,0.33
YDR414C,0.33
YEL063C,0.33
YHL040C,0.33
YEL014C,0.33
YLR413W,0.33
YGR284C,0.33
YGL239C,0.33
YPR114W,0.33
YMR030W-A,0.33
YBL094C,0.33
YBL073W,0.33
YOR306C,0.33
YOR161C,0.34
YHL050W-A,0.34
YLL023C,0.34
YAR068W,0.34
YJR038C,0.34
YJR013W,0.34
YNL219C,0.34
YCR001W,0.34
YJL196C,0.34
YJL004C,0.34
YOR268C,0.34
YDR205W,0.34
YCR075C,0.34
YIL068W-A,0.34
YBL039C-A,0.34
YJL067W,0.34
YNR061C,0.34
YLR286W-A,0.35
YBR219C,0.35
YEL008W,0.35
YOL163W,0.35
Q0250,0.35
YLL025W,0.35
YHR145C,0.35
YJR001W,0.35
YDR537C,0.35
YBR121C-A,0.35
YCR010C,0.35
YLL030C,0.35
YPR192W,0.35
YJR158W,0.35
YIR028W,0.35
YKL115C,0.35
YKL097C,0.35
YOR072W,0.35
YDL114W-A,0.35
YEL069C,0.35
YER068C-A,0.35
YOR073W-A,0.35
YDR545C-A,0.35
YBR051W,0.36
YKR040C,0.36
YHR050W,0.36
YLR467C-A,0.36
YFL067W,0.36
YLR466C-A,0.36
YDR519W,0.36
YPL257W,0.36
YCR034W,0.36
YJL225W-A,0.36
YCR021C,0.36
YAL034C-B,0.36
YDR342C,0.36
YHR028W-A,0.36
YMR315W-A,0.36
YPR204C-A,0.36
YGR296C-B,0.36
YAL045C,0.36
YLR356W,0.36
YLR101C,0.36
YGL084C,0.36
YPL283W-B,0.36
YDL245C,0.36
YBL113W-A,0.36
YOR396C-A,0.36
YER190C-B,0.36
YIL177W-A,0.36
YBR241C,0.37
YJL077C,0.37
YOR394C-A,0.37
YDR384C,0.37
YPL056C,0.37
YNL305C,0.37
YLL044W,0.37
YDR524W-C,0.37
YLR339C,0.37
YBR296C,0.37
YNL057W,0.37
YPR098C,0.37
YOL107W,0.37
YMR149W,0.37
YDR343C,0.37
YBR036C,0.38
YDR456W,0.38
YDR497C,0.38
YDR464C-A,0.38
YKL004W,0.38
YER053C-A,0.38
YHL046W-A,0.38
YKL131W,0.38
YMR011W,0.38
YEL004W,0.38
YDR105C,0.38
YDR340W,0.38
YPL244C,0.38
YML038C,0.38
YKR039W,0.38
YIL021C-A,0.38
YDR209C,0.38
YML019W,0.39
YEL077W-A,0.39
YGL114W,0.39
YPL114W,0.39
YBR029C,0.39
YHL047C,0.39
YMR175W-A,0.39
YLR112W,0.39
YDL151C,0.39
YPL076W,0.39
YNR002C,0.39
YOR045W,0.39
YDR445C,0.39
YNL142W,0.39
YNL270C,0.39
YEL064C,0.39
YNL300W,0.39
YDR015C,0.39
YER072W,0.39
YMR316C-A,0.39
YOR200W,0.4
YJR112W-A,0.4
YOR085W,0.4
YJL028W,0.4
YER148W-A,0.4
YNR030W,0.4
YGL123C-A,0.4
YDR492W,0.4
YHR214C-E,0.4
YPL087W,0.4
YGL186C,0.4
YOL092W,0.4
YPR108W-A,0.4
YCR020C-A,0.4
YOL122C,0.4
YPL246C,0.4
YLR347W-A,0.4
YIL121W,0.41
YBL020W,0.41
YMR122W-A,0.41
YHR048W,0.41
YPL274W,0.41
YIR020C,0.41
YMR247W-A,0.41
YJR018W,0.41
YBL040C,0.41
YMR075C-A,0.41
YGR055W,0.41
YBR008C,0.41
YMR326C,0.41
YNL013C,0.41
YMR013W-A,0.41
YOR365C,0.41
YKL044W,0.41
YDR090C,0.41
YLR050C,0.41
YBR201W,0.41
YMR034C,0.42
YKL183C-A,0.42
YHR123W,0.42
YMR046W-A,0.42
YGL077C,0.42
YBR040W,0.42
YKL030W,0.42
YPR064W,0.42
YNL237W,0.42
YER147C-A,0.42
YGL168W,0.42
YPR169W-A,0.42
YJL163C,0.42
YNL318C,0.42
YIL060W,0.42
YBL096C,0.42
YHR181W,0.42
YFL011W,0.42
YHL006W-A,0.43
YJR106W,0.43
YOR041C,0.43
YBR004C,0.43
YJR071W,0.43
YBL082C,0.43
YOR002W,0.43
YPL279C,0.43
YLR064W,0.43
YHL016C,0.43
YLR202C,0.43
YJL136W-A,0.43
YGR035W-A,0.43
YLL061W,0.43
YCR064C,0.44
YLR372W,0.44
YDL118W,0.44
YLR378C,0.44
YLR110C,0.44
YML018C,0.44
YNL044W,0.44
YPR050C,0.44
YOL020W,0.44
YOR390W,0.44
YAL018C,0.44
YOL002C,0.44
YBR287W,0.44
YDR320W-B,0.44
YDR302W,0.44
YIL023C,0.44
YKR032W,0.45
YJL009W,0.45
YJL193W,0.45
YLR338W,0.45
YOR008C-A,0.45
YIL028W,0.45
YJL091C,0.45
YOL166W-A,0.45
YMR274C,0.45
YDR290W,0.45
YKL174C,0.45
YPR136C,0.45
YMR148W,0.45
YLL047W,0.45
YGR290W,0.46
YAL031W-A,0.46
YLL055W,0.47
YHR125W,0.47
YOL158C,0.47
YLL028W,0.47
YKL096W-A,0.47
YDR029W,0.47
YOL050C,0.47
YFL055W,0.47
YLL006W-A,0.47
YCL023C,0.47
YLR406C-A,0.47
YML009W-B,0.47
YDL210W,0.47
YFL040W,0.47
YDR396W,0.47
YJR087W,0.47
YJL059W,0.47
YBR147W,0.48
YMR221C,0.48
YOL119C,0.48
YER190C-A,0.48
YML133W-A,0.48
YPL283W-A,0.48
YEL065W,0.48
YGR296C-A,0.48
YLL053C,0.48
YNL339W-A,0.48
YEL020C-B,0.48
YER060W,0.48
YDL009C,0.48
YPL035C,0.48
YKL147C,0.48
YML090W,0.48
YHL030W-A,0.49
YER056C,0.49
YDR387C,0.49
YGR172C,0.49
YBR196C-B,0.49
YNL024C-A,0.49
YOR067C,0.49
YDR187C,0.49
YJR116W,0.49
YOR105W,0.49
YJL127C-B,0.49
YHR069C-A,0.49
YOR231C-A,0.49
YJL202C,0.5
YBR124W,0.5
YPL096C-A,0.5
YCL038C,0.5
YDR525W-A,0.5
YFR056C,0.5
YOR139C,0.5
YPR146C,0.5
YOR135C,0.51
YGR227W,0.51
YHL034W-A,0.51
YBR224W,0.51
YOR378W,0.51
YPL261C,0.51
YGL198W,0.52
YER060W-A,0.52
YJL064W,0.52
YOR068C,0.52
YOL106W,0.52
YMR088C,0.52
YIL040W,0.52
YKL177W,0.52
YGL010W,0.52
YGL104C,0.52
YLR235C,0.52
YOR049C,0.52
YDR149C,0.53
YEL030C-A,0.53
YPL092W,0.53
YDR509W,0.53
YGL218W,0.53
YMR304C-A,0.53
YGL217C,0.54
YOR024W,0.54
YAL037C-A,0.54
YPL102C,0.54
YPL264C,0.54
YIL088C,0.54
YOR329W-A,0.54
YAL069W,0.54
YNL130C,0.54
YBR187W,0.54
YMR279C,0.54
YDL025W-A,0.54
YER087C-A,0.54
YCL022C,0.54
YOL164W-A,0.54
YOL137W,0.54
YLL037W,0.54
YDL054C,0.54
YDR510C-A,0.55
YKL221W,0.55
YBR027C,0.55
YMR306C-A,0.55
YIL171W-A,0.55
YAL047W-A,0.55
YPL119C-A,0.55
YJL220W,0.55
YLL020C,0.55
YIL047C-A,0.56
YGR224W,0.56
YKR075W-A,0.56
YHR213W-A,0.56
YPR142C,0.56
YHR021W-A,0.56
YFR042W,0.56
YLR311C,0.56
YDR417C,0.56
YAR020C,0.56
YLR046C,0.56
YIR030W-A,0.56
YBL100C,0.57
YHR130C,0.57
YNL105W,0.57
YBL089W,0.57
YML116W,0.57
YGR131W,0.57
YDL032W,0.57
YDR521W,0.57
YGR242W,0.57
YNL319W,0.57
YMR105W-A,0.57
YIL058W,0.57
YBR076C-A,0.57
YER158W-A,0.58
YMR151W,0.58
YPR149W,0.58
YIL071W-A,0.58
YCL041C,0.58
YBL053W,0.58
YDL071C,0.58
YLR414C,0.58
YML084W,0.58
YDR524C-B,0.59
YEL045C,0.59
YAR047C,0.59
YOL129W,0.59
YPR002C-A,0.59
YNL228W,0.59
YBR243C,0.59
YPL044C,0.59
YOR314W-A,0.59
YGR122C-A,0.59
YKL037W,0.6
YDR433W,0.6
YNR056C,0.6
YGL088W,0.6
YNL144W-A,0.61
YJR124C,0.61
YBR277C,0.61
YPR201W,0.61
YJL077W-A,0.61
YCL069W,0.61
YDR034C-A,0.61
YDL026W,0.61
YDL023C,0.62
YPL182C,0.62
YMR063W,0.62
YBR283C,0.62
YIR017W-A,0.62
YOR079C,0.62
YCL048W-A,0.62
YEL053W-A,0.62
YKR105C,0.62
YGL007C-A,0.62
YDR319C,0.63
YPL136W,0.63
YLL014W,0.63
YKL118W,0.63
YLR171W,0.63
YFL013W-A,0.64
YDL159W-A,0.64
YDR203W,0.64
YPR153W,0.64
YNR005C,0.64
YOL134C,0.64
YPR087W,0.64
YFR052C-A,0.64
YAL066W,0.64
YMR013C,0.64
YNL324W,0.65
YER107W-A,0.65
YBR293W,0.65
YKR033C,0.65
YCL002C,0.65
YML057C-A,0.65
YNL174W,0.65
YGR213C,0.65
YPL238C,0.66
YDL232W,0.66
YOR055W,0.66
YPR198W,0.66
YGL225W,0.66
YDR114C,0.66
YER039C-A,0.66
YER039C,0.67
YGL226C-A,0.67
YLR198C,0.67
YKR073C,0.67
YHL036W,0.68
YDR406W-A,0.68
YNL109W,0.68
YMR324C,0.68
YFR035C,0.68
YOR103C,0.68
YJL108C,0.68
YPR170W-B,0.69
YDR426C,0.69
YGL042C,0.69
YBR210W,0.69
YBR232C,0.69
Q0275,0.69
YGL054C,0.69
YGR204C-A,0.69
YGR105W,0.69
YKR035C,0.69
YBR266C,0.7
YPR150W,0.7
YPR130C,0.7
YAL059C-A,0.7
YNL266W,0.71
YCR018C-A,0.71
Q0092,0.71
YLR034C,0.71
YER067C-A,0.71
YDL128W,0.71
Q0144,0.71
YIL134C-A,0.72
YFR010W-A,0.72
YMR141W-A,0.72
YOL035C,0.72
YOL099C,0.72
YHR063W-A,0.72
YKL053W,0.72
YDR438W,0.73
YCR085W,0.73
YHR175W-A,0.73
YDL158C,0.73
YER185W,0.73
YNL114C,0.73
Q0045,0.74
YBR191W-A,0.74
YGL204C,0.74
YCR081C-A,0.75
YNR062C,0.75
YFL012W-A,0.75
YBR109W-A,0.75
YMR173W-A,0.75
YPR160W-A,0.75
YGL069C,0.76
YIL100C-A,0.76
YOR032W-A,0.76
YBR064W,0.76
YPR038W,0.76
YOL052C-A,0.76
YDR526C,0.76
YNR025C,0.77
YMR251W-A,0.78
YFR012W,0.79
YEL059W,0.79
YGL072C,0.79
YLR342W-A,0.79
YLR444C,0.79
YMR052C-A,0.79
YJR044C,0.79
YOR331C,0.79
YJR151W-A,0.79
YJL097W,0.79
YJL142C,0.79
YAR053W,0.8
YLR458W,0.8
YER119C,0.8
YAL016C-A,0.8
YEL050W-A,0.8
YER074W-A,0.8
YBR196C-A,0.81
YDR269C,0.81
YMR182W-A,0.81
YDR413C,0.81
YDR112W,0.82
YIL142C-A,0.82
YLR163W-A,0.83
Q0105,0.83
YLR402W,0.83
YMR071C,0.83
YCL005W-A,0.84
YBL062W,0.84
YDR504C,0.84
YIL054W,0.84
YOR277C,0.85
YDR100W,0.86
YER078W-A,0.86
YDL011C,0.86
YMR158W-B,0.86
YOR146W,0.86
YER138W-A,0.87
YBL107W-A,0.87
YDL172C,0.87
YLR459W,0.87
YMR172C-A,0.88
YOL013W-B,0.89
YDR199W,0.89
YDR366C,0.9
YMR119W-A,0.9
YMR230W-A,0.9
YCL065W,0.9
YMR254C,0.9
YHR142W,0.9
YLR437C-A,0.9
YGL041C,0.91
YER079C-A,0.92
YGR073C,0.92
YHR026W,0.92
YBL070C,0.92
Q0010,0.92
YDR355C,0.93
YGL152C,0.95
YCR041W,0.95
YHR214C-D,0.96
YMR272W-A,0.96
YGR146C-A,0.96
YAR069C,0.96
YLR334C,0.96
YJL175W,0.97
YMR272W-B,0.97
YAL064W-B,0.97
YDL159C-B,0.98
YDR193W,0.99
YGR114C,0.99
YCR097W-A,1.01
YEL017C-A,1.01
YDR467C,1.01
YDR053W,1.01
YML007C-A,1.02
YCR024C-A,1.03
YKL083W,1.03
YDL041W,1.03
YER165C-A,1.04
YDL068W,1.06
YPL234C,1.07
YHR180W-A,1.07
YGL074C,1.07
YIL046W-A,1.08
YGR270C-A,1.08
YPR126C,1.09
YER181C,1.09
Q0085,1.1
YDR371C-A,1.1
YGL149W,1.12
YCR024C-B,1.13
YEL018C-A,1.13
YBL048W,1.14
YCR087W,1.14
YCL058C,1.15
YGL041C-B,1.15
YJR023C,1.16
YPR123C,1.17
YPR170W-A,1.18
YLR399W-A,1.18
YLR322W,1.19
YMR316C-B,1.19
YMR292W,1.19
YIL102C-A,1.2
YEL027W,1.2
YGR228W,1.22
Q0080,1.24
YGL024W,1.24
YMR013C-A,1.24
YIR023C-A,1.26
YOR082C,1.32
YDR276C,1.32
YOL079W,1.32
Q0130,1.45
YKL145W-A,1.62
YPR159C-A,1.64
YDR524C-A,2.05
