Systematic Name,mRNA Isoform Number
YAL067C,1
YOR241W,1
YOR255W,1
YOR325W,1
YOR326W,1
YJL152W,1
YOR389W,1
YOR390W,1
YPL272C,1
YPL261C,1
YPL223C,1
YJL175W,1
YPL192C,1
YPL165C,1
YPL164C,1
YPL135C-A,1
YPL119C,1
YPL115C,1
YJL135W,1
YJL189W,1
YOR208W,1
YJL120W,1
YNL033W,1
YNL012W,1
YNR001W-A,1
YNR058W,1
YNR060W,1
YNR063W,1
YNR072W,1
YOL118C,1
YOL089C,1
YOL087C,1
YOL055C,1
YOL037C,1
YOR293C-A,1
YOR339C,1
YJL099W,1
YOL078W,1
YOR113W,1
YOR199W,1
YPL040C,1
YPL033C,1
YJL197W,1
YBL063W,1
YBL049W,1
YBR152W,1
YBR293W,1
YBR295W,1
YCL061C,1
YCR020C,1
YCR022C,1
YCR045C,1
YJR041C,1
YCL027W,1
YCL021W-A,1
YDL222C,1
YDL220C,1
YDL214C,1
YDL174C,1
YDL094C,1
YBL097W,1
YBR182C-A,1
YJR091C,1
YBR128C,1
YPL017C,1
YPR006C,1
YPR059C,1
YPR075C,1
YPR170C,1
YPR195C,1
YJR150C,1
YPL207W,1
YNL057W,1
YPL147W,1
YPL027W,1
YPR064W,1
YJR126C,1
YKL105C,1
YPR153W,1
YPR201W,1
YBL101C,1
YBR045C,1
YPL062W,1
YNL097W-A,1
YJL045W,1
YJL042W,1
YLR285C-A,1
YKL197C,1
YLR398C,1
YLR406C-A,1
YLR408C,1
YLR412C-A,1
YKL220C,1
YLR415C,1
YLR428C,1
YLR436C,1
YLR460C,1
YLL015W,1
YLR080W,1
YLR086W,1
YLR111W,1
YLR217W,1
YLR307W,1
YLR281C,1
YLR280C,1
YLR236C,1
YLR235C,1
YKR009C,1
YKR015C,1
YKL129C,1
YKL107W,1
YKL101W,1
YKL083W,1
YKL064W,1
YKL053W,1
YLR381W,1
YKR028W,1
YKL151C,1
YLL063C,1
YLL013C,1
YLR053C,1
YLR055C,1
YLR084C,1
YKL169C,1
YLR127C,1
YKR075W-A,1
YDL035C,1
YLR400W,1
YML101C-A,1
YJR018W,1
YNL254C,1
YNL240C,1
YNL230C,1
YNL205C,1
YNL204C,1
YNL203C,1
YNL144C,1
YNL130C-A,1
YNR069C,1
YNR071C,1
YNL273W,1
YNL269W,1
YNL228W,1
YNL170W,1
YNL127W,1
YNL109W,1
YJR020W,1
YNL329C,1
YMR304W,1
YMR147W,1
YML089C,1
YML037C,1
YMR052C-A,1
YMR053C,1
YMR076C,1
YMR086C-A,1
YMR117C,1
YMR122C,1
YLR403W,1
YJR095W,1
YMR253C,1
YMR259C,1
YJR074W,1
YMR316C-A,1
YML002W,1
YMR064W,1
YMR066W,1
YMR094W,1
YJR086W,1
YDL019C,1
YPR115W,1
YGL158W,1
YER060W,1
YDR010C,1
YHR182C-A,1
YER024W,1
YEL008W,1
YAL002W,1
YHR193C-A,1
YJL129C,1
YEL059W,1
YER181C,1
YER135C,1
YGR068W-A,1
YER114C,1
YHL045W,1
YER039C-A,1
YHL042W,1
YGL063C-A,1
YHL015W,1
YDR442W,1
YJL107C,1
YHR050W-A,1
YDR425W,1
YDR403W,1
YHR056W-A,1
YER093C-A,1
YHR180C-B,1
YHR139C,1
YER137W-A,1
YFR027W,1
YGR126W,1
YHL046C,1
YFL036W,1
YHL037C,1
YGL223C,1
YGL222C,1
YHL023C,1
YAL047W-A,1
YGL194C,1
YHL005C,1
YJL160C,1
YGR107W,1
YHR007C-A,1
YFR031C,1
YGR097W,1
YHR022C-A,1
YAL027W,1
YFL021C-A,1
YHR073C-B,1
YGR072W,1
YFL025C,1
YHR097C,1
YFL050C,1
YHR136C,1
YJL170C,1
YHR116W,1
YDR351W,1
YFL008W,1
YIL086C,1
YIL059C,1
YAL037C-A,1
YIL026C,1
YGL015C,1
YAR035W,1
YJL056C,1
YGR213C,1
YIR018C-A,1
YIL159W,1
YDL248W,1
YDR535C,1
YDR507C,1
YAL054C,1
YDR423C,1
YJL038C,1
YDR407C,1
YIL046W-A,1
YDR305C,1
YIL015W,1
YDR256C,1
YGL125W,1
YJL027C,1
YIR014W,1
YJL216C,1
YAL018C,1
YHR157W,1
YGL156W,1
YDR048C,1
YDR206W,1
YGL013C,1
YDR182W-A,1
YDR180W,1
YGL007W,1
YJL211C,1
YDR125C,1
YDR146C,1
YDR106W,1
YAL029C,1
YGR039W,1
YDR003W,1
YDL025W-A,1
YGL006W,1
YDR166C,1
YAL004W,1
YIL166C,1
YGR259C,1
YMR180C,2
YMR218C,2
YML081W,2
YMR179W,2
YMR107W,2
YMR085W,2
YML127W,2
YMR024W,2
YMR012W,2
YGR064W,2
YML046W,2
YML100W-A,2
YMR185W,2
YMR176W,2
YDR017C,2
YGR131W,2
YIL169C,2
YIL160C,2
YIL147C,2
YLR047C,2
YIL132C,2
YLL020C,2
YLL032C,2
YLL038C,2
YLL042C,2
YKL033W,2
YKL044W,2
YIR002C,2
YIL116W,2
YKL121W,2
YKL210W,2
YKR005C,2
YKL055C,2
YLR189C,2
YHR206W,2
YHR175W,2
YLR272C,2
YGR224W,2
YGR225W,2
YGR281W,2
YMR037C,2
YML006C,2
YML072C,2
YML099C,2
YLR424W,2
YMR153C-A,2
YHR022C,2
YLR135W,2
YLL025W,2
YLL037W,2
YHL048W,2
YHL018W,2
YLR311C,2
YLR309C,2
YHR154W,2
YHR071C-A,2
YLR452C,2
YNL093W,2
YGL212W,2
YBL106C,2
YDR127W,2
YDR138W,2
YDR157W,2
YPR066W,2
YPR032W,2
YDR223W,2
YDR227W,2
YPL152W-A,2
YPL185W,2
YBL096C,2
YDR270W,2
YDR356W,2
YPR099C,2
YPR053C,2
YDR448W,2
YPL025C,2
YER039C,2
YER085C,2
YEL056W,2
YEL049W,2
YEL022W,2
YDR273W,2
YER038W-A,2
YBL067C,2
YBR182C,2
YDL024C,2
YDL215C,2
YDR173C,2
YDR228C,2
YCR106W,2
YCR075C,2
YCR073C,2
YCR064C,2
YCL026C-A,2
YBR203W,2
YBR174C,2
YBR184W,2
YBR109W-A,2
YBR032W,2
YBL037W,2
YBL046W,2
YDL240W,2
YDL218W,2
YBL085W,2
YDL206W,2
YDL149W,2
YDL041W,2
YBR178W,2
YOR384W,2
YOR381W-A,2
YOR349W,2
YGL193C,2
YGL188C-A,2
YNL015W,2
YGL179C,2
YGL124C,2
YGL064C,2
YNL103W-A,2
YGL023C,2
YNL117W,2
YNL145W,2
YGL199C,2
YGR071C,2
YGR087C,2
YGR122C-A,2
YNL298W,2
YGR188C,2
YNR056C,2
YNL106C,2
YNL114C,2
YGR229C,2
YGR236C,2
YGL258W,2
YNL234W,2
YOL145C,2
YGL230C,2
YFR012W-A,2
YER088W-B,2
YOR304W,2
YFL029C,2
YOR233W,2
YFL024C,2
YOR190W,2
YOR146W,2
YFR028C,2
YOR077W,2
YOL069W,2
YOL085W-A,2
YOL141W,2
YOL162W,2
YOL163W,2
YOL164W,2
YFR035C,2
YOR363C,2
YOR348C,2
YOR333C,2
YFL034W,2
YOR192C,2
YOR076C,2
YOR050C,2
YGL180W,2
YKL106C-A,2
YIR041W,2
YJR149W,2
YAR023C,2
YJR098C,2
YJL022W,2
YJL213W,2
YJL165C,2
YJL033W,2
YAL051W,2
YAR019C,2
YKL178C,2
YJR036C,2
YJR089W,2
YJL074C,2
YJR053W,2
YAL020C,2
YJL093C,2
YAL026C,2
YJL043W,2
YJL204C,3
YDR359C,3
YDR301W,3
YNL331C,3
YBR099C,3
YLR227C,3
YJL106W,3
YLR255C,3
YOR124C,3
YPR189W,3
YIL128W,3
YPR200C,3
YPL209C,3
YMR124W,3
YMR194C-A,3
YCR092C,3
YOR137C,3
YDR499W,3
YKL212W,3
YDR018C,3
YHR035W,3
YOR041C,3
YJR031C,3
YBR058C,3
YMR163C,3
YBL100W-C,3
YOR116C,3
YHR102W,3
YIL017C,3
YMR102C,3
YHR140W,3
YER037W,3
YKL072W,3
YGL041C,3
YGL244W,3
YDR524C-A,3
YOL106W,3
YLR067C,3
YBR238C,3
YPL116W,3
YLR040C,3
YER016W,3
YPR192W,3
YLR202C,3
YOR080W,3
YPL075W,3
YDR540C,3
YDR096W,3
YKL065W-A,3
YJR035W,3
YHR105W,3
YBR159W,3
YJR094C,3
YDR325W,3
YPL054W,3
YOL117W,3
YOR100C,3
YLR149C,3
YER180C,3
YDR534C,3
YIR020C,3
YDR103W,3
YDR028C,3
YLR319C,3
YEL061C,3
YPL264C,3
YKL010C,3
YOL025W,3
YDR097C,3
YOR219C,3
YOL028C,3
YDR120C,3
YER184C,3
YGR212W,3
YOR302W,3
YOR316C-A,3
YBL066C,3
YPL219W,3
YJL049W,3
YGR249W,3
YBL005W,3
YDR215C,3
YNL277W-A,3
YEL070W,3
YAL063C-A,3
YOR336W,3
YNR057C,3
YLR187W,3
YKL082C,3
YFL055W,3
YHL026C,3
YKL092C,3
YIR023W,3
YCR107W,3
YBL074C,3
YKR096W,3
YHR172W,3
YPR054W,3
YBL043W,3
YPL188W,3
YOR186W,3
YML020W,3
YJL090C,3
YDL221W,3
YIL054W,3
YIL089W,3
YKL038W,3
YFR045W,3
YPR055W,3
YOR034C-A,3
YEL067C,3
YER093C,3
YHL006W-A,3
YOR193W,3
YDL073W,3
YJR155W,3
YJL084C,3
YLR419W,3
YJL153C,3
YGR134W,3
YER175W-A,3
YPL125W,3
YDR042C,3
YER187W,3
YDR495C,4
YOL015W,4
YOR040W,4
YKR104W,4
YGR043C,4
YLR006C,4
YMR135C,4
YOL034W,4
YDR467C,4
YPL200W,4
YJL076W,4
YHR176W,4
YIL115C,4
YGR018C,4
YHR045W,4
YLR071C,4
YGR094W,4
YJL031C,4
YNL142W,4
YFR030W,4
YLR411W,4
YLL055W,4
YLR383W,4
YNL192W,4
YJL070C,4
YOR386W,4
YLR032W,4
YAL059W,4
YDR135C,4
YNL267W,4
YFL030W,4
YBL094C,4
YLR177W,4
YNR073C,4
YFL012W,4
YDL139C,4
YGR089W,4
YDR315C,4
YGL041C-B,4
YPL088W,4
YGL014W,4
YHR119W,4
YLR131C,4
YLR165C,4
YPL137C,4
YJR010W,4
YDR310C,4
YBR112C,4
YPL008W,4
YNL061W,4
YMR271C,4
YPR001W,4
YKL193C,4
YAL019W,4
YML076C,4
YPR030W,4
YPL174C,4
YMR279C,4
YFL020C,4
YEL034C-A,4
YCL055W,4
YPL257W,4
YML058W-A,4
YKL015W,4
YOR156C,4
YCR037C,4
YMR283C,4
YER180C-A,4
YMR030W,4
YGR201C,4
YPR081C,4
YDR461W,4
YCR010C,4
YML017W,4
YCR048W,4
YGL220W,4
YML088W,4
YPR015C,4
YOR324C,4
YCR099C,4
YCR073W-A,4
YIR033W,4
YPR146C,4
YCR068W,4
YIR029W,4
YOR058C,4
YGR067C,4
YOR062C,4
YIL113W,4
YBR147W,4
YKL171W,4
YMR007W,4
YKL205W,4
YCR025C,4
YIL101C,4
YMR175W,4
YBR237W,4
YML050W,4
YOR086C,5
YFR034C,5
YHR146W,5
YER158C,5
YJR059W,5
YOL157C,5
YNL092W,5
YFL001W,5
YKR079C,5
YOL097W-A,5
YPR049C,5
YDL150W,5
YMR127C,5
YOR173W,5
YPR123C,5
YJR115W,5
YPL077C,5
YDR122W,5
YNR044W,5
YHR069C-A,5
YOR127W,5
YJR110W,5
YDR243C,5
YDR317W,5
YML007C-A,5
YER096W,5
YPL153C,5
YDR369C,5
YFL021W,5
YBL047C,5
YOR300W,5
YHR077C,5
YER051W,5
YHR079C,5
YPR151C,5
YNL225C,5
YML041C,5
YDR113C,5
YGL094C,5
YLR289W,5
YKL071W,5
YPL113C,5
YGL075C,5
YHR027C,5
YJR004C,5
YER113C,5
YJL051W,5
YLR451W,5
YOL056W,5
YGR127W,5
YBL081W,5
YDR481C,5
YAR042W,5
YGR116W,5
YIL165C,5
YOR008W-B,5
YLR437C-A,5
YFL054C,5
YAR029W,5
YDL057W,5
YDR069C,5
YGR238C,5
YMR100W,5
YLR267W,5
YPL187W,5
YDL211C,5
YLL054C,5
YLL059C,5
YFR038W,5
YJL092W,5
YJL023C,5
YLR446W,5
YOR227W,5
YKR082W,5
YPR025C,5
YOR005C,5
YJR136C,5
YGR053C,5
YDR263C,5
YPR022C,5
YDR439W,5
YGR170W,5
YIL030C,5
YBR273C,5
YOR018W,5
YDL085W,5
YBR228W,5
YOR017W,5
YDR126W,5
YKR041W,5
YGR153W,5
YPL166W,5
YDL107W,5
YBR038W,5
YIL049W,5
YOR009W,5
YMR109W,5
YIL061C,5
YJR129C,6
YGR019W,6
YDR081C,6
YGR218W,6
YPL171C,6
YKR011C,6
YER075C,6
YLL043W,6
YLR233C,6
YLR453C,6
YMR129W,6
YFR034W-A,6
YIL144W,6
YBR285W,6
YDR295C,6
YGR090W,6
YPR047W,6
YOR162C,6
YOR318C,6
YML027W,6
YPR116W,6
YLL012W,6
YPR193C,6
YFR048W,6
YLL033W,6
YBR055C,6
YIL006W,6
YOR371C,6
YNL126W,6
YHR017W,6
YBR065C,6
YDR501W,6
YHR082C,6
YOL152W,6
YLR266C,6
YPR031W,6
YGR150C,6
YLR394W,6
YGL081W,6
YIL139C,6
YPR168W,6
YOL083W,6
YGR274C,6
YBR114W,6
YLR046C,6
YDR379W,6
YLR134W,6
YKR086W,6
YJL144W,6
YDR430C,6
YER174C,6
YAL015C,6
YBR223C,6
YEL023C,6
YOR030W,6
YDL216C,6
YCR008W,6
YJL206C,6
YOL072W,6
YLR174W,6
YMR303C,6
YMR304C-A,6
YLR263W,6
YIL038C,6
YCR006C,6
YKR091W,6
YDL187C,6
YMR068W,6
YJL162C,6
YJL020C,6
YMR169C,6
YLR004C,6
YGL007C-A,6
YBR270C,6
YIL002C,6
YLR116W,6
YDL104C,6
YER149C,6
YJL118W,6
YKL150W,6
YGR247W,6
YBR156C,6
YLR240W,6
YJL215C,6
YGL205W,6
YLR299W,6
YOR378W,6
YIR001C,6
YBR054W,6
YJR107W,6
YLR296W,6
YOL029C,6
YDR240C,6
YIL031W,6
YDL087C,6
YGR109C,6
YPL009C,6
YHR132W-A,6
YDR532C,6
YHR134W,6
YDR375C,6
YJL094C,6
YMR231W,6
YOR338W,6
YML117W,6
YBR033W,6
YGR014W,6
YGR194C,7
YEL008C-A,7
YNL304W,7
YKL091C,7
YHR130C,7
YOR346W,7
YBL104C,7
YDR213W,7
YDL176W,7
YJL149W,7
YOR308C,7
YFR016C,7
YPR104C,7
YFL014W,7
YAL037W,7
YBL052C,7
YKL036C,7
YMR025W,7
YER053C-A,7
YKL020C,7
YKL048C,7
YOR368W,7
YNL256W,7
YDR109C,7
YLR286W-A,7
YNL008C,7
YLL003W,7
YGR174W-A,7
YMR086W,7
YGR196C,7
YER028C,7
YJR146W,7
YLR164W,7
YKL017C,7
YCR083W,7
YNL328C,7
YJR152W,7
YOL155C,7
YGL032C,7
YCL032W,7
YPL233W,7
YKL106W,7
YHR120W,7
YGL263W,7
YLR035C,7
YDR014W,7
YOR098C,7
YOR106W,7
YMR031C,7
YOR109W,7
YBR165W,7
YNL201C,7
YJL141C,7
YGR006W,7
YCR102C,7
YJL108C,7
YOR012W,7
YJL047C,7
YIL117C,7
YOR010C,7
YBL019W,7
YDR504C,7
YKL149C,7
YDR421W,7
YLR001C,7
YDL102W,7
YDR419W,7
YMR262W,7
YPL189W,7
YOR038C,7
YMR266W,7
YLL031C,7
YMR288W,7
YOR022C,7
YLR205C,7
YGR287C,7
YGR138C,7
YKR049C,7
YLR389C,7
YEL073C,7
YDR536W,7
YGL201C,7
YBR210W,7
YNL183C,7
YOR151C,7
YLR443W,7
YNL077W,7
YGR258C,7
YGR233C,7
YML124C,7
YER150W,7
YFL027C,7
YLR456W,7
YDR076W,7
YOR211C,7
YDR343C,7
YER121W,7
YLR225C,7
YMR128W,7
YOR129C,7
YDL241W,7
YJR153W,7
YOL146W,7
YDR001C,7
YPL001W,7
YKR012C,7
YAL041W,8
YGR237C,8
YFL041W-A,8
YMR252C,8
YPL204W,8
YJL058C,8
YGR061C,8
YMR293C,8
YDR194C,8
YPR097W,8
YNR007C,8
YDL156W,8
YDL129W,8
YJR119C,8
YPL183C,8
YPL258C,8
YDL127W,8
YMR036C,8
YNL270C,8
YGL216W,8
YML118W,8
YGL062W,8
YDR080W,8
YGL240W,8
YPL114W,8
YMR316C-B,8
YMR174C,8
YJL194W,8
YPR002W,8
YPL005W,8
YER167W,8
YNL314W,8
YHR029C,8
YIR017C,8
YER162C,8
YFR018C,8
YOR289W,8
YDR171W,8
YBR141W-A,8
YHR075C,8
YJL127C,8
YHR090C,8
YDR191W,8
YKR097W,8
YAL031C,8
YOL011W,8
YKL162C,8
YJL154C,8
YLR442C,8
YAL062W,8
YJL087C,8
YLR095C,8
YLR102C,8
YLR108C,8
YDR058C,8
YBR157C,8
YBR063C,8
YJL156C,8
YIR042C,8
YNL091W,8
YIL126W,8
YNL278W,8
YOR180C,8
YBR235W,8
YKR075C,8
YLR137W,8
YHL016C,8
YLR138W,8
YKR046C,8
YIL030W-A,8
YER017C,8
YBR299W,8
YKL029C,9
YCR015C,9
YPL084W,9
YOL114C,9
YOR036W,9
YGL049C,9
YDR386W,9
YPL056C,9
YHR175W-A,9
YER040W,9
YER054C,9
YJL062W,9
YMR013W-A,9
YOR066W,9
YER045C,9
YDR003W-A,9
YML087C,9
YCL016C,9
YDR323C,9
YOR154W,9
YGL154C,9
YJL050W,9
YGL146C,9
YHR052W,9
YGL136C,9
YNL042W,9
YHR060W,9
YPL159C,9
YPL045W,9
YCL033C,9
YDL069C,9
YBR169C,9
YMR154C,9
YJR106W,9
YOR026W,9
YPL041C,9
YOL095C,9
YOR028C,9
YKL043W,9
YIL029C,9
YGL233W,9
YOR350C,9
YOL113W,9
YKL133C,9
YMR196W,9
YDR515W,9
YMR167W,9
YER161C,9
YGR146C-A,9
YBR161W,9
YGR283C,9
YIL112W,9
YOL151W,9
YML109W,9
YBR056W-A,9
YBR047W,9
YDL093W,9
YDL175C,9
YOR013W,9
YKL173W,9
YMR182C,9
YJL088W,9
YDL190C,9
YOL063C,9
YKR029C,9
YKR099W,9
YOL038C-A,9
YGR044C,9
YMR257C,9
YGR047C,9
YDR438W,9
YNL087W,9
YPR174C,9
YMR273C,9
YGR169C,9
YJR019C,9
YMR054W,9
YHR153C,9
YLR373C,9
YGL237C,9
YGR243W,9
YPL248C,9
YLR125W,9
YDR052C,9
YDR189W,9
YBR023C,9
YER176W,9
YLL002W,9
YLR357W,9
YHR131C,9
YLR148W,9
YHL010C,9
YNL023C,9
YGR256W,9
YLR057W,9
YLR342W-A,9
YNL327W,9
YML104C,9
YAL064W-B,9
YPR079W,9
YLR234W,9
YDR249C,9
YDR251W,9
YDR183C-A,9
YLR382C,9
YDR192C,9
YNL041C,9
YBL105C,9
YGR099W,9
YNL011C,10
YCR097W,10
YKR050W,10
YLR007W,10
YDR505C,10
YKR055W,10
YMR275C,10
YGL151W,10
YGR015C,10
YNL325C,10
YDR070C,10
YHR178W,10
YMR320W,10
YMR294W,10
YNL035C,10
YLL010C,10
YMR187C,10
YNL188W,10
YMR204C,10
YKL155C,10
YDL209C,10
YDR208W,10
YGL204C,10
YDR195W,10
YBL022C,10
YBR072W,10
YDR314C,10
YOR032C,10
YOR372C,10
YKR087C,10
YDR151C,10
YOR337W,10
YER101C,10
YHL014C,10
YLR274W,10
YGR292W,10
YBR289W,10
YDL207W,10
YKL026C,10
YPR107C,10
YDL195W,10
YIR010W,10
YMR003W,10
YOL154W,10
YIL153W,10
YIL161W,10
YBR098W,10
YGL227W,10
YBR119W,10
YPR135W,10
YER015W,10
YKL108W,10
YJL209W,10
YGL248W,10
YMR160W,10
YHR041C,10
YGR117C,10
YGR121C,10
YLR091W,10
YNL243W,10
YPL269W,10
YJL080C,10
YOR295W,10
YDR414C,10
YHR166C,10
YGL057C,10
YDR089W,10
YLR097C,10
YDL098C,10
YNL076W,10
YML061C,10
YML054C,10
YPL050C,10
YPR057W,10
YLR273C,10
YPL186C,10
YLR122C,10
YML015C,10
YOR083W,10
YMR055C,10
YDR311W,10
YBR007C,10
YER098W,10
YNR033W,10
YOR111W,10
YHR198C,10
YNL321W,10
YNL133C,10
YOR107W,10
YLR294C,10
YMR112C,10
YOR206W,10
YNL082W,10
YDL115C,10
YDR027C,10
YOR075W,10
YPL241C,10
YLR337C,10
YIR034C,11
YKL179C,11
YCL063W,11
YMR152W,11
YOR256C,11
YKL139W,11
YLR120W-A,11
YKL057C,11
YCL058W-A,11
YIR030C,11
YCR024C-A,11
YER188W,11
YDL138W,11
YNL032W,11
YHL040C,11
YIR008C,11
YDL044C,11
YNL009W,11
YNL233W,11
YDR130C,11
YIR025W,11
YKL084W,11
YKL134C,11
YGR248W,11
YIL162W,11
YBR095C,11
YPR141C,11
YJL187C,11
YGR168C,11
YML005W,11
YOR329C,11
YPR178W,11
YLR346C,11
YML075C,11
YCR054C,11
YFR043C,11
YML019W,11
YAL047C,11
YBR059C,11
YML107C,11
YLR210W,11
YGR250C,11
YFL031W,11
YCR067C,11
YOR160W,11
YJL119C,11
YHR038W,11
YIL140W,11
YDL028C,11
YDR541C,11
YIR005W,11
YLR246W,11
YNL103W,11
YNL315C,11
YBR138C,11
YMR182W-A,11
YDL199C,11
YDR485C,11
YOR003W,11
YOL070C,11
YOL065C,11
YDR303C,11
YPL096W,11
YNL276C,11
YGR166W,11
YMR080C,11
YMR077C,11
YDR444W,11
YOR266W,11
YOL043C,11
YDR085C,11
YGR125W,11
YPR094W,11
YMR289W,11
YHR171W,11
YDR222W,11
YDL021W,11
YHR159W,11
YDL158C,11
YGL066W,11
YNL050C,11
YMR316W,11
YLR404W,11
YDL160C,11
YGR001C,11
YHR133C,11
YGL093W,11
YDR358W,11
YPL069C,11
YBL031W,11
YOL033W,11
YKR101W,11
YLR126C,11
YER041W,11
YDR013W,11
YLR017W,11
YDR336W,11
YEL066W,11
YDL086C-A,11
YKR021W,11
YKL042W,11
YGR222W,11
YEL062W,11
YMR192W,11
YNL249C,11
YGR206W,11
YLL004W,11
YAL011W,11
YAR014C,11
YDR258C,11
YJL199C,11
YOL071W,11
YEL043W,11
YDR259C,11
YOL082W,12
YOL128C,12
YGR179C,12
YNL068C,12
YEL004W,12
YPL252C,12
YOR114W,12
YDR335W,12
YER170W,12
YNL236W,12
YJL082W,12
YOR047C,12
YOR376W-A,12
YER076C,12
YNL027W,12
YDR124W,12
YOL042W,12
YOR181W,12
YOR161W-A,12
YPR003C,12
YOR161W-B,12
YMR113W,12
YJL181W,12
YDR083W,12
YGR161C,12
YOR366W,12
YMR210W,12
YMR281W,12
YJL132W,12
YEL072W,12
YMR087W,12
YGR073C,12
YOR188W,12
YNL277W,12
YPL168W,12
YLR041W,12
YDL243C,12
YBR062C,12
YGL215W,12
YHL036W,12
YGL059W,12
YHR210C,12
YGL045W,12
YLR288C,12
YGL016W,12
YDR387C,12
YDR054C,12
YBR108W,12
YKL222C,12
YBR229C,12
YPL074W,12
YHR061C,12
YIL075C,12
YMR282C,12
YLR277C,12
YLR239C,12
YDL106C,12
YLR139C,12
YPL195W,12
YJL085W,12
YDR470C,12
YGL174W,12
YJR084W,12
YHR073W,12
YDL183C,12
YBL095W,12
YGL208W,12
YMR261C,12
YIL146C,12
YMR268C,12
YLR211C,12
YLR228C,12
YKR077W,12
YML100W,12
YMR047C,12
YBR239C,12
YDR239C,12
YML021C,12
YLR352W,12
YGR023W,12
YKR089C,12
YLR275W,12
YKR098C,12
YGR223C,12
YLR362W,12
YKR010C,12
YPL030W,12
YKR053C,12
YDR333C,12
YJR054W,12
YGR096W,12
YCL051W,12
YLR115W,12
YKL054C,12
YKL176C,13
YMR284W,13
YML095C,13
YPR121W,13
YJL185C,13
YNR015W,13
YMR158C-A,13
YHR085W,13
YNR014W,13
YLR405W,13
YLR407W,13
YPR019W,13
YLR426W,13
YBR129C,13
YLR450W,13
YER125W,13
YJR142W,13
YGR198W,13
YHR034C,13
YHR058C,13
YJR141W,13
YMR056C,13
YPL112C,13
YLL026W,13
YDL001W,13
YDR021W,13
YDR254W,13
YJL126W,13
YDR074W,13
YLR145W,13
YDR145W,13
YJR109C,13
YLR219W,13
YLR226W,13
YGL056C,13
YDR186C,13
YFR046C,13
YGR278W,13
YLR313C,13
YBL051C,13
YJL147C,13
YNL152W,13
YDR363W,13
YMR201C,13
YOR161C,13
YBR168W,13
YIL107C,13
YMR308C,13
YIL096C,13
YBR083W,13
YIL057C,13
YBR212W,13
YCL004W,13
YDL122W,13
YPL230W,13
YGL247W,13
YDR437W,13
YOR054C,13
YER130C,13
YOR059C,13
YOL090W,13
YDL119C,13
YKL079W,13
YGL255W,13
YGR289C,13
YMR148W,13
YIL122W,13
YOL107W,13
YOL125W,13
YML065W,13
YPL245W,13
YOL013C,13
YML014W,13
YKL124W,13
YHR182W,13
YGL192W,13
YIL095W,13
YMR234W,13
YJR016C,13
YJL116C,13
YGR057C,13
YJR047C,13
YER011W,13
YOL098C,13
YMR270C,13
YIR007W,13
YER105C,13
YKR064W,13
YJR057W,13
YIR018W,13
YOL044W,13
YER038C,13
YIL125W,14
YIL134W,14
YOR356W,14
YPR071W,14
YOR352W,14
YJL102W,14
YBR215W,14
YIL001W,14
YDR200C,14
YFL023W,14
YIL040W,14
YPL253C,14
YJR132W,14
YJL172W,14
YFR008W,14
YDR282C,14
YNR011C,14
YIL097W,14
YCR011C,14
YPL250C,14
YOR284W,14
YDR179C,14
YBR070C,14
YOL031C,14
YNL051W,14
YBR102C,14
YOL052C-A,14
YNL036W,14
YHR067W,14
YHR073W-A,14
YBR281C,14
YHR187W,14
YOR032W-A,14
YDR389W,14
YDL145C,14
YLR042C,14
YKL165C,14
YOL036W,14
YBR057C,14
YBR049C,14
YHL044W,14
YKL123W,14
YOL115W,14
YNL261W,14
YCL039W,14
YCL034W,14
YNL253W,14
YJR021C,14
YFR041C,14
YDR132C,14
YHR100C,14
YHR151C,14
YIL024C,14
YKL051W,14
YKR023W,14
YNL123W,14
YKR039W,14
YLL008W,14
YPR046W,14
YOR292C,14
YJR050W,14
YMR114C,14
YNL313C,14
YPL105C,14
YDR350C,14
YPL011C,14
YDR034W-B,14
YPL052W,14
YPR068C,14
YMR250W,14
YDL105W,14
YJR008W,14
YDR075W,14
YPL065W,14
YDL233W,14
YPL180W,14
YMR063W,14
YDR520C,14
YJL193W,14
YPL267W,14
YGL113W,14
YGL009C,14
YNL272C,14
YIL044C,15
YBR074W,15
YDR205W,15
YGR003W,15
YLR072W,15
YGL110C,15
YER079W,15
YOR056C,15
YHR028C,15
YGL254W,15
YNL224C,15
YKL086W,15
YPL051W,15
YNL287W,15
YNL289W,15
YPL255W,15
YHL019C,15
YHL021C,15
YHR046C,15
YPL119C-A,15
YPL095C,15
YCR095W-A,15
YOR087W,15
YLR144C,15
YER022W,15
YPL032C,15
YER081W,15
YMR165C,15
YOR037W,15
YDL036C,15
YMR156C,15
YOL102C,15
YDR395W,15
YLR010C,15
YPL120W,15
YNL073W,15
YPL055C,15
YOL017W,15
YDL224C,15
YLR376C,15
YPL222W,15
YDR436W,15
YOR195W,15
YDL013W,15
YBR004C,15
YIR032C,15
YFL034C-B,15
YBR006W,15
YLR431C,15
YIL104C,15
YMR130W,15
YPL228W,15
YLR099C,15
YMR028W,15
YML043C,15
YPR008W,15
YLR271W,15
YDR060W,15
YOR144C,15
YBR217W,15
YJR052W,15
YKL046C,15
YNR036C,15
YJL057C,15
YCR024C-B,15
YPL022W,15
YML011C,15
YOR166C,15
YLR251W,15
YFL047W,15
YGR058W,15
YGL163C,15
YPR155C,15
YCR095C,15
YJR055W,15
YKL122C,15
YGL127C,15
YML025C,15
YPL003W,15
YGL128C,15
YPL007C,16
YDL238C,16
YDR506C,16
YDR006C,16
YNL316C,16
YHL028W,16
YJL046W,16
YHL004W,16
YOL067C,16
YLR347C,16
YBL025W,16
YGL071W,16
YOR176W,16
YDL169C,16
YKL198C,16
YGR202C,16
YMR106C,16
YBR037C,16
YBL060W,16
YGL082W,16
YAL034W-A,16
YOR044W,16
YNR012W,16
YCR007C,16
YMR291W,16
YPL178W,16
YDR108W,16
YLR045C,16
YNR027W,16
YGR093W,16
YJL176C,16
YOR306C,16
YLR136C,16
YLR123C,16
YDL088C,16
YER032W,16
YGR030C,16
YHR087W,16
YMR048W,16
YDR458C,16
YBR107C,16
YGL185C,16
YEL003W,16
YMR040W,16
YGL166W,16
YOR112W,16
YDR110W,16
YDL045C,16
YPL194W,16
YLR459W,16
YPL249C,16
YGL005C,16
YML097C,16
YNL080C,16
YOR322C,16
YNL197C,16
YMR184W,16
YKL204W,16
YCR063W,16
YMR144W,16
YMR310C,16
YER183C,16
YGR154C,16
YML094W,16
YJR043C,16
YFL013C,16
YBR179C,16
YHR092C,16
YAL055W,16
YNL214W,16
YJL200C,16
YIL047C,16
YOR035C,16
YGL104C,16
YGR004W,16
YDR142C,16
YOR367W,16
YKL217W,16
YJR068W,16
YML031W,16
YJL146W,16
YNR067C,16
YBR131W,16
YIL045W,16
YNL029C,16
YMR198W,16
YDR185C,16
YKR017C,16
YKL125W,16
YOL009C,16
YOL123W,16
YDR072C,16
YLR423C,16
YIR011C,16
YNL238W,16
YKR022C,16
YKR037C,16
YMR023C,16
YPL226W,16
YGR005C,17
YKL073W,17
YNR047W,17
YHR167W,17
YPR199C,17
YOR115C,17
YER021W,17
YCL008C,17
YCR077C,17
YML077W,17
YPR194C,17
YGL139W,17
YBR183W,17
YKL126W,17
YMR140W,17
YCR021C,17
YOR249C,17
YIL119C,17
YBL020W,17
YMR274C,17
YDL235C,17
YMR299C,17
YKR051W,17
YEL028W,17
YOL059W,17
YER061C,17
YBR003W,17
YPR005C,17
YGR050C,17
YMR265C,17
YLL056C,17
YIL150C,17
YGR078C,17
YDL159W,17
YDR416W,17
YMR309C,17
YDR400W,17
YBR213W,17
YOL073C,17
YLL034C,17
YKL049C,17
YHR194W,17
YLR022C,17
YPR186C,17
YIL042C,17
YJR040W,17
YBR262C,17
YGR065C,17
YDR313C,17
YPL060W,17
YGL053W,17
YFR022W,17
YGL167C,17
YDL017W,17
YLR363C,17
YDR422C,17
YLR336C,17
YGL010W,17
YHL017W,17
YGR046W,17
YDR184C,17
YNL306W,17
YER169W,17
YOR168W,17
YMR016C,17
YDR329C,17
YNL292W,17
YDR066C,17
YFL044C,17
YKL213C,17
YPR089W,17
YDR165W,17
YFR013W,17
YPR112C,17
YLR393W,17
YDR088C,17
YMR067C,17
YNL247W,17
YBL010C,17
YHR118C,17
YLR457C,17
YPR127W,17
YPL139C,17
YJL145W,17
YOR212W,17
YDL003W,17
YBR001C,17
YHR036W,17
YDR288W,17
YDL091C,17
YPL158C,17
YDL080C,17
YJR096W,17
YLR215C,17
YPL152W,17
YNL021W,17
YDR121W,17
YGR142W,17
YNL024C,17
YHR106W,17
YJR003C,17
YPR140W,17
YPR185W,17
YGR088W,17
YNL326C,17
YMR126C,17
YDR137W,17
YFL026W,17
YGL229C,17
YDR253C,17
YOR140W,17
YPL018W,17
YLR128W,18
YOR357C,18
YOR360C,18
YIL009C-A,18
YGR268C,18
YPR061C,18
YIL014C-A,18
YDR370C,18
YOR381W,18
YKL011C,18
YAR028W,18
YOR171C,18
YCR044C,18
YPL014W,18
YLR142W,18
YDR266C,18
YOR155C,18
YDR057W,18
YGR171C,18
YPL156C,18
YAR027W,18
YPR045C,18
YNL309W,18
YHL020C,18
YBL103C,18
YNR013C,18
YKL098W,18
YPL146C,18
YBR194W,18
YLR252W,18
YNR039C,18
YBR175W,18
YKR092C,18
YLR297W,18
YGR120C,18
YPL254W,18
YPR196W,18
YHR144C,18
YJR013W,18
YEL055C,18
YPR048W,18
YER133W,18
YNL097C,18
YOL105C,18
YNL038W,18
YCL026C-B,18
YDR318W,18
YDL022W,18
YDR320W-B,18
YER069W,18
YGL004C,18
YOR147W,18
YDL142C,18
YJL180C,18
YPL031C,18
YMR168C,18
YLR166C,18
YHR109W,18
YDR332W,18
YLR146C,18
YJL059W,18
YLR082C,18
YMR061W,18
YDR475C,18
YIR021W,18
YLR178C,18
YKL135C,18
YNL125C,18
YDL203C,18
YHR063C,18
YDR183W,18
YBL033C,18
YOR269W,18
YOR023C,18
YBL014C,18
YNL186W,18
YNL258C,18
YOR238W,18
YNL047C,18
YPR056W,18
YLR418C,18
YHR156C,18
YBR042C,18
YBL058W,18
YHR002W,18
YNL085W,18
YHL002W,18
YDR265W,18
YJR076C,18
YPR167C,18
YLR323C,18
YKR078W,18
YPR010C,18
YOR172W,18
YPL259C,19
YCL047C,19
YCR027C,19
YEL059C-A,19
YPR086W,19
YEL029C,19
YBR195C,19
YPR134W,19
YDR279W,19
YDR019C,19
YDL005C,19
YBR086C,19
YDL177C,19
YOR014W,19
YPL097W,19
YDR449C,19
YPL196W,19
YPL020C,19
YDL054C,19
YDR371W,19
YBR197C,19
YDR352W,19
YDR316W,19
YPL177C,19
YDR514C,19
YBR087W,19
YDL230W,19
YPL172C,19
YPR157W,19
YPR158W,19
YPR171W,19
YJL218W,19
YDR229W,19
YOR355W,19
YBL091C-A,19
YDL123W,19
YBL057C,19
YBR111W-A,19
YPL229W,19
YBR094W,19
YDR478W,19
YPR120C,19
YKL113C,19
YLR361C,19
YGR035C,19
YLR375W,19
YGL043W,19
YKL163W,19
YMR206W,19
YLR326W,19
YHR168W,19
YOR060C,19
YMR111C,19
YNL072W,19
YIL067C,19
YNL107W,19
YGL144C,19
YGR130C,19
YGL164C,19
YIL050W,19
YGL073W,19
YOR052C,19
YLL022C,19
YAL040C,19
YKL047W,19
YIL071C,19
YKL061W,19
YML086C,19
YKL068W,19
YKL148C,19
YNL263C,19
YIL114C,19
YJR032W,19
YJR015W,19
YIL007C,19
YGR111W,19
YNR048W,19
YGR016W,19
YNR040W,19
YOL006C,19
YGR136W,19
YMR166C,19
YMR125W,19
YJR097W,19
YLR284C,19
YFL016C,19
YLR068W,19
YGL159W,19
YMR239C,19
YOR152C,19
YNL216W,19
YFR002W,19
YFL009W,19
YHR098C,19
YML112W,19
YLR399C,19
YEL005C,19
YGR246C,19
YIR009W,19
YNL293W,19
YHL039W,19
YML036W,19
YMR052W,19
YLR213C,19
YKL018W,19
YHR005C,19
YHR103W,19
YMR075W,19
YGL176C,19
YHR084W,19
YGR177C,19
YKR006C,19
YKR014C,19
YDL113C,20
YNL146W,20
YFL041W,20
YLR182W,20
YAL028W,20
YOR377W,20
YNL136W,20
YBL009W,20
YAR007C,20
YLR147C,20
YNL317W,20
YHR123W,20
YCR091W,20
YOL108C,20
YBR130C,20
YCR079W,20
YHL007C,20
YOL096C,20
YGR074W,20
YLR396C,20
YJR010C-A,20
YLR427W,20
YJL161W,20
YLR245C,20
YJL142C,20
YOR262W,20
YDR197W,20
YER112W,20
YPR119W,20
YLR360W,20
YHR152W,20
YDR049W,20
YHR197W,20
YGL143C,20
YDR322W,20
YLR103C,20
YER066W,20
YPR084W,20
YPR083W,20
YDR331W,20
YFR005C,20
YLR287C,20
YDL200C,20
YPL123C,20
YLR237W,20
YLR168C,20
YLR290C,20
YER014W,20
YOR048C,20
YCL005W,20
YMR081C,20
YDR383C,20
YGR221C,20
YMR001C,20
YJL131C,20
YDR459C,20
YOL003C,20
YPR179C,20
YOR138C,20
YOR251C,20
YOR307C,20
YIL108W,20
YOR049C,20
YGL141W,20
YGL061C,20
YDR466W,20
YCL044C,20
YKL023W,20
YOR343C,20
YKL025C,20
YIL005W,20
YGR056W,20
YPL213W,20
YOL023W,20
YKL074C,20
YGL044C,20
YIL036W,20
YJL083W,20
YLR283W,21
YDR489W,21
YLR312C,21
YBR201C-A,21
YDL110C,21
YOL142W,21
YPR172W,21
YBR216C,21
YDL117W,21
YMR132C,21
YLR270W,21
YPR029C,21
YGR288W,21
YLR151C,21
YDR252W,21
YJL063C,21
YBL055C,21
YLR242C,21
YAR033W,21
YGR263C,21
YBL080C,21
YNL222W,21
YDR153C,21
YBR259W,21
YLR207W,21
YHR088W,21
YDR022C,21
YDR473C,21
YIL092W,21
YDL076C,21
YIL106W,21
YOR385W,21
YBR200W,21
YDR244W,21
YLR132C,21
YMR119W-A,21
YOR380W,21
YIR004W,21
YDR030C,21
YDL030W,21
YPL006W,21
YIL137C,21
YKR074W,21
YGR092W,21
YAL032C,21
YKR061W,21
YGL027C,21
YJR116W,21
YML060W,21
YKL089W,21
YKR058W,21
YJL103C,21
YKR027W,21
YER001W,21
YOL052C,21
YOL060C,21
YPL068C,21
YNL264C,21
YKR007W,21
YML074C,21
YPL071C,21
YOL032W,21
YLR317W,21
YEL041W,21
YNL227C,21
YCR098C,21
YPL107W,21
YGR068C,21
YBR254C,21
YDR312W,21
YDR255C,21
YGL050W,21
YLR020C,21
YIL154C,21
YHR202W,21
YOR319W,21
YPR101W,21
YCL031C,21
YCL054W,21
YJR083C,21
YNR023W,21
YOL076W,21
YDR440W,21
YPL128C,21
YCR017C,21
YML093W,22
YGL241W,22
YDR067C,22
YNR041C,22
YDR116C,22
YDR078C,22
YDR119W,22
YDL010W,22
YDR498C,22
YDR338C,22
YGR028W,22
YNL219C,22
YMR026C,22
YDL031W,22
YGR012W,22
YLR390W,22
YMR060C,22
YMR211W,22
YPR129W,22
YPR137W,22
YNL176C,22
YLR306W,22
YDR451C,22
YGR104C,22
YDR461C-A,22
YMR136W,22
YHL009C,22
YDR082W,22
YGL116W,22
YLR141W,22
YAL053W,22
YGL246C,22
YBL075C,22
YFR029W,22
YGL145W,22
YLR079W,22
YDR118W,22
YDR065W,22
YCL010C,22
YBR103W,22
YOL041C,22
YBR255W,22
YKR048C,22
YOR141C,22
YER137C,22
YJL041W,22
YNL191W,22
YEL031W,22
YER140W,22
YOL027C,22
YOL022C,22
YOL018C,22
YBR201W,22
YLR105C,22
YLR114C,22
YDR262W,22
YOR079C,22
YOL054W,22
YJL155C,22
YIL019W,22
YFL048C,22
YEL039C,22
YDL164C,22
YFR039C,22
YDR020C,22
YEL053C,22
YKR095W-A,22
YBR028C,22
YNL045W,22
YJR017C,22
YKR035W-A,22
YOR279C,22
YLL036C,22
YEL060C,22
YBR264C,22
YLL039C,23
YDR289C,23
YMR021C,23
YAL013W,23
YPL042C,23
YNL231C,23
YPL089C,23
YEL006W,23
YPL064C,23
YMR078C,23
YIL004C,23
YOR004W,23
YKL191W,23
YMR089C,23
YGR257C,23
YOR288C,23
YML080W,23
YER010C,23
YCL038C,23
YGR239C,23
YMR005W,23
YMR272C,23
YKL024C,23
YMR224C,23
YPR128C,23
YOR335C,23
YGR180C,23
YPR105C,23
YOR354C,23
YMR096W,23
YGL119W,23
YJR046W,23
YKR088C,23
YPL149W,23
YMR161W,23
YBR202W,23
YOL140W,23
YDR494W,23
YDR347W,23
YIL152W,23
YMR097C,23
YKL157W,23
YGR062C,23
YOR070C,23
YDR031W,23
YOR334W,23
YJL048C,23
YJL025W,23
YNL232W,23
YHR148W,23
YJL006C,23
YDR219C,23
YGR260W,23
YPL191C,23
YPL256C,23
YPR180W,23
YER157W,23
YHR031C,23
YGL224C,23
YBR120C,23
YLR241W,23
YNL138W-A,23
YNL165W,23
YNL162W-A,23
YHR111W,23
YOR220W,23
YOR223W,23
YDL033C,23
YLR059C,23
YDR131C,23
YBR258C,23
YHR205W,23
YOR110W,23
YLR409C,23
YAL061W,23
YDR147W,23
YNR035C,23
YLR321C,23
YNL180C,23
YNL160W,23
YFR026C,23
YLR051C,23
YBL023C,23
YOL144W,24
YDR453C,24
YKL214C,24
YMR177W,24
YNL286W,24
YNL288W,24
YML052W,24
YCL049C,24
YOL130W,24
YDL065C,24
YGR261C,24
YDL108W,24
YIL111W,24
YMR059W,24
YGL067W,24
YCL059C,24
YBR290W,24
YDL170W,24
YER052C,24
YBR079C,24
YGL232W,24
YHR048W,24
YHR059W,24
YLR254C,24
YBR053C,24
YCR057C,24
YHR091C,24
YBR050C,24
YOR305W,24
YLR107W,24
YPR162C,24
YEL063C,24
YER144C,24
YDR415C,24
YPR160W,24
YEL032W,24
YLL051C,24
YNL167C,24
YGR029W,24
YGL077C,24
YKL078W,24
YKR008W,24
YER049W,24
YOL008W,24
YDL234C,24
YIL068C,24
YIL135C,24
YNL063W,24
YDL008W,24
YIL105C,24
YJL016W,24
YPL029W,24
YBR260C,24
YDR460W,24
YDL092W,24
YPL140C,24
YIR031C,24
YPL039W,24
YPR182W,24
YMR228W,24
YOR085W,24
YKL142W,24
YMR034C,24
YBR176W,24
YKL112W,24
YCL036W,24
YMR013C,24
YBR298C,24
YPR070W,24
YBL008W,25
YBR026C,25
YDL188C,25
YCL029C,25
YDL144C,25
YML119W,25
YPL270W,25
YPR065W,25
YGR286C,25
YML131W,25
YCL045C,25
YKL062W,25
YCR066W,25
YIL158W,25
YBR166C,25
YBR132C,25
YDR410C,25
YIR039C,25
YDR143C,25
YBR153W,25
YBR233W,25
YBR253W,25
YGR252W,25
YBR265W,25
YPR159W,25
YKL194C,25
YGR048W,25
YBR198C,25
YJR143C,25
YDR502C,25
YDR503C,25
YPL203W,25
YGL226W,25
YHR209W,25
YOR287C,25
YPR190C,25
YFR004W,25
YNL025C,25
YOR057W,25
YNL115C,25
YJL066C,25
YOL101C,25
YEL012W,25
YOL064C,25
YOL062C,25
YDR434W,25
YMR173W-A,25
YNL221C,25
YPL109C,25
YOR051C,25
YOR064C,25
YPL057C,25
YDR469W,25
YNL311C,25
YGR075C,25
YMR202W,25
YJL201W,25
YGL008C,25
YPL002C,25
YGR002C,25
YMR267W,25
YDR484W,25
YPL026C,25
YNR002C,25
YNR034W-A,25
YOR131C,25
YDR176W,25
YER068W,25
YOR245C,25
YNL218W,25
YOR273C,25
YNL193W,25
YNL124W,25
YJL036W,25
YNL132W,25
YFL042C,26
YOR165W,26
YLR449W,26
YLR221C,26
YPR040W,26
YDR320C,26
YGR080W,26
YBR111C,26
YNL181W,26
YER171W,26
YPL038W,26
YOR236W,26
YER139C,26
YGR129W,26
YJR067C,26
YNL100W,26
YHR150W,26
YLR152C,26
YER151C,26
YLR098C,26
YML023C,26
YCR087C-A,26
YCR084C,26
YGR042W,26
YDR034C,26
YJL183W,26
YAL010C,26
YBR034C,26
YDR036C,26
YDR051C,26
YNR034W,26
YJR100C,26
YHR101C,26
YNR004W,26
YLR003C,26
YHR012W,26
YKR069W,26
YLR016C,26
YFR036W,26
YEL038W,26
YER019W,26
YOL126C,26
YHL029C,26
YBR041W,26
YNL164C,26
YEL018W,26
YGR186W,26
YPL151C,26
YLR037C,26
YNL065W,26
YLR368W,26
YKL080W,26
YBR231C,26
YLR026C,26
YDR392W,26
YGR205W,26
YBR278W,26
YMR227C,26
YCL052C,26
YPR037C,26
YOR207C,26
YMR020W,26
YGR102C,26
YMR072W,26
YGL210W,26
YDR411C,26
YBR286W,26
YJL035C,26
YIL028W,26
YDL146W,26
YAL009W,26
YGL160W,26
YML116W,26
YPL265W,26
YJL125C,26
YKL059C,26
YGL106W,26
YJL047C-A,26
YHR129C,27
YAL035W,27
YLR005W,27
YLL062C,27
YLR025W,27
YFR007W,27
YHR043C,27
YJL137C,27
YLR133W,27
YKL144C,27
YPL155C,27
YIL131C,27
YDR198C,27
YIL063C,27
YPL190C,27
YJL173C,27
YPL176C,27
YNL175C,27
YNL140C,27
YER004W,27
YDR061W,27
YDR236C,27
YHL032C,27
YBL107C,27
YJR135C,27
YFL049W,27
YBR236C,27
YBR091C,27
YOR257W,27
YMR004W,27
YLR073C,27
YDR533C,27
YHR040W,27
YDL040C,27
YLR201C,27
YGL250W,27
YLR085C,27
YNL157W,27
YDR246W,27
YML070W,27
YDL111C,27
YKL159C,27
YHR037W,27
YDL148C,27
YAL025C,27
YJL010C,27
YDR330W,27
YDR140W,27
YER107C,27
YBL090W,27
YAL021C,27
YER078C,27
YOR303W,27
YNR006W,27
YLL007C,27
YLR298C,27
YML034W,27
YOR213C,27
YNR008W,27
YER091C,27
YJR093C,27
YJR117W,27
YCL057W,27
YJR025C,27
YKR019C,27
YCR043C,27
YER116C,27
YBR163W,27
YNL265C,27
YGR021W,27
YOL019W,27
YGR163W,27
YOR128C,27
YPR009W,27
YMR041C,27
YKR081C,27
YPL070W,27
YMR029C,27
YOR034C,27
YMR278W,28
YHR201C,28
YDL205C,28
YFL052W,28
YJL134W,28
YML101C,28
YDR257C,28
YJL163C,28
YGR197C,28
YLL028W,28
YML068W,28
YBL050W,28
YAL060W,28
YGL157W,28
YDR118W-A,28
YDR123C,28
YDR435C,28
YJL168C,28
YGR112W,28
YHR039C-A,28
YNL043C,28
YLR090W,28
YCR005C,28
YOR332W,28
YIL011W,28
YOL092W,28
YOR244W,28
YKL114C,28
YIL103W,28
YDR530C,28
YOR258W,28
YDR237W,28
YDL225W,28
YCL037C,28
YOR150W,28
YKR026C,28
YMR276W,28
YMR104C,28
YOR216C,28
YGR077C,28
YKL110C,28
YDR242W,28
YJR112W-A,28
YMR269W,28
YMR189W,28
YHR208W,28
YPL066W,28
YNL075W,28
YMR301C,28
YBR204C,28
YPR118W,28
YNL118C,28
YDR427W,28
YEL013W,28
YPR100W,28
YOL021C,28
YHL013C,28
YDR267C,28
YCR086W,28
YCR020W-B,28
YJL100W,28
YMR035W,28
YGL083W,28
YKL090W,28
YLR353W,28
YDR380W,28
YKR076W,28
YAL056W,28
YJL029C,28
YDR286C,28
YJL071W,28
YKL005C,28
YDL020C,29
YHR192W,29
YEL011W,29
YMR233W,29
YDL015C,29
YER127W,29
YPR085C,29
YIL118W,29
YAR008W,29
YLR050C,29
YOR145C,29
YEL048C,29
YOR274W,29
YKR002W,29
YBR267W,29
YKL052C,29
YNL173C,29
YPL138C,29
YDL141W,29
YGR106C,29
YNL155W,29
YDL090C,29
YJL133C-A,29
YDR235W,29
YER110C,29
YBR141C,29
YBR105C,29
YDR275W,29
YPR109W,29
YJL196C,29
YLR194C,29
YLR315W,29
YMR013C-A,29
YMR277W,29
YPR016C,29
YPL034W,29
YOR275C,29
YDR168W,29
YCR024C,29
YOR071C,29
YMR032W,29
YDR284C,29
YNL312W,29
YDR181C,29
YDL160C-A,29
YDR337W,29
YHL008C,29
YJR042W,29
YOL086W-A,29
YDR169C,29
YDR531W,29
YLR019W,29
YBL035C,29
YBL032W,29
YDL182W,29
YGL107C,29
YGL153W,29
YKL093W,29
YMR222C,29
YPR036W-A,29
YNL299W,29
YNL320W,29
YDR393W,29
YCL005W-A,29
YHR195W,29
YNL151C,29
YNL305C,29
YAL016W,29
YPL202C,29
YJL212C,29
YIR024C,29
YLR214W,29
YKR024C,29
YLR204W,29
YGR200C,29
YKR020W,29
YNR032W,30
YKR004C,30
YIR016W,30
YJL073W,30
YKL208W,30
YCR016W,30
YOR015W,30
YOL010W,30
YNL101W,30
YAL046C,30
YOR280C,30
YCR035C,30
YCR003W,30
YOL094C,30
YBR160W,30
YEL064C,30
YNR045W,30
YBR241C,30
YER007W,30
YNL048W,30
YJR044C,30
YIL079C,30
YBR158W,30
YKR030W,30
YBR287W,30
YBR222C,30
YJL112W,30
YCR061W,30
YGL085W,30
YPR175W,30
YNL163C,30
YNL159C,30
YJL198W,30
YGL114W,30
YLR291C,30
YFR017C,30
YGL101W,30
YAL042W,30
YLR188W,30
YGR026W,30
YNL237W,30
YMR137C,30
YLR316C,30
YPL212C,30
YBR036C,30
YPL124W,30
YNL295W,30
YDR424C,30
YJL171C,30
YDR362C,30
YNR037C,30
YBL064C,30
YHR069C,30
YPL099C,30
YPR160W-A,30
YLR021W,30
YDL042C,30
YNL166C,30
YNL200C,30
YLR222C,30
YPL221W,30
YML013W,30
YDL236W,30
YBR089C-A,30
YJL004C,30
YOR231W,30
YNL202W,30
YPR147C,30
YGR156W,30
YGR141W,30
YGL129C,30
YGL209W,30
YOL159C,31
YOL048C,31
YER142C,31
YDR492W,31
YKR060W,31
YJL068C,31
YGL091C,31
YIL020C,31
YJL128C,31
YMR006C,31
YBR071W,31
YPL227C,31
YLR363W-A,31
YDR055W,31
YOR123C,31
YPL053C,31
YKL132C,31
YJR006W,31
YKL138C-A,31
YNL148C,31
YLR243W,31
YER175C,31
YLR253W,31
YPL096C-A,31
YLR328W,31
YJR134C,31
YCR019W,31
YNR038W,31
YBR066C,31
YOR175C,31
YBR280C,31
YBR060C,31
YER087W,31
YLR036C,31
YOR148C,31
YBR069C,31
YLR276C,31
YCR026C,31
YFR003C,31
YDL125C,31
YJR056C,31
YER146W,31
YJL030W,31
YGR244C,31
YML029W,31
YOR217W,31
YPL268W,31
YGL172W,31
YOR281C,31
YLR420W,31
YHR196W,31
YKL218C,31
YMR223W,31
YBR246W,31
YBR017C,31
YPL118W,31
YMR121C,31
YNR003C,31
YBR257W,31
YER119C,31
YJL019W,31
YPR033C,31
YKR038C,31
YKL109W,32
YGL228W,32
YER029C,32
YKR083C,32
YMR071C,32
YBR214W,32
YGR122W,32
YGR108W,32
YER018C,32
YPR176C,32
YPR161C,32
YPL122C,32
YML114C,32
YKR036C,32
YGL070C,32
YAL043C,32
YDL124W,32
YDR372C,32
YDL193W,32
YDR319C,32
YPL086C,32
YPR131C,32
YDL161W,32
YGR054W,32
YML018C,32
YER168C,32
YOR201C,32
YDR518W,32
YHR006W,32
YGL121C,32
YJL178C,32
YOL143C,32
YGL236C,32
YNL049C,32
YBL061C,32
YER034W,32
YLL060C,32
YHR149C,32
YPR072W,32
YNL323W,32
YNR028W,32
YDR164C,32
YER046W,32
YJR085C,32
YDR161W,32
YDL167C,32
YOR294W,32
YHR011W,32
YLR049C,32
YFL002C,32
YDR204W,32
YLR193C,32
YNL162W,32
YBR167C,32
YER059W,32
YOL122C,32
YFR051C,32
YLR324W,32
YNL211C,32
YER005W,32
YLR117C,32
YPL169C,32
YBR039W,32
YLR332W,32
YPL184C,32
YNL046W,33
YDL178W,33
YJR062C,33
YDR342C,33
YPL208W,33
YMR115W,33
YOR118W,33
YGR110W,33
YOR344C,33
YMR197C,33
YNL185C,33
YCL056C,33
YLR367W,33
YMR011W,33
YBR227C,33
YHR072W,33
YBR218C,33
YDL048C,33
YNL206C,33
YDL053C,33
YGR137W,33
YKL168C,33
YHR104W,33
YGR277C,33
YPL266W,33
YMR258C,33
YDR026C,33
YNL004W,33
YOR069W,33
YDR079W,33
YMR292W,33
YHL031C,33
YBL076C,33
YMR286W,33
YOL109W,33
YPL061W,33
YDR374W-A,33
YPL199C,33
YNR059W,33
YPL072W,33
YKL154W,33
YDR511W,33
YNL116W,33
YLL011W,33
YKL004W,33
YHL025W,33
YDL006W,33
YDR528W,33
YLR268W,33
YLR258W,33
YKL206C,33
YGR036C,34
YHL027W,34
YIL109C,34
YER156C,34
YGL090W,34
YGL037C,34
YER100W,34
YFR015C,34
YGL055W,34
YDR211W,34
YER065C,34
YGL207W,34
YER128W,34
YCR045W-A,34
YDL002C,34
YJR011C,34
YJL069C,34
YPL215W,34
YKL045W,34
YPR124W,34
YNL020C,34
YOR239W,34
YKL156W,34
YPL111W,34
YPL173W,34
YOR221C,34
YMR093W,34
YLR104W,34
YOR267C,34
YOR297C,34
YPR181C,34
YPR133C,34
YML113W,34
YOL049W,34
YPR017C,34
YPL083C,34
YLR417W,34
YLR439W,34
YML062C,34
YML032C,34
YLR183C,34
YOR006C,34
YMR098C,34
YNL213C,34
YMR312W,34
YBL036C,34
YOL088C,34
YLL050C,34
YNL059C,34
YBR276C,34
YJL061W,34
YBR122C,34
YBR043C,34
YLL041C,34
YBL089W,34
YDL101C,35
YKL007W,35
YLR386W,35
YJR122W,35
YKL028W,35
YDR092W,35
YMR015C,35
YBR135W,35
YKL041W,35
YIL070C,35
YBR084W,35
YBL078C,35
YBR133C,35
YBR056W,35
YJR102C,35
YPL260W,35
YIL155C,35
YHR044C,35
YDR490C,35
YAL058W,35
YHR190W,35
YBR002C,35
YBL028C,35
YNL223W,35
YBL038W,35
YLR154C,35
YIL093C,35
YDR390C,35
YOR253W,35
YGR216C,35
YER073W,35
YOR261C,35
YMR042W,35
YGL095C,35
YGR193C,35
YGR152C,35
YGR271C-A,35
YJL060W,35
YOL159C-A,35
YMR139W,35
YOR125C,35
YER145C,35
YMR193W,35
YOL080C,35
YIR003W,35
YNL001W,35
YMR214W,35
YNL108C,35
YGL198W,35
YER080W,35
YNL300W,35
YGL162W,35
YAR002W,35
YGL155W,35
YOR174W,35
YDR280W,35
YGL096W,35
YJL052W,35
YKR066C,35
YNL094W,36
YFR025C,36
YNL308C,36
YDL049C,36
YNL095C,36
YIL098C,36
YBR044C,36
YNL245C,36
YFR020W,36
YGL108C,36
YGL001C,36
YOL136C,36
YDR247W,36
YER088C,36
YDR162C,36
YNL187W,36
YOR299W,36
YML071C,36
YDR073W,36
YMR181C,36
YMR212C,36
YGR165W,36
YOL137W,36
YLR330W,36
YGR284C,36
YLR129W,36
YJR144W,36
YDR516C,36
YDR500C,36
YER050C,36
YGR151C,36
YPL160W,36
YPL157W,36
YGL058W,36
YOR185C,36
YPL104W,36
YFR006W,36
YPL046C,36
YLR345W,36
YIL014W,36
YBR085W,36
YBR022W,36
YKL190W,36
YOL057W,37
YPL236C,37
YML035C,37
YNL252C,37
YIL046W,37
YLR348C,37
YPL198W,37
YHR016C,37
YDR119W-A,37
YBR282W,37
YBR279W,37
YNL310C,37
YOR126C,37
YLR351C,37
YKR052C,37
YEL001C,37
YPL181W,37
YLL014W,37
YPL132W,37
YBR029C,37
YOR092W,37
YIR036C,37
YOR073W,37
YER058W,37
YBR088C,37
YMR298W,37
YDR201W,37
YOL068C,37
YDR486C,37
YLR392C,37
YEL017W,37
YGL003C,37
YBR172C,37
YMR110C,37
YGR175C,37
YDR139C,37
YPL019C,37
YJL024C,37
YHR001W,37
YPR139C,37
YNL039W,37
YPL015C,37
YPR133W-A,37
YHR110W,37
YDR175C,37
YER082C,37
YNL058C,37
YHR143W,37
YJL053W,37
YHR032W,37
YJL203W,37
YGR091W,37
YBR288C,37
YML105C,37
YMR285C,37
YEL002C,37
YLR412W,37
YCR030C,38
YFR011C,38
YDR364C,38
YJR080C,38
YBR052C,38
YGR255C,38
YDR090C,38
YPR169W,38
YMR044W,38
YGR178C,38
YOR001W,38
YJL011C,38
YPR073C,38
YHR049W,38
YPR111W,38
YPR051W,38
YMR313C,38
YBL007C,38
YLR069C,38
YER083C,38
YGL068W,38
YDR202C,38
YOR196C,38
YGL022W,38
YIR012W,38
YLR190W,38
YGR113W,38
YNL274C,38
YIL003W,38
YGL194C-A,38
YKR003W,38
YBR123C,38
YDL074C,38
YDL204W,38
YPL133C,38
YKL207W,38
YIL084C,38
YML092C,38
YML125C,38
YJR005W,38
YLR064W,38
YDR174W,38
YKL027W,38
YER186C,38
YGR195W,38
YDR245W,38
YLR260W,38
YGR266W,38
YIL138C,38
YDR221W,38
YNL199C,38
YER154W,38
YDL180W,38
YOR252W,38
YKL116C,39
YDR260C,39
YPL106C,39
YML108W,39
YLR238W,39
YHL038C,39
YLR191W,39
YDL116W,39
YBR005W,39
YCR012W,39
YDR287W,39
YHL006C,39
YDR307W,39
YMR157C,39
YGL099W,39
YOR101W,39
YNR026C,39
YBR137W,39
YNL161W,39
YNL275W,39
YMR209C,39
YMR302C,39
YDR388W,39
YHR047C,39
YGL169W,39
YOR358W,39
YGL181W,39
YKR045C,39
YKL185W,39
YJR125C,39
YDR268W,39
YKL189W,39
YAL044C,39
YDR462W,39
YGR227W,39
YMR199W,39
YNL290W,39
YHR127W,39
YER182W,39
YOR090C,39
YOR228C,39
YCR046C,39
YBR061C,39
YOR033C,39
YBR080C,39
YDR107C,39
YNR010W,39
YFR010W,39
YBR188C,39
YIL083C,39
YBL021C,40
YMR122W-A,40
YJL164C,40
YML064C,40
YBR272C,40
YML085C,40
YIL016W,40
YKL166C,40
YDR309C,40
YBR011C,40
YOR025W,40
YPR148C,40
YER163C,40
YGL098W,40
YBR151W,40
YML004C,40
YGL122C,40
YJR002W,40
YGR013W,40
YEL065W,40
YCL025C,40
YLR011W,40
YIL009W,40
YJL002C,40
YBR255C-A,40
YOR089C,40
YBR173C,40
YGR262C,40
YKL119C,40
YKL192C,40
YOR250C,40
YDL099W,40
YOL133W,40
YDR477W,40
YOR313C,40
YOL110W,40
YML051W,40
YML102W,40
YGR199W,40
YCR076C,40
YBR234C,41
YGL040C,41
YIL023C,41
YKL075C,41
YBR110W,41
YLL029W,41
YLR199C,41
YDR182W,41
YDR391C,41
YNL099C,41
YAL033W,41
YPL079W,41
YDR527W,41
YDR379C-A,41
YPL127C,41
YLL058W,41
YDR538W,41
YGR100W,41
YOR276W,41
YJL205C,41
YDL103C,41
YJR101W,41
YDL043C,41
YOR285W,41
YGR232W,41
YEL057C,41
YGR009C,41
YNL212W,41
YNR051C,41
YBR046C,41
YKL096W,41
YCR072C,41
YOL002C,41
YGL018C,41
YDR105C,41
YBR291C,41
YAR003W,41
YKL034W,41
YGR076C,41
YPR113W,41
YNL084C,41
YDL089W,41
YLR018C,41
YPL024W,41
YGL196W,41
YNL078W,41
YER118C,41
YDL045W-A,41
YNL002C,41
YPR188C,41
YDL007W,41
YOR081C,41
YDR101C,41
YNL098C,41
YOR065W,41
YJL012C,42
YKR090W,42
YLR380W,42
YDR463W,42
YHR065C,42
YIL156W-B,42
YML030W,42
YFR024C-A,42
YJL078C,42
YOR215C,42
YOR317W,42
YLR181C,42
YIL043C,42
YLR304C,42
YDL072C,42
YPL263C,42
YBL082C,42
YML038C,42
YLR094C,42
YBL093C,42
YKR070W,42
YKL094W,42
YPL170W,42
YKR068C,42
YER148W,42
YMR183C,42
YDR302W,42
YCR090C,42
YGL079W,42
YGL115W,42
YDR376W,42
YIL110W,42
YJR133W,42
YLR397C,42
YOR197W,42
YLL006W,42
YKL130C,42
YFL028C,42
YCR059C,42
YOR067C,42
YJR131W,42
YML121W,42
YGL060W,42
YAR018C,42
YJR099W,42
YDR320C-A,42
YEL068C,42
YLR250W,42
YLR387C,42
YBR185C,43
YPR093C,43
YJR088C,43
YLR350W,43
YGR082W,43
YGL190C,43
YNL090W,43
YKR100C,43
YDL166C,43
YLR146W-A,43
YLR163C,43
YNL244C,43
YML067C,43
YKL164C,43
YIL056W,43
YNR029C,43
YMR226C,43
YMR173W,43
YDR300C,43
YGR146C,43
YOR179C,43
YNR049C,43
YOL093W,43
YGR158C,43
YLR212C,43
YCR071C,43
YML001W,43
YEL016C,43
YGR207C,43
YLL023C,43
YHR132C,43
YOR094W,43
YKL161C,43
YDL025C,43
YDR179W-A,43
YPL081W,43
YGL020C,43
YNL322C,43
YBR142W,43
YNL248C,43
YOR278W,43
YKL120W,43
YDR099W,43
YBL011W,43
YER035W,43
YPL100W,43
YOR163W,43
YLR100W,43
YJR103W,43
YPL244C,44
YDR296W,44
YER147C,44
YDR405W,44
YOR097C,44
YJL133W,44
YMR221C,44
YCR002C,44
YGL100W,44
YFR009W,44
YOR143C,44
YFR021W,44
YBR126C,44
YLR354C,44
YHR204W,44
YLR027C,44
YDR091C,44
YHR169W,44
YDL219W,44
YLL035W,44
YLR143W,44
YKR067W,44
YBL086C,44
YHR009C,44
YLR066W,44
YLR216C,44
YLR065C,45
YIL090W,45
YAL036C,45
YKR080W,45
YBL083C,45
YMR119W,45
YAL030W,45
YOR301W,45
YOR315W,45
YGR147C,45
YGL065C,45
YGL080W,45
YKL146W,45
YOR209C,45
YGL219C,45
YKL088W,45
YDL232W,45
YDL063C,45
YPL225W,45
YMR079W,45
YGR128C,45
YOL135C,45
YOL111C,45
YKR044W,45
YFL022C,45
YDR100W,45
YDR476C,45
YMR194C-B,45
YKL012W,45
YOL116W,45
YKL186C,45
YDR304C,45
YDR306C,45
YOL058W,45
YGL238W,45
YCL050C,45
YPR198W,45
YGL112C,45
YPL049C,45
YDL133W,45
YGR230W,45
YAL039C,45
YGR208W,45
YCR051W,45
YPR067W,45
YGR267C,45
YBL026W,46
YLR292C,46
YLL027W,46
YIL002W-A,46
YLL001W,46
YFR042W,46
YBR145W,46
YJL055W,46
YJL140W,46
YJL192C,46
YJR064W,46
YCR036W,46
YDR428C,46
YPL091W,46
YKL216W,46
YPL087W,46
YHR083W,46
YGL111W,46
YOL066C,46
YNL003C,46
YOR099W,46
YBR077C,46
YOR104W,46
YMR158W,46
YJL127C-B,46
YDL165W,46
YEL052W,46
YPL154C,46
YLR077W,46
YDL130W-A,46
YER031C,46
YDR493W,46
YPL193W,47
YDR172W,47
YOR205C,47
YMR039C,47
YBL039W-B,47
YBR192W,47
YKL172W,47
YJL096W,47
YJR060W,47
YDR479C,47
YPL144W,47
YDR129C,47
YOL103W,47
YMR120C,47
YIL087C,47
YDR299W,47
YNL217W,47
YHR078W,47
YBL024W,47
YCL030C,47
YLR361C-A,47
YHR081W,47
YER062C,47
YNR009W,47
YPL175W,47
YLL009C,47
YNL070W,47
YER141W,47
YBR252W,47
YKL104C,47
YGL048C,47
YDL155W,47
YAL012W,47
YBR269C,47
YMR264W,47
YJR034W,47
YOR046C,47
YEL040W,47
YLR438W,47
YMR208W,47
YIR038C,48
YBR085C-A,48
YIL018W,48
YKL160W,48
YDL018C,48
YMR033W,48
YDL051W,48
YJL065C,48
YOR254C,48
YGL142C,48
YLR414C,48
YMR188C,48
YDR016C,48
YNL246W,48
YGL087C,48
YOR229W,48
YIL027C,48
YDR214W,48
YJL123C,48
YBR126W-A,48
YGR172C,48
YLR301W,48
YGL047W,48
YER071C,48
YER042W,48
YGR285C,48
YJL079C,48
YIL091C,48
YCR047C,48
YPR043W,49
YKL019W,49
YBR205W,49
YGL242C,49
YDR045C,49
YJL151C,49
YJL184W,49
YOR320C,49
YHR135C,49
YJL072C,49
YMR213W,49
YJL208C,49
YIL102C-A,49
YJR118C,49
YDR087C,49
YNR052C,49
YKR063C,49
YHR199C,49
YOR021C,49
YPR020W,49
YNL111C,49
YPR144C,49
YGL002W,49
YML048W,49
YOR226C,49
YJR124C,49
YKR084C,49
YOL112W,49
YPR004C,49
YML053C,49
YDR456W,49
YJR112W,49
YOR189W,49
YDL143W,49
YNL086W,49
YMR311C,49
YCR094W,49
YKL001C,49
YHR003C,49
YIR035C,49
YER099C,49
YPR013C,49
YBR230W-A,49
YGR095C,49
YHR074W,50
YNR024W,50
YHR066W,50
YCR020C-A,50
YDL179W,50
YDR399W,50
YGL234W,50
YOL127W,50
YCL002C,50
YML078W,50
YLR285W,50
YGR148C,50
YLR130C,50
YMR216C,50
YPL214C,50
YOR202W,50
YNL134C,50
YPL129W,50
YNL026W,50
YBR139W,50
YDR232W,50
YLR099W-A,50
YOR164C,50
YER002W,50
YGL221C,50
YGL017W,50
YER104W,50
YOR182C,50
YGL054C,50
YCR075W-A,50
YKL183W,50
YGR010W,50
YGR185C,50
YNL137C,50
YBR170C,50
YNR061C,50
YNL281W,50
YMR171C,50
YBR014C,50
YLR437C,50
YHR138C,50
YKR001C,50
YOR061W,50
YDR381C-A,50
YHR188C,50
YPL148C,50
YMR170C,50
YBL091C,51
YHR216W,51
YML010W,51
YLR170C,51
YBR035C,51
YHR072W-A,51
YMR263W,51
YOR270C,51
YHR179W,51
YHR117W,51
YDL217C,51
YHR162W,51
YBR271W,51
YNL259C,51
YEL036C,51
YDL027C,51
YJL179W,51
YGL117W,51
YBR261C,51
YDL189W,51
YPL246C,51
YGR105W,51
YPL232W,51
YDL202W,51
YER102W,51
YOR039W,51
YLR033W,51
YPL134C,51
YDR068W,51
YMR235C,51
YKL099C,51
YGR251W,51
YPL162C,51
YBL071W-A,51
YDR292C,51
YLR060W,51
YJL210W,51
YGR017W,51
YDR167W,51
YGL203C,51
YGR209C,52
YHL047C,52
YOR359W,52
YHL034C,52
YKL033W-A,52
YLR173W,52
YER087C-B,52
YML096W,52
YLR029C,52
YMR062C,52
YFL017W-A,52
YOR132W,52
YOL124C,52
YLR112W,52
YJL139C,52
YLR209C,52
YNL119W,52
YGR204W,52
YDR452W,52
YPR106W,52
YBL069W,52
YJR075W,52
YPL210C,52
YPR035W,52
YHR193C,52
YLR224W,52
YLR179C,52
YML007W,52
YLR455W,53
YPL047W,53
YGR020C,53
YBR274W,53
YGR007W,53
YDR524C,53
YHR062C,53
YGR135W,53
YDR361C,53
YDR156W,53
YOR020C,53
YGR215W,53
YDR238C,53
YDR041W,53
YIL077C,53
YLL061W,53
YGR149W,53
YDR412W,53
YNL154C,53
YDR382W,53
YKR013W,53
YDL029W,53
YDL201W,53
YIL010W,53
YKL003C,53
YDR005C,53
YPR152C,53
YHR039C,53
YLR195C,53
YDR348C,53
YDL153C,53
YIL065C,53
YLR121C,53
YDR368W,53
YHR018C,54
YGL256W,54
YML130C,54
YNL022C,54
YNR022C,54
YNL141W,54
YGR173W,54
YGR103W,54
YBR101C,54
YGR060W,54
YDL097C,54
YBR193C,54
YHR094C,54
YJL054W,54
YGL041W-A,54
YBR146W,54
YDR496C,54
YMR043W,54
YDR472W,54
YDL079C,54
YNL053W,54
YOL119C,54
YLR088W,54
YDR365C,54
YOR184W,54
YFL010C,55
YBR096W,55
YML024W,55
YGR245C,55
YCR065W,55
YNL251C,55
YGR033C,55
YDL085C-A,55
YMR255W,55
YDR539W,55
YGR280C,55
YLR244C,55
YDL168W,55
YBR297W,55
YMR014W,55
YCR009C,55
YDL229W,55
YOR130C,55
YOR382W,55
YFR001W,55
YDR482C,55
YGL039W,55
YML128C,55
YOR078W,55
YER152C,55
YKL143W,55
YJL044C,55
YBR149W,55
YBL072C,55
YER115C,55
YNR053C,55
YER063W,56
YNR021W,56
YNL131W,56
YNL168C,56
YDL052C,56
YOL147C,56
YIR022W,56
YKL128C,56
YDR345C,56
YPL093W,56
YMR092C,56
YBR010W,56
YHR050W,56
YJL081C,56
YHR076W,56
YOR374W,56
YOR271C,56
YDR044W,56
YDR035W,56
YLR078C,56
YPL094C,56
YOR311C,56
YLR433C,56
YOR074C,56
YKL127W,56
YLR257W,56
YGR203W,56
YOR159C,56
YKL069W,57
YLR312W-A,57
YLR231C,57
YJL115W,57
YDR294C,57
YDR328C,57
YMR099C,57
YGL130W,57
YHR147C,57
YER070W,57
YLR401C,57
YLR052W,57
YLR364W,57
YFL017C,57
YOR103C,57
YJL186W,57
YHR163W,57
YDR117C,57
YFR033C,57
YER143W,57
YER036C,57
YAL014C,57
YDR190C,57
YBR251W,57
YKL100C,58
YOR091W,58
YGR040W,58
YHR057C,58
YNL005C,58
YDL086W,58
YIL062C,58
YGR011W,58
YGR211W,58
YJR049C,58
YPL023C,58
YBR031W,58
YGL231C,58
YBR126W-B,58
YKR093W,58
YDL100C,58
YBR093C,58
YKR059W,58
YMR123W,58
YBL006C,58
YIL021W,58
YOR194C,58
YGR159C,58
YJR048W,58
YGR187C,58
YDR144C,58
YML055W,58
YGL084C,58
YJL097W,58
YFL034C-A,58
YKR065C,58
YLR327C,58
YMR240C,58
YBR181C,58
YKL068W-A,59
YBR268W,59
YOR105W,59
YNL006W,59
YOR149C,59
YKL167C,59
YIL047C-A,59
YHR161C,59
YMR315W,59
YOR008C,59
YPR060C,59
YJR082C,59
YHR112C,59
YDR513W,59
YDR231C,59
YPL163C,59
YPL224C,59
YCL040W,59
YPR018W,59
YNL177C,59
YKR071C,59
YOR342C,59
YER123W,59
YMR038C,59
YFR032C-A,59
YML079W,59
YER009W,59
YJL026W,59
YNL007C,60
YCL012C,60
YER067W,60
YLR421C,60
YPR024W,60
YLR314C,60
YDR261C,60
YPR154W,60
YHR142W,60
YBL018C,60
YIL145C,60
YBR092C,60
YKL009W,60
YDL184C,60
YKL140W,60
YKL170W,60
YJR072C,60
YKR085C,60
YBR233W-A,60
YKL103C,60
YLR009W,60
YNL153C,60
YDR465C,60
YMR091C,60
YMR225C,60
YOR016C,60
YGL063W,60
YMR105C,60
YOL014W,60
YOR264W,60
YML069W,60
YJR105W,60
YDR158W,60
YFR053C,60
YPR091C,60
YOL007C,60
YMR241W,61
YGL120C,61
YMR194W,61
YLR056W,61
YIL157C,61
YGL105W,61
YLR249W,61
YKL174C,61
YHR025W,61
YLR356W,61
YMR186W,61
YJL003W,61
YBL059C-A,61
YDR525W-A,61
YNL215W,61
YNL083W,61
YEL021W,61
YOR272W,61
YDR354W,61
YOR224C,61
YEL037C,61
YBL042C,61
YNL113W,61
YJR073C,61
YJR069C,62
YGL097W,62
YGL029W,62
YPR125W,62
YDL121C,62
YPL101W,62
YCL001W,62
YOR020W-A,62
YIL121W,62
YDR248C,62
YBR068C,62
YBR076C-A,62
YIL136W,62
YKL087C,62
YPL206C,62
YER092W,62
YIL034C,62
YLR447C,62
YDR111C,62
YNR018W,62
YLR303W,62
YMR195W,62
YPL239W,63
YMR138W,63
YGL171W,63
YNL074C,63
YOR243C,63
YFR047C,63
YIL142W,63
YER103W,63
YBL068W,63
YPR166C,63
YGR241C,63
YDR497C,63
YPL028W,63
YPR034W,63
YNR054C,63
YLR370C,63
YDR367W,63
YOL005C,63
YLR185W,63
YPR036W,63
YBR207W,63
YEL024W,63
YOL012C,63
YDL191W,63
YMR155W,63
YGL103W,63
YNL307C,63
YDR404C,63
YOR340C,64
YHR113W,64
YEL071W,64
YPL179W,64
YGL245W,64
YJL110C,64
YLR287C-A,64
YML116W-A,64
YMR073C,64
YDR517W,64
YNL291C,64
YOL016C,64
YJL167W,64
YER159C,64
YNR030W,64
YDL126C,64
YGL161C,64
YJL104W,64
YJR063W,64
YBR171W,64
YDR381W,64
YIL039W,64
YGL211W,64
YOR316C,64
YML058W,64
YKL141W,64
YDR394W,64
YKL063C,64
YOR167C,64
YDL046W,64
YGL225W,64
YDL226C,64
YJL122W,64
YPR011C,64
YPR088C,64
YNL024C-A,65
YGR169C-A,65
YPL067C,65
YIL041W,65
YNL330C,65
YMR153W,65
YDL081C,65
YPL237W,65
YBL068W-A,65
YLR440C,65
YNL081C,65
YFL046W,65
YMR319C,65
YLR186W,65
YJL077W-B,65
YLR335W,65
YBR024W,65
YMR049C,65
YDR012W,65
YCL064C,65
YDL147W,65
YGL137W,65
YOL097C,65
YOL061W,66
YLR093C,66
YMR244C-A,66
YEL044W,66
YOR260W,66
YPR023C,66
YPR114W,66
YNL207W,66
YHR121W,66
YJR130C,66
YDR429C,66
YKL035W,66
YER074W-A,66
YKR072C,66
YGL134W,66
YER094C,66
YDL185W,66
YDR233C,66
YJR001W,66
YML098W,67
YLR118C,67
YBR191W,67
YKL013C,67
YDR210W,67
YFR052C-A,67
YGR049W,67
YKR043C,67
YDR071C,67
YOR142W,67
YNL079C,67
YER095W,67
YDR056C,67
YMR022W,67
YAL008W,67
YER178W,67
YBR018C,67
YDR321W,67
YER020W,67
YDR384C,67
YPL092W,67
YDR281C,68
YBL054W,68
YIL074C,68
YDR349C,68
YHR070W,68
YJR094W-A,68
YJR065C,68
YDR272W,68
YBR154C,68
YNL129W,68
YOR259C,68
YGL012W,68
YGL252C,68
YNL037C,68
YGR101W,69
YGL135W,69
YHR137W,69
YPL189C-A,69
YOR222W,69
YKL053C-A,69
YIL078W,69
YJL091C,69
YOR312C,69
YDR297W,69
YER131W,69
YNL121C,69
YOR310C,69
YNL156C,69
YDR064W,69
YBR230C,69
YMR010W,69
YBR243C,69
YMR237W,69
YDR152W,69
YLR074C,69
YBR008C,69
YOL139C,70
YCL043C,70
YCR023C,70
YBR244W,70
YGR161W-C,70
YNL062C,70
YJL077W-A,70
YJL121C,70
YOR246C,70
YGR081C,70
YER136W,70
YDR059C,70
YBL015W,70
YMR314W,70
YGR145W,70
YGL028C,70
YLR002C,70
YDR468C,70
YDR454C,70
YCR082W,70
YIL033C,70
YML082W,71
YLR109W,71
YOR002W,71
YDR308C,71
YDR025W,71
YIL127C,71
YJL062W-A,71
YML123C,71
YGR264C,71
YIL088C,71
YML009C,71
YIR026C,71
YDL213C,71
YER053C,71
YPR143W,71
YOL020W,71
YMR236W,71
YMR146C,72
YKL145W,72
YBR030W,72
YOR158W,72
YBR242W,72
YFR014C,72
YHR021C,72
YLR197W,72
YMR002W,72
YLR196W,72
YDR032C,72
YML129C,72
YGR132C,72
YDL212W,72
YPL059W,72
YHR032W-A,72
YLR175W,73
YBR206W,73
YGR254W,73
YMR296C,73
YGL213C,73
YHR005C-A,73
YNL149C,73
YBR247C,73
YOR283W,73
YHR122W,73
YHR128W,73
YER007C-A,73
YOR286W,73
YGR220C,73
YDR050C,73
YLR220W,74
YAL044W-A,74
YPL273W,74
YOL038W,74
YFL037W,74
YLR015W,74
YOR304C-A,74
YAL049C,74
YBR263W,74
YOR204W,74
YGR055W,74
YDR277C,74
YER027C,74
YNL112W,74
YGL200C,74
YKL152C,74
YPL183W-A,75
YMR220W,75
YGL257C,75
YCL028W,75
YIL076W,75
YER090W,75
YDR224C,75
YOL077C,75
YLR262C,75
YGR123C,75
YDL237W,75
YGR231C,75
YJR147W,75
YMR058W,75
YDR397C,75
YDR357C,75
YGR240C,76
YJR045C,76
YPL135W,76
YNL147W,76
YHR107C,76
YPL043W,76
YBR016W,76
YDL197C,76
YKL138C,76
YBR248C,76
YNR043W,76
YDR178W,76
YER055C,76
YLL045C,76
YDR398W,76
YMR134W,76
YCR088W,76
YFR050C,76
YML120C,77
YGL019W,77
YOR232W,77
YIL148W,77
YHR183W,77
YMR215W,77
YOL129W,77
YJR135W-A,77
YAL007C,77
YER012W,77
YEL050C,77
YDL135C,77
YBR155W,77
YHR143W-A,78
YKR016W,78
YHR026W,78
YAR002C-A,78
YER074W,78
YNL182C,78
YDL131W,78
YDR508C,78
YIL022W,78
YPL235W,78
YDR450W,78
YJL111W,78
YCL009C,78
YGL011C,78
YPL240C,78
YBR189W,79
YBR199W,79
YBR177C,79
YFL005W,79
YAL022C,79
YKL076C,79
YHR181W,79
YLR058C,79
YMR217W,79
YML057W,79
YPL220W,79
YMR238W,80
YMR305C,80
YNL239W,80
YOR042W,80
YER044C,80
YFR052W,80
YER057C,80
YNL040W,80
YKL039W,80
YDL095W,80
YMR108W,80
YJL138C,80
YMR178W,80
YLR192C,80
YBR015C,80
YLR120C,80
YLR333C,80
YLR261C,80
YPR062W,81
YPR103W,81
YIL085C,81
YDR177W,81
YAL034C,81
YDR023W,81
YLR264W,81
YJL191W,81
YMR295C,81
YEL015W,81
YGR235C,81
YER056C,81
YPL243W,82
YLR340W,82
YHR086W,82
YCR028C,82
YNL268W,82
YPL076W,82
YKL058W,82
YHL011C,82
YNL052W,82
YFR009W-A,82
YLR034C,82
YDR062W,82
YHR200W,82
YDR063W,82
YLL018C-A,82
YLR300W,82
YPR145W,82
YPR082C,83
YER088C-A,83
YJL174W,83
YPR138C,83
YMR027W,83
YPL262W,83
YNL169C,83
YDR264C,83
YPR063C,83
YDR046C,83
YKR018C,83
YMR297W,83
YDR084C,83
YOL026C,83
YGR063C,83
YOR321W,83
YBL029C-A,83
YKL137W,84
YLR359W,84
YMR009W,84
YGL076C,84
YLR172C,84
YNR055C,84
YBL102W,84
YOR084W,84
YER030W,84
YMR090W,84
YOR095C,84
YHR141C,84
YKL145W-A,84
YLR200W,85
YGL253W,85
YGR192C,85
YNR050C,85
YOR063W,85
YLR061W,85
YDL012C,85
YGL186C,85
YNL189W,85
YHR203C,85
YOR362C,85
YPR080W,85
YLR229C,85
YLR008C,86
YGR181W,86
YKR057W,86
YPR058W,86
YLR286C,86
YCR069W,86
YGL187C,86
YJR077C,86
YDR196C,86
YPL103C,86
YAL023C,86
YCL035C,86
YCR028C-A,86
YML008C,86
YNL294C,87
YKR042W,87
YMR260C,87
YKL077W,87
YBR296C,87
YOR298C-A,87
YHR108W,87
YFR037C,87
YDL208W,87
YLR113W,87
YJL117W,87
YML110C,87
YDR234W,87
YCR034W,87
YLR044C,87
YER122C,87
YHR019C,88
YER023W,88
YDL064W,88
YER025W,88
YGR038W,88
YDL082W,88
YDR212W,88
YKL060C,88
YJR058C,88
YHR030C,88
YCL011C,88
YER003C,89
YDR447C,89
YKL117W,89
YBL027W,89
YGR041W,89
YGR119C,89
YKR062W,89
YGL026C,89
YBR143C,89
YPL117C,89
YDL198C,90
YAL005C,90
YER026C,90
YMR242C,90
YDL070W,90
YHR170W,90
YGR189C,90
YPR041W,90
YPR156C,90
YER048W-A,90
YEL046C,90
YKL016C,90
YDR225W,90
YER006W,91
YFL004W,91
YOR383C,91
YPR173C,91
YJL034W,91
YHR013C,91
YEL020W-A,91
YNL130C,91
YOR265W,91
YDL128W,91
YDL067C,91
YJR070C,91
YOR108W,91
YEL051W,91
YNR046W,92
YHR024C,92
YBR104W,92
YLR435W,92
YJL217W,92
YKL040C,92
YOR117W,92
YNL138W,92
YNL069C,92
YNL220W,92
YBR164C,92
YER048C,92
YGR155W,92
YKR025W,92
YJR113C,92
YOR157C,93
YKL184W,93
YOR133W,93
YPR028W,93
YPR052C,93
YLR438C-A,93
YKL196C,93
YNL280C,93
YKL195W,93
YKL008C,93
YPR069C,93
YGR234W,93
YER126C,94
YBR021W,94
YMR300C,94
YLR248W,94
YLR413W,94
YJL001W,94
YNL030W,94
YBR058C-A,95
YHR033W,95
YOL030W,95
YJL101C,95
YIL123W,95
YOR370C,95
YHR020W,96
YDL136W,96
YHR191C,96
YMR074C,96
YDL066W,96
YDR378C,96
YJL008C,96
YML063W,97
YKL065C,97
YHL003C,97
YPR163C,97
YJL124C,97
YKL018C-A,97
YDR487C,98
YPL131W,98
YPR108W,98
YGR210C,98
YBR221C,98
YOR119C,98
YHR042W,98
YMR103C,98
YLR388W,98
YEL026W,98
YGL031C,98
YHR064C,99
YLR262C-A,99
YGL078C,99
YDR385W,99
YER056C-A,99
YOL158C,99
YNL071W,99
YLR429W,99
YIL051C,99
YLR043C,100
YBR084C-A,100
YLR180W,100
YJR007W,101
YGL226C-A,101
YMR205C,101
YDL134C,101
YNL208W,101
YML073C,101
YMR142C,101
YFR055W,101
YEL017C-A,102
YLR167W,102
YCR052W,102
YCL018W,102
YDR002W,102
YIL008W,102
YOR187W,102
YNL110C,102
YGL191W,102
YMR290C,103
YMR083W,103
YMR256C,103
YDL133C-A,103
YLL024C,103
YGR027C,103
YMR251W-A,103
YER043C,103
YBL041W,104
YJL148W,104
YGL038C,104
YNL301C,104
YDR322C-A,104
YBL045C,104
YGR157W,104
YBL039C,104
YMR131C,104
YDL078C,105
YBR109C,105
YBR256C,105
YGR279C,105
YDR115W,105
YDR047W,105
YLR355C,105
YOR323C,106
YER134C,106
YOR136W,106
YPL274W,106
YKL175W,106
YDR341C,106
YPR098C,106
YOR309C,106
YMR203W,107
YHR007C,107
YPR110C,107
YBR162W-A,107
YIL035C,107
YLR153C,108
YDR408C,108
YIR037W,108
YLR203C,108
YPL063W,108
YGR167W,108
YKL002W,108
YLR378C,108
YJL159W,108
YGL147C,108
YDR298C,108
YJR009C,109
YDR529C,109
YGR183C,109
YJR139C,109
YDR441C,109
YBL040C,109
YPR149W,110
YJR051W,110
YPR183W,110
YLR075W,110
YOR230W,110
YOR375C,110
YNL044W,110
YPL098C,110
YFL018C,110
YPL048W,110
YBR106W,111
YDR037W,111
YJR148W,111
YOL040C,111
YNL031C,111
YOL039W,111
YDL075W,112
YJR014W,112
YDR483W,112
YJL166W,112
YJR145C,112
YGR031W,113
YOR210W,113
YML115C,113
YLR441C,113
YJR104C,113
YFL045C,113
YKL180W,113
YOR247W,113
YGR282C,113
YHR001W-A,114
YNL056W,114
YBR191W-A,114
YDR339C,114
YEL058W,114
YNL209W,114
YPL271W,115
YOR007C,115
YKL081W,115
YDR188W,115
YMR088C,116
YNL241C,116
YDL061C,116
YER120W,116
YKL181W,116
YJL014W,116
YOL120C,117
YOR096W,117
YMR008C,117
YDR353W,117
YPL010W,118
YGR124W,118
YDR094W,118
YDR079C-A,118
YPL078C,118
YCR004C,118
YLR083C,118
YDR510W,119
YER072W,119
YPR165W,119
YGR008C,119
YDL130W,119
YAR015W,120
YJL190C,120
YHR174W,120
YPR170W-B,120
YBL099W,120
YLR208W,120
YBR067C,120
YCR053W,120
YLR395C,120
YIL124W,121
YLR325C,121
YML026C,121
YBL039C-A,121
YNL190W,122
YNL064C,122
YHR051W,122
YPR169W-A,122
YBR187W,122
YFR044C,122
YLR023C,123
YPR170W-A,123
YBR118W,123
YML022W,123
YDL181W,123
YDL157C,124
YCR031C,124
YDR077W,124
YPL143W,124
YNL055C,125
YBR220C,125
YNL066W,125
YOL077W-A,125
YPR074C,125
YHR010W,125
YJL136C,126
YML106W,126
YLR344W,126
YER019C-A,126
YER177W,126
YER064C,127
YGL148W,127
YGL123W,127
YKR094C,127
YDL055C,127
YOL121C,127
YLR295C,127
YPR102C,128
YLR406C,128
YOR248W,128
YBL003C,128
YPL211W,128
YDR363W-A,128
YIL053W,128
YKL006C-A,128
YNL096C,128
YDL120W,128
YGR253C,128
YLR028C,129
YKL096W-A,129
YPR191W,129
YLR390W-A,129
YOR122C,131
YEL034W,132
YOR120W,132
YOL086C,133
YML056C,133
YOR293W,133
YGR214W,133
YHL001W,133
YDR346C,133
YOR045W,133
YML028W,134
YER124C,134
YHR008C,134
YLR038C,134
YNR032C-A,134
YNL010W,134
YGR118W,134
YHR089C,136
YBL092W,136
YMR230W,136
YCL017C,136
YOR027W,136
YLR372W,136
YFR049W,137
YNR001C,137
YHR068W,137
YDR471W,137
YPR010C-A,137
YLR448W,138
YIL069C,138
YHL033C,138
YPR187W,138
YBR009C,138
YNL178W,138
YBR019C,138
YER165W,139
YFL038C,139
YBL087C,139
YOR198C,139
YML009W-B,140
YKL067W,140
YER089C,140
YPR132W,141
YPL013C,141
YML081C-A,141
YKL006W,141
YLR259C,142
YNL255C,142
YBR082C,143
YJR123W,143
YMR307W,143
YGR191W,143
YGL030W,143
YPL234C,144
YOR234C,144
YPL218W,144
YPL037C,145
YMR143W,145
YCL057C-A,147
YMR246W,147
YEL009C,149
YPL004C,149
YMR200W,150
YOR347C,150
YDL014W,150
YBR249C,150
YBL056W,151
YOR043W,151
YEL042W,151
YDR226W,152
YMR243C,152
YDL083C,152
YIL133C,154
YEL054C,154
YDR418W,154
YGR034W,154
YBR162C,155
YJL143W,156
YMR318C,156
YDR133C,157
YGR085C,157
YOR369C,157
YPL249C-A,159
YDL004W,159
YGL202W,159
YDR154C,159
YOR327C,160
YLR293C,161
YMR116C,161
YBR196C,162
YDR155C,164
YAL038W,164
YNL302C,165
YPL090C,166
YLR048W,167
YBR127C,168
YAL003W,168
YNL283C,169
YIL052C,172
YNL135C,172
YDR086C,173
YNL104C,173
YFR031C-A,173
YDL084W,174
YER086W,174
YPL145C,175
YLR089C,175
YBL001C,177
YNL067W,177
YDR276C,177
YLL018C,178
YDR519W,179
YDR033W,180
YBL030C,181
YGR086C,181
YDR148C,181
YBR283C,184
YEL027W,184
YIL094C,184
YML012W,187
YLR432W,191
YBR048W,194
YNR017W,195
YDR007W,197
YGR037C,199
YDR009W,200
YBR121C,208
YJL177W,208
YKL085W,209
YER117W,212
YDL137W,213
YJL158C,217
YLR081W,217
YBR078W,217
YBR025C,220
YJR121W,220
YBL002W,234
YDR432W,235
YLR110C,235
YFL039C,242
YKL056C,252
YNL016W,266
YLR150W,269
YBR020W,270
YDR524C-B,270
YDL192W,290
YMR145C,296
YDR377W,297
YDR433W,345
YBR121C-A,360
