Systematic Name,mRNA Level_D3
YDR426C,0.0
YIL028W,0.1
YLL052C,0.1
YKL086W,0.1
YPL123C,0.1
YOR178C,0.1
YPL005W,0.1
YGL052W,0.1
YLR334C,0.1
YDR403W,0.1
YCR024C,0.1
YNL230C,0.1
YNL093W,0.1
YDR250C,0.1
YDR043C,0.1
YCL007C,0.1
YIL054W,0.1
YDR254W,0.1
YGR127W,0.1
YIL071C,0.1
YJL075C,0.1
YKR091W,0.1
YGR114C,0.1
YCL023C,0.1
YPR158W,0.1
YKR005C,0.1
YIR030C,0.1
YEL011W,0.1
YER135C,0.1
YJL032W,0.1
YML084W,0.1
YNL057W,0.1
YLR217W,0.1
YML118W,0.1
YER184C,0.1
YBL049W,0.1
YNR077C,0.1
YPL166W,0.1
YJR036C,0.1
YMR018W,0.1
YDL243C,0.1
YNR069C,0.1
YKR102W,0.1
YPL191C,0.1
YIL160C,0.1
YDR173C,0.1
YOR379C,0.1
YBR148W,0.1
YDR070C,0.1
YCR033W,0.2
YCR081W,0.2
YDR082W,0.2
YCL044C,0.2
YPR077C,0.2
YPR087W,0.2
YJL155C,0.2
YNL025C,0.2
YCR068W,0.2
YDL094C,0.2
YOR333C,0.2
YLR453C,0.2
YCR006C,0.2
YBL088C,0.2
YPL119C,0.2
YGR043C,0.2
YGL158W,0.2
YLR269C,0.2
YOL116W,0.2
YPL194W,0.2
YHR137W,0.2
YKR097W,0.2
YIL082W,0.2
YBR102C,0.2
YBR089W,0.2
YGR006W,0.2
YHR004C,0.2
YLR431C,0.2
YBR027C,0.2
YHL042W,0.2
YMR041C,0.2
YCR038C,0.2
YMR025W,0.2
YPL264C,0.2
YHR101C,0.2
YMR007W,0.2
YHL021C,0.2
YGR188C,0.2
YAR060C,0.2
YHL012W,0.2
YMR137C,0.2
YCL039W,0.2
YPR002W,0.2
YLR142W,0.2
YOR137C,0.2
YIL144W,0.2
YOR318C,0.2
YIL055C,0.2
YMR196W,0.2
YGL227W,0.2
YMR191W,0.2
YBR212W,0.2
YBR226C,0.2
YBR225W,0.2
YHR173C,0.2
YML095C,0.2
YHR156C,0.2
YHR155W,0.2
YNR007C,0.2
YOR173W,0.2
YMR114C,0.2
YLR365W,0.2
YKL124W,0.2
YLR213C,0.2
YDR425W,0.2
YDR221W,0.2
YIL099W,0.2
YNR065C,0.2
YDR255C,0.2
YNR002C,0.2
YPL110C,0.2
YJL082W,0.2
YJR162C,0.2
YPL035C,0.2
YLL033W,0.2
YKR103W,0.2
YNL195C,0.2
YNL203C,0.2
YPR184W,0.2
YJL103C,0.2
YNL218W,0.2
YPL152W,0.2
YDL204W,0.2
YBR132C,0.2
YKR019C,0.2
YDR085C,0.2
YJL120W,0.2
YKL224C,0.2
YNL260C,0.2
YEL072W,0.2
YDR216W,0.2
YOL023W,0.2
YLR011W,0.2
YNL127W,0.2
YOR062C,0.2
YLR054C,0.2
YJL015C,0.2
YDL214C,0.2
YDL234C,0.2
YPL159C,0.2
YDR008C,0.2
YBR297W,0.2
YNL210W,0.2
YNL077W,0.2
YIR032C,0.2
YOL114C,0.2
YLR156W,0.2
YGL175C,0.2
YNL295W,0.2
YDR185C,0.2
YPL109C,0.2
YJL066C,0.2
YPL070W,0.2
YDR132C,0.2
YMR159C,0.3
YKR098C,0.3
YAL032C,0.3
YAL028W,0.3
YJL163C,0.3
YOR195W,0.3
YGR170W,0.3
YDR515W,0.3
YER047C,0.3
YHR075C,0.3
YEL030W,0.3
YJR053W,0.3
YDL021W,0.3
YKL071W,0.3
YBL031W,0.3
YMR197C,0.3
YDR484W,0.3
YJL222W,0.3
YHR048W,0.3
YHR035W,0.3
YKL026C,0.3
YOL096C,0.3
YJR160C,0.3
YHL016C,0.3
YCR014C,0.3
YLR006C,0.3
YKL133C,0.3
YMR104C,0.3
YLR108C,0.3
YCR018C,0.3
YLR238W,0.3
YOR366W,0.3
YIR031C,0.3
YOR380W,0.3
YLL063C,0.3
YJL048C,0.3
YIR042C,0.3
YMR053C,0.3
YJL045W,0.3
YHR184W,0.3
YPR111W,0.3
YCR094W,0.3
YML034W,0.3
YLR173W,0.3
YCR036W,0.3
YHR139C,0.3
YNL250W,0.3
YKL161C,0.3
YBR289W,0.3
YHR168W,0.3
YHR099W,0.3
YER179W,0.3
YPL197C,0.3
YMR060C,0.3
YJR035W,0.3
YGR248W,0.3
YPR001W,0.3
YKR023W,0.3
YKL042W,0.3
YGR088W,0.3
YDR480W,0.3
YPL153C,0.3
YLL056C,0.3
YFL058W,0.3
YDR069C,0.3
YAL048C,0.3
YLR234W,0.3
YIL045W,0.3
YBR065C,0.3
YPR099C,0.3
YDL176W,0.3
YLR121C,0.3
YNL013C,0.3
YDL146W,0.3
YEL005C,0.3
YDL057W,0.3
YGL045W,0.3
YER037W,0.3
YDL025C,0.3
YDL079C,0.3
YOR162C,0.3
YCR106W,0.3
YNR004W,0.3
YKR058W,0.3
YLR207W,0.3
YGR045C,0.3
YMR245W,0.3
YNL179C,0.3
YCR026C,0.3
YCR013C,0.3
YOR058C,0.3
YDL209C,0.3
YER121W,0.3
YNL063W,0.3
YDL223C,0.3
YKR053C,0.3
YDR358W,0.3
YDR330W,0.3
YOR019W,0.3
YOR120W,0.3
YDR317W,0.3
YDR295C,0.3
YDR242W,0.3
YPR152C,0.3
YNL140C,0.3
YGR289C,0.3
YBR018C,0.3
YOR072W,0.3
YJR135C,0.3
YBR179C,0.3
YDR126W,0.3
YMR139W,0.3
YBR136W,0.3
YJL106W,0.3
YNL266W,0.3
YDR042C,0.3
YJR021C,0.3
YDL228C,0.3
YDL216C,0.3
YMR052W,0.3
YER077C,0.3
YGR110W,0.3
YBR157C,0.3
YOL100W,0.3
YPL171C,0.3
YOR135C,0.3
YBR131W,0.3
YER129W,0.3
YBR128C,0.3
YFR017C,0.3
YGR205W,0.3
YDL248W,0.3
YDR356W,0.3
YOR223W,0.3
YMR084W,0.3
YBR030W,0.3
YCR020C,0.3
YBL077W,0.3
YIL146C,0.3
YDL106C,0.3
YAR069C,0.3
YPL249C,0.3
YOR386W,0.3
YAR031W,0.3
YMR085W,0.3
YBR168W,0.3
YBR150C,0.3
YLR457C,0.3
YMR204C,0.3
YBR280C,0.3
YGR126W,0.3
YHR090C,0.3
YNR073C,0.3
YPR061C,0.3
YPR045C,0.3
YOR146W,0.3
YPR040W,0.3
YDR371W,0.3
YMR181C,0.3
YFR035C,0.3
YMR155W,0.3
YOL117W,0.3
YPL174C,0.3
YBR190W,0.3
YPL018W,0.4
YLR450W,0.4
YJR138W,0.4
YOL013C,0.4
YJR155W,0.4
YCR054C,0.4
YKR078W,0.4
YPL116W,0.4
YER040W,0.4
YKL103C,0.4
YAL062W,0.4
YPR005C,0.4
YOR070C,0.4
YJR146W,0.4
YMR094W,0.4
YPL077C,0.4
YLR136C,0.4
YDR151C,0.4
YNR068C,0.4
YOR237W,0.4
YNR010W,0.4
YOL065C,0.4
YNR071C,0.4
YKL083W,0.4
YOL157C,0.4
YNL009W,0.4
YFR030W,0.4
YLR260W,0.4
YLR270W,0.4
YOR388C,0.4
YDR076W,0.4
YLR320W,0.4
YOR114W,0.4
YMR210W,0.4
YER171W,0.4
YBL019W,0.4
YBR114W,0.4
YIR009W,0.4
YOR152C,0.4
YDR150W,0.4
YLR339C,0.4
YBR295W,0.4
YLR425W,0.4
YLR444C,0.4
YNL074C,0.4
YOR227W,0.4
YOR180C,0.4
YJR153W,0.4
YEL062W,0.4
YKR104W,0.4
YCR092C,0.4
YPR047W,0.4
YOR049C,0.4
YDR439W,0.4
YAL024C,0.4
YNL143C,0.4
YJL013C,0.4
YLR070C,0.4
YJL005W,0.4
YMR232W,0.4
YIR028W,0.4
YLR230W,0.4
YLR288C,0.4
YOL152W,0.4
YKL220C,0.4
YNL277W,0.4
YMR320W,0.4
YHR211W,0.4
YAR050W,0.4
YFL033C,0.4
YMR154C,0.4
YNL293W,0.4
YGR070W,0.4
YJR129C,0.4
YBL066C,0.4
YHR104W,0.4
YAR019C,0.4
YIL172C,0.4
YDR247W,0.4
YIR020C,0.4
YPL282C,0.4
YDR219C,0.4
YPL164C,0.4
YBR156C,0.4
YJL035C,0.4
YGR153W,0.4
YFL011W,0.4
YER084W,0.4
YJL058C,0.4
YJL060W,0.4
YDR179C,0.4
YBR203W,0.4
YGL144C,0.4
YBR214W,0.4
YDR104C,0.4
YJL070C,0.4
YPL175W,0.4
YOR313C,0.4
YNL204C,0.4
YPR042C,0.4
YLR098C,0.4
YIL166C,0.4
YIL084C,0.4
YPL272C,0.4
YGL156W,0.4
YDR386W,0.4
YDR409W,0.4
YGL096W,0.4
YGL098W,0.4
YDR332W,0.4
YHL009C,0.4
YDR327W,0.4
YDR259C,0.4
YAR053W,0.4
YIL159W,0.4
YDR421W,0.4
YDL170W,0.4
YPR049C,0.4
YDR059C,0.4
YGR287C,0.4
YHR171W,0.4
YHR176W,0.4
YAR035W,0.4
YDL069C,0.4
YPL261C,0.4
YPL192C,0.4
YGL072C,0.4
YLR178C,0.4
YIL120W,0.4
YBL094C,0.4
YNL014W,0.4
YLR306W,0.4
YBR239C,0.4
YGL131C,0.4
YJL160C,0.4
YJR087W,0.4
YPR101W,0.4
YGL250W,0.4
YJL132W,0.4
YDL244W,0.4
YFL042C,0.4
YFR022W,0.4
YDL175C,0.4
YGR112W,0.4
YDL211C,0.4
YGR042W,0.4
YJL149W,0.4
YPR050C,0.4
YKR101W,0.4
YER185W,0.4
YPL114W,0.4
YJL169W,0.4
YGR064W,0.4
YDL183C,0.4
YGR025W,0.4
YDL041W,0.4
YCL063W,0.4
YJL185C,0.4
YCL016C,0.4
YDL152W,0.4
YEL061C,0.4
YMR198W,0.4
YDR022C,0.4
YCL024W,0.4
YJR095W,0.4
YGR131W,0.4
YCL038C,0.4
YER139C,0.4
YJL083W,0.4
YOR349W,0.4
YMR036C,0.5
YGR239C,0.5
YDR326C,0.5
YDR244W,0.5
YDR380W,0.5
YKL092C,0.5
YFL050C,0.5
YBL060W,0.5
YLR014C,0.5
YML041C,0.5
YMR253C,0.5
YDL091C,0.5
YOL001W,0.5
YMR304W,0.5
YPR093C,0.5
YMR316W,0.5
YPR167C,0.5
YCR105W,0.5
YML037C,0.5
YLR273C,0.5
YDL033C,0.5
YOR350C,0.5
YGR278W,0.5
YLR318W,0.5
YKL197C,0.5
YIL136W,0.5
YHL036W,0.5
YDR192C,0.5
YGR150C,0.5
YMR004W,0.5
YBR180W,0.5
YOR193W,0.5
YDR495C,0.5
YMR163C,0.5
YJL102W,0.5
YBR216C,0.5
YMR207C,0.5
YHL019C,0.5
YGR134W,0.5
YBR194W,0.5
YOR242C,0.5
YGL199C,0.5
YDR488C,0.5
YNL144C,0.5
YCR027C,0.5
YDL107W,0.5
YJL221C,0.5
YMR075W,0.5
YGR219W,0.5
YGR156W,0.5
YBR032W,0.5
YPL219W,0.5
YDL127W,0.5
YPL278C,0.5
YBR047W,0.5
YDR220C,0.5
YCL052C,0.5
YMR287C,0.5
YPR179C,0.5
YPR175W,0.5
YJL049W,0.5
YLR313C,0.5
YPL142C,0.5
YLL060C,0.5
YPL008W,0.5
YNR047W,0.5
YPL150W,0.5
YOL141W,0.5
YOR037W,0.5
YGL194C,0.5
YBR081C,0.5
YLR123C,0.5
YAL054C,0.5
YLR151C,0.5
YER104W,0.5
YOR389W,0.5
YLR161W,0.5
YGL061C,0.5
YOR003W,0.5
YFR045W,0.5
YHR016C,0.5
YGR092W,0.5
YJL099W,0.5
YCR073C,0.5
YLL007C,0.5
YHR172W,0.5
YJR115W,0.5
YMR127C,0.5
YJR089W,0.5
YFL049W,0.5
YDR166C,0.5
YMR284W,0.5
YPR055W,0.5
YJR046W,0.5
YJR012C,0.5
YOL067C,0.5
YJL206C,0.5
YDL013W,0.5
YOL017W,0.5
YDR285W,0.5
YKL136W,0.5
YMR165C,0.5
YBL106C,0.5
YJL119C,0.5
YMR096W,0.5
YNL237W,0.5
YKR073C,0.5
YNR059W,0.5
YDR258C,0.5
YOR102W,0.5
YDR103W,0.5
YGL075C,0.5
YCR066W,0.5
YOR368W,0.5
YOR308C,0.5
YER067W,0.5
YIL150C,0.5
YHR114W,0.5
YNL224C,0.5
YNL223W,0.5
YMR167W,0.5
YMR271C,0.5
YMR065W,0.5
YGL081W,0.5
YOR012W,0.5
YHR067W,0.5
YLR423C,0.5
YLR424W,0.5
YIL095W,0.5
YPL045W,0.5
YLR434C,0.5
YDR387C,0.5
YDR458C,0.5
YIL077C,0.5
YNL242W,0.5
YNL337W,0.5
YNL311C,0.5
YGL041C,0.5
YDL159W,0.5
YCL008C,0.5
YDR195W,0.5
YLR092W,0.5
YLR252W,0.5
YLR263W,0.5
YGL042C,0.5
YIR025W,0.5
YOR353C,0.5
YGL163C,0.5
YEL057C,0.6
YLR163C,0.6
YGL104C,0.6
YDR467C,0.6
YDR205W,0.6
YGL124C,0.6
YFL064C,0.6
YFR003C,0.6
YOL025W,0.6
YLR289W,0.6
YOL087C,0.6
YLL002W,0.6
YKL101W,0.6
YGL125W,0.6
YKR069W,0.6
YDL206W,0.6
YDR485C,0.6
YDR499W,0.6
YER065C,0.6
YGL188C,0.6
YBR193C,0.6
YNL146W,0.6
YDR138W,0.6
YOL036W,0.6
YDR131C,0.6
YER140W,0.6
YDR065W,0.6
YFR026C,0.6
YDR202C,0.6
YER158C,0.6
YER175C,0.6
YNL170W,0.6
YDR438W,0.6
YPR164W,0.6
YLL041C,0.6
YLL006W,0.6
YJL051W,0.6
YLR171W,0.6
YJL046W,0.6
YJL036W,0.6
YOR018W,0.6
YLR362W,0.6
YOR219C,0.6
YLR045C,0.6
YIR003W,0.6
YIL173W,0.6
YLR159W,0.6
YDR379W,0.6
YIL151C,0.6
YLR283W,0.6
YDR350C,0.6
YDL059C,0.6
YNL332W,0.6
YER162C,0.6
YGL049C,0.6
YIL024C,0.6
YHR186C,0.6
YGR080W,0.6
YLR271W,0.6
YLR135W,0.6
YLR055C,0.6
YLR101C,0.6
YJR114W,0.6
YDR351W,0.6
YGL229C,0.6
YER008C,0.6
YFR040W,0.6
YJR004C,0.6
YLR430W,0.6
YKL095W,0.6
YDR227W,0.6
YKL044W,0.6
YKL055C,0.6
YLR086W,0.6
YKL090W,0.6
YKL116C,0.6
YJL135W,0.6
YKL222C,0.6
YJL094C,0.6
YKR035C,0.6
YKR040C,0.6
YKR051W,0.6
YNL126W,0.6
YLL062C,0.6
YLR042C,0.6
YLR376C,0.6
YER075C,0.6
YAL043C,0.6
YEL021W,0.6
YNL183C,0.6
YBR170C,0.6
YMR156C,0.6
YMR160W,0.6
YLR363C,0.6
YPL124W,0.6
YMR064W,0.6
YBR259W,0.6
YGR120C,0.6
YLR382C,0.6
YCL061C,0.6
YMR219W,0.6
YDR268W,0.6
YGR096W,0.6
YKL194C,0.6
YMR164C,0.6
YGR058W,0.6
YCR061W,0.6
YCR086W,0.6
YMR262W,0.6
YGL143C,0.6
YNL249C,0.6
YKL064W,0.6
YMR132C,0.6
YGR002C,0.6
YPR075C,0.6
YMR097C,0.6
YLR394W,0.6
YLR422W,0.6
YHR033W,0.6
YLR440C,0.6
YNR006W,0.6
YLR454W,0.6
YDR436W,0.6
YLR417W,0.6
YAL002W,0.6
YPL188W,0.6
YAL017W,0.6
YAL037W,0.6
YML059C,0.6
YPL036W,0.6
YML068W,0.6
YOR363C,0.6
YBL010C,0.6
YML131W,0.6
YMR030W,0.6
YMR034C,0.6
YMR231W,0.6
YGR215W,0.6
YGR179C,0.6
YMR117C,0.6
YBR012C,0.6
YFR007W,0.6
YKL173W,0.6
YPL071C,0.6
YPR153W,0.6
YFL029C,0.6
YOR076C,0.6
YLR102C,0.6
YKR076W,0.6
YDR423C,0.6
YOR011W,0.6
YOR275C,0.6
YGR256W,0.6
YNL286W,0.6
YER172C,0.6
YOL137W,0.6
YPR117W,0.6
YOR394W,0.6
YNL314W,0.6
YOL154W,0.6
YPR013C,0.6
YER032W,0.6
YPR122W,0.6
YOR113W,0.6
YOR331C,0.6
YGL017W,0.6
YPL072W,0.6
YER101C,0.6
YOR372C,0.6
YPR081C,0.6
YNL020C,0.6
YOR295W,0.6
YPL260W,0.6
YNR058W,0.6
YBR211C,0.6
YOL095C,0.6
YJR106W,0.6
YPL156C,0.6
YLR233C,0.6
YPL113C,0.6
YGR217W,0.6
YJL168C,0.6
YOL016C,0.6
YOR155C,0.6
YKL208W,0.7
YBL053W,0.7
YPR032W,0.7
YBL051C,0.7
YDR160W,0.7
YDR169C,0.7
YNL106C,0.7
YLR165C,0.7
YCL032W,0.7
YLR128W,0.7
YOL081W,0.7
YLR117C,0.7
YHL010C,0.7
YLR112W,0.7
YLR087C,0.7
YBL084C,0.7
YDL194W,0.7
YOR385W,0.7
YJL009W,0.7
YDL240W,0.7
YNL297C,0.7
YKL020C,0.7
YGR104C,0.7
YNL136W,0.7
YJL100W,0.7
YKR031C,0.7
YPR003C,0.7
YDL028C,0.7
YGL154C,0.7
YMR234W,0.7
YJL095W,0.7
YLR246W,0.7
YOR127W,0.7
YPL161C,0.7
YOL066C,0.7
YBR007C,0.7
YJL039C,0.7
YBL089W,0.7
YBL086C,0.7
YPL133C,0.7
YBR071W,0.7
YPR106W,0.7
YLR040C,0.7
YGL254W,0.7
YDR207C,0.7
YOR087W,0.7
YHR105W,0.7
YOR077W,0.7
YPR186C,0.7
YJR156C,0.7
YEL012W,0.7
YIL087C,0.7
YPL213W,0.7
YDL142C,0.7
YPR066W,0.7
YNL328C,0.7
YGR140W,0.7
YKR050W,0.7
YPL080C,0.7
YJR066W,0.7
YDR143C,0.7
YIL042C,0.7
YDR164C,0.7
YGL197W,0.7
YOR216C,0.7
YOR307C,0.7
YHR100C,0.7
YNL083W,0.7
YFL025C,0.7
YBL023C,0.7
YAR042W,0.7
YJL073W,0.7
YLL049W,0.7
YOL105C,0.7
YPL041C,0.7
YOR211C,0.7
YLR396C,0.7
YKL098W,0.7
YPL120W,0.7
YNL167C,0.7
YHL044W,0.7
YOR132W,0.7
YKR075C,0.7
YKR064W,0.7
YLR317W,0.7
YPL236C,0.7
YGR129W,0.7
YKL123W,0.7
YIR033W,0.7
YOR324C,0.7
YLR414C,0.7
YKR004C,0.7
YOR036W,0.7
YDR289C,0.7
YNR045W,0.7
YOR105W,0.7
YDR279W,0.7
YGR133W,0.7
YOL106W,0.7
YDR262W,0.7
YDR249C,0.7
YDR530C,0.7
YCR028C,0.7
YBR217W,0.7
YOR258W,0.7
YDR200C,0.7
YGL133W,0.7
YBL037W,0.7
YDR130C,0.7
YGL174W,0.7
YCR089W,0.7
YOR334W,0.7
YPL148C,0.7
YDR014W,0.7
YDR209C,0.7
YDR013W,0.7
YDR383C,0.7
YFL055W,0.7
YMR056C,0.7
YFL065C,0.7
YFL054C,0.7
YFL047W,0.7
YFL034W,0.7
YER188W,0.7
YJL116C,0.7
YFR021W,0.7
YMR185W,0.7
YMR178W,0.7
YDR391C,0.7
YMR140W,0.7
YPL076W,0.7
YEL075C,0.7
YDR277C,0.7
YJL110C,0.7
YER007W,0.7
YMR174C,0.7
YER170W,0.7
YFL020C,0.7
YGL057C,0.7
YBL005W,0.7
YJR062C,0.7
YPR126C,0.7
YAL047C,0.7
YOL159C,0.7
YDL119C,0.7
YGR015C,0.7
YBR255W,0.7
YFR008W,0.7
YOL058W,0.7
YGR130C,0.7
YJL024C,0.7
YBR237W,0.7
YBR272C,0.7
YOL150C,0.7
YDR096W,0.7
YLR368W,0.7
YMR265C,0.7
YNL331C,0.7
YCL073C,0.7
YLR324W,0.7
YDL197C,0.7
YPR085C,0.7
YER013W,0.7
YBR233W,0.7
YER173W,0.7
YOR289W,0.7
YJR006W,0.7
YDR419W,0.7
YDL101C,0.7
YPR121W,0.7
YLR408C,0.7
YAL015C,0.8
YGL208W,0.8
YLR007W,0.8
YJL199C,0.8
YJL204C,0.8
YBR060C,0.8
YLR251W,0.8
YMR115W,0.8
YML057W,0.8
YLR349W,0.8
YMR124W,0.8
YLR346C,0.8
YJL142C,0.8
YLR139C,0.8
YJR093C,0.8
YPR155C,0.8
YJL118W,0.8
YCR019W,0.8
YGR207C,0.8
YNL115C,0.8
YPL167C,0.8
YDR363W,0.8
YLR356W,0.8
YJL162C,0.8
YFL008W,0.8
YDL105W,0.8
YMR136W,0.8
YMR173W,0.8
YOR290C,0.8
YPL107W,0.8
YIL013C,0.8
YLR227C,0.8
YLR410W,0.8
YLL051C,0.8
YKL151C,0.8
YML112W,0.8
YPL055C,0.8
YPL140C,0.8
YNL082W,0.8
YIL119C,0.8
YBL043W,0.8
YKR106W,0.8
YGR091W,0.8
YNR032W,0.8
YML091C,0.8
YJL203W,0.8
YLR464W,0.8
YMR258C,0.8
YKL089W,0.8
YLR189C,0.8
YLR190W,0.8
YKL061W,0.8
YOR080W,0.8
YMR087W,0.8
YJR083C,0.8
YOR110W,0.8
YOR225W,0.8
YGR202C,0.8
YMR291W,0.8
YER060W,0.8
YOL135C,0.8
YDR204W,0.8
YMR066W,0.8
YDR113C,0.8
YFR029W,0.8
YJR154W,0.8
YNL073W,0.8
YOR208W,0.8
YMR257C,0.8
YLR194C,0.8
YKL198C,0.8
YOR371C,0.8
YLR032W,0.8
YDL045C,0.8
YGR201C,0.8
YNL253W,0.8
YDR066C,0.8
YGL179C,0.8
YDR420W,0.8
YGL168W,0.8
YNL245C,0.8
YGL140C,0.8
YER180C,0.8
YPL040C,0.8
YAL031C,0.8
YKL217W,0.8
YOR249C,0.8
YIL101C,0.8
YDR080W,0.8
YOL165C,0.8
YLR240W,0.8
YPR141C,0.8
YBR097W,0.8
YOL045W,0.8
YHR022C,0.8
YPL253C,0.8
YGL093W,0.8
YNL054W,0.8
YPL233W,0.8
YDR444W,0.8
YBL064C,0.8
YHR097C,0.8
YBL071C,0.8
YGL193C,0.8
YPR091C,0.8
YLR242C,0.8
YNR014W,0.8
YCL042W,0.8
YBR292C,0.8
YOR377W,0.8
YDL156W,0.8
YBR227C,0.8
YBR215W,0.8
YBR197C,0.8
YBR183W,0.8
YNR019W,0.8
YPR068C,0.8
YJL214W,0.8
YOR126C,0.8
YDL193W,0.8
YNL279W,0.8
YBR094W,0.8
YNR051C,0.8
YPL241C,0.8
YGL223C,0.8
YBR044C,0.8
YJL057C,0.8
YBR013C,0.8
YGR237C,0.8
YJR040W,0.8
YDR453C,0.8
YDR288W,0.8
YDL210W,0.8
YOL072W,0.8
YOL075C,0.8
YOR053W,0.8
YGL036W,0.8
YIL108W,0.8
YIL112W,0.8
YLR182W,0.8
YDL044C,0.8
YIL169C,0.8
YOL082W,0.8
YNL159C,0.8
YPR107C,0.8
YDR054C,0.8
YOR059C,0.8
YHR178W,0.8
YCR093W,0.8
YML109W,0.8
YPL162C,0.8
YJL194W,0.8
YFR016C,0.8
YDL017W,0.8
YJR047C,0.8
YJL165C,0.8
YPL184C,0.8
YDR520C,0.8
YDR490C,0.8
YCR042C,0.8
YHR198C,0.8
YIL003W,0.8
YGL237C,0.8
YHR150W,0.8
YHR151C,0.8
YGR184C,0.8
YDR074W,0.8
YGR075C,0.9
YIL164C,0.9
YKL025C,0.9
YDR338C,0.9
YGL065C,0.9
YGL241W,0.9
YMR273C,0.9
YDR315C,0.9
YER157W,0.9
YOR147W,0.9
YDL180W,0.9
YIL050W,0.9
YER182W,0.9
YDL115C,0.9
YJR127C,0.9
YDL109C,0.9
YNL148C,0.9
YER189W,0.9
YPR203W,0.9
YGL064C,0.9
YJL090C,0.9
YOR221C,0.9
YOR292C,0.9
YGL236C,0.9
YOR218C,0.9
YGL128C,0.9
YKL043W,0.9
YEL004W,0.9
YDR183W,0.9
YER132C,0.9
YDR142C,0.9
YPR162C,0.9
YGL047W,0.9
YML020W,0.9
YEL016C,0.9
YOR169C,0.9
YGL185C,0.9
YDR524C,0.9
YEL023C,0.9
YDR486C,0.9
YOR284W,0.9
YGL117W,0.9
YDR057W,0.9
YLR462W,0.9
YER093C,0.9
YER119C,0.9
YDR206W,0.9
YPR084W,0.9
YKR086W,0.9
YPR079W,0.9
YLR119W,0.9
YLR373C,0.9
YIL036W,0.9
YOL018C,0.9
YPL099C,0.9
YKL193C,0.9
YDR197W,0.9
YHR117W,0.9
YJR151C,0.9
YHR134W,0.9
YGR048W,0.9
YKL010C,0.9
YKL033W,0.9
YPL003W,0.9
YGR072W,0.9
YJR122W,0.9
YKL105C,0.9
YKL111C,0.9
YKL201C,0.9
YJR078W,0.9
YMR078C,0.9
YPL103C,0.9
YPL196W,0.9
YJL108C,0.9
YJL019W,0.9
YIL061C,0.9
YNL334C,0.9
YJL003W,0.9
YJL131C,0.9
YDR073W,0.9
YIL031W,0.9
YIR036C,0.9
YIR010W,0.9
YBL034C,0.9
YFR014C,0.9
YIL141W,0.9
YOR337W,0.9
YPR161C,0.9
YPL193W,0.9
YPL083C,0.9
YPR025C,0.9
YLR386W,0.9
YKR022C,0.9
YKR067W,0.9
YBR053C,0.9
YER143W,0.9
YIL139C,0.9
YDR375C,0.9
YOL076W,0.9
YBR050C,0.9
YBR161W,0.9
YIL049W,0.9
YOR030W,0.9
YDR004W,0.9
YPR044C,0.9
YDR030C,0.9
YBR231C,0.9
YHR164C,0.9
YNL059C,0.9
YHR216W,0.9
YCR079W,0.9
YLR245C,0.9
YDL077C,0.9
YCL029C,0.9
YLR219W,0.9
YLR411W,0.9
YLR353W,0.9
YGL166W,0.9
YLL053C,0.9
YLL058W,0.9
YJL141C,0.9
YPL069C,0.9
YHL006C,0.9
YPL084W,0.9
YPL238C,0.9
YAR066W,0.9
YLR152C,0.9
YPL250C,0.9
YLR168C,0.9
YBL009W,0.9
YBL029W,0.9
YNL072W,0.9
YMR283C,0.9
YPL016W,0.9
YDL035C,0.9
YOR090C,0.9
YNL047C,0.9
YMR252C,0.9
YNL008C,0.9
YJL137C,0.9
YPL242C,0.9
YNL274C,0.9
YGR100W,0.9
YNL278W,0.9
YLR439W,0.9
YOR060C,0.9
YNL227C,0.9
YER142C,0.9
YNR049C,0.9
YOL034W,0.9
YNL275W,0.9
YDR123C,0.9
YKR063C,0.9
YOR044W,0.9
YPL270W,0.9
YLR116W,0.9
YDR283C,0.9
YNL176C,0.9
YOL155C,0.9
YHR120W,0.9
YOL107W,0.9
YBR213W,0.9
YCR039C,0.9
YPR134W,0.9
YNL011C,0.9
YMR281W,0.9
YNL187W,0.9
YMR255W,0.9
YOR025W,0.9
YOL048C,0.9
YIL026C,0.9
YJR090C,0.9
YBL008W,0.9
YGR144W,0.9
YOR093C,0.9
YNR008W,0.9
YDR506C,1.0
YJL031C,1.0
YLR433C,1.0
YHR038W,1.0
YGR003W,1.0
YCR071C,1.0
YDR393W,1.0
YGL121C,1.0
YIL134W,1.0
YMR282C,1.0
YCR065W,1.0
YOR250C,1.0
YML025C,1.0
YDR422C,1.0
YDR489W,1.0
YGL201C,1.0
YKL108W,1.0
YOR075W,1.0
YLR442C,1.0
YBR130C,1.0
YDR469W,1.0
YPR189W,1.0
YPL075W,1.0
YML013W,1.0
YPL155C,1.0
YDR020C,1.0
YOR374W,1.0
YGR111W,1.0
YDR287W,1.0
YKL141W,1.0
YKL148C,1.0
YBR301W,1.0
YJR092W,1.0
YHL030W,1.0
YDL009C,1.0
YER123W,1.0
YKR095W,1.0
YLR299W,1.0
YML117W,1.0
YLR193C,1.0
YOR040W,1.0
YML111W,1.0
YGR194C,1.0
YMR055C,1.0
YAL011W,1.0
YHR079C,1.0
YOL164W,1.0
YBR290W,1.0
YDR319C,1.0
YPR174C,1.0
YBL046W,1.0
YML049C,1.0
YOR013W,1.0
YDL104C,1.0
YLL003W,1.0
YML104C,1.0
YMR193W,1.0
YBR204C,1.0
YOR107W,1.0
YLR148W,1.0
YLR284C,1.0
YGL113W,1.0
YGL006W,1.0
YGL088W,1.0
YGR268C,1.0
YPL258C,1.0
YCR052W,1.0
YHR002W,1.0
YJR096W,1.0
YJR107W,1.0
YDR265W,1.0
YDR282C,1.0
YMR026C,1.0
YMR275C,1.0
YOL044W,1.0
YOR347C,1.0
YNL198C,1.0
YPR185W,1.0
YDR137W,1.0
YLR071C,1.0
YPL180W,1.0
YLL038C,1.0
YGR099W,1.0
YPR031W,1.0
YDR243C,1.0
YOR064C,1.0
YOL078W,1.0
YER093C,1.0
YLL015W,1.0
YDL090C,1.0
YOL003C,1.0
YNL251C,1.0
YHR102W,1.0
YER078C,1.0
YPL181W,1.0
YPL259C,1.0
YDL110C,1.0
YPR022C,1.0
YGL086W,1.0
YGL211W,1.0
YCR088W,1.0
YFL044C,1.0
YOR296W,1.0
YLR310C,1.0
YGR149W,1.0
YOR033C,1.0
YGL073W,1.0
YIR001C,1.0
YOR054C,1.0
YKL022C,1.0
YIL165C,1.0
YOR079C,1.0
YGL219C,1.0
YGL071W,1.0
YOR129C,1.0
YMR299C,1.0
YLR258W,1.0
YGR154C,1.0
YDR034C,1.0
YGR021W,1.0
YGR274C,1.0
YMR179W,1.0
YNL041C,1.0
YFL036W,1.0
YPL138C,1.0
YGR198W,1.0
YNL133C,1.0
YDR462W,1.0
YEL076C,1.0
YNR034W,1.0
YDR191W,1.0
YJL044C,1.0
YNL184C,1.0
YBR258C,1.0
YLR133W,1.0
YFL060C,1.0
YKR044W,1.0
YNL114C,1.0
YJL170C,1.0
YPL202C,1.0
YMR110C,1.0
YNL051W,1.0
YEL064C,1.0
YOR028C,1.0
YLR160C,1.0
YKR090W,1.0
YNL042W,1.0
YER053C,1.0
YDR117C,1.0
YDR316W,1.1
YDR246W,1.1
YNL027W,1.1
YOL028C,1.1
YMR278W,1.1
YML054C,1.1
YDR307W,1.1
YLR046C,1.1
YLR132C,1.1
YKL121W,1.1
YLR076C,1.1
YLR033W,1.1
YPL056C,1.1
YNL325C,1.1
YNL103W,1.1
YOR278W,1.1
YDR505C,1.1
YNL265C,1.1
YGR223C,1.1
YBR260C,1.1
YPR011C,1.1
YPR135W,1.1
YBR293W,1.1
YNL317W,1.1
YLR361C,1.1
YBR281C,1.1
YPL255W,1.1
YKL100C,1.1
YPL052W,1.1
YDR222W,1.1
YNL172W,1.1
YDR231C,1.1
YOL145C,1.1
YDR213W,1.1
YDL043C,1.1
YPR180W,1.1
YLR456W,1.1
YGR032W,1.1
YAR028W,1.1
YKR096W,1.1
YPL051W,1.1
YLR001C,1.1
YHL014C,1.1
YLR010C,1.1
YOL008W,1.1
YIL131C,1.1
YPL088W,1.1
YDR405W,1.1
YLR277C,1.1
YGR011W,1.1
YDR270W,1.1
YER045C,1.1
YPL141C,1.1
YER168C,1.1
YOR141C,1.1
YOR172W,1.1
YER028C,1.1
YHL032C,1.1
YPL137C,1.1
YML032C,1.1
YGL038C,1.1
YMR016C,1.1
YMR313C,1.1
YEL068C,1.1
YKR061W,1.1
YHR194W,1.1
YOR112W,1.1
YGR113W,1.1
YLR225C,1.1
YDR320C,1.1
YDR301W,1.1
YPL228W,1.1
YER061C,1.1
YDR362C,1.1
YIR002C,1.1
YOL089C,1.1
YFR013W,1.1
YFL013C,1.1
YPL029W,1.1
YHL007C,1.1
YIL149C,1.1
YIR041W,1.1
YPL006W,1.1
YJL176C,1.1
YMR211W,1.1
YLR210W,1.1
YMR187C,1.1
YLR144C,1.1
YBR119W,1.1
YER128W,1.1
YFR039C,1.1
YKL038W,1.1
YJL029C,1.1
YDL138W,1.1
YLR383W,1.1
YDR460W,1.1
YFR042W,1.1
YAL001C,1.1
YML015C,1.1
YOL071W,1.1
YDL056W,1.1
YOR205C,1.1
YOL060C,1.1
YMR098C,1.1
YIL125W,1.1
YCR067C,1.1
YGL203C,1.1
YAL010C,1.1
YOL009C,1.1
YHR028C,1.1
YMR013C,1.1
YNL213C,1.1
YPR198W,1.1
YER014W,1.1
YOL053W,1.1
YDR329C,1.1
YGR041W,1.1
YOR069W,1.1
YOR256C,1.1
YDR334W,1.1
YHL035C,1.1
YJR091C,1.1
YNL234W,1.1
YPR105C,1.1
YBR229C,1.1
YOR022C,1.1
YMR048W,1.1
YJL207C,1.1
YNL091W,1.1
YLR323C,1.1
YDR414C,1.1
YCR011C,1.1
YNL201C,1.1
YEL049W,1.1
YJL181W,1.1
YDR479C,1.1
YDR470C,1.1
YDR052C,1.1
YPR070W,1.1
YOL055C,1.1
YER068W,1.1
YDR415C,1.1
YNL173C,1.1
YPR160W,1.1
YJL188C,1.1
YJR131W,1.2
YDL088C,1.2
YNL076W,1.2
YCR102C,1.2
YLR107W,1.2
YLR215C,1.2
YLR206W,1.2
YBR270C,1.2
YPR071W,1.2
YOR352W,1.2
YLR205C,1.2
YLR209C,1.2
YLR157C,1.2
YPR065W,1.2
YGR141W,1.2
YBR269C,1.2
YLL061W,1.2
YIL007C,1.2
YIL001W,1.2
YHR204W,1.2
YBR120C,1.2
YLR081W,1.2
YNL299W,1.2
YGL145W,1.2
YGR040W,1.2
YGL215W,1.2
YHR112C,1.2
YPR046W,1.2
YMR199W,1.2
YDR318W,1.2
YBR165W,1.2
YHR116W,1.2
YKL011C,1.2
YNL174W,1.2
YOR171C,1.2
YDR463W,1.2
YIL161W,1.2
YER111C,1.2
YJL156C,1.2
YNL222W,1.2
YDR416W,1.2
YIL137C,1.2
YIL093C,1.2
YBR202W,1.2
YPL190C,1.2
YNL150W,1.2
YPR019W,1.2
YGL190C,1.2
YLR418C,1.2
YPR056W,1.2
YDL190C,1.2
YNL257C,1.2
YNL236W,1.2
YKR036C,1.2
YJL025W,1.2
YGR218W,1.2
YBL059W,1.2
YIL128W,1.2
YKR007W,1.2
YKR016W,1.2
YBR028C,1.2
YIR024C,1.2
YNL049C,1.2
YBR056W,1.2
YBR074W,1.2
YKR100C,1.2
YBR103W,1.2
YBR107C,1.2
YLR332W,1.2
YKL034W,1.2
YLR082C,1.2
YOR109W,1.2
YJR109C,1.2
YNL225C,1.2
YHR074W,1.2
YLR026C,1.2
YHR054C,1.2
YJR079W,1.2
YHR158C,1.2
YBR024W,1.2
YDL224C,1.2
YJR130C,1.2
YMR294W,1.2
YAL027W,1.2
YJR142W,1.2
YHL008C,1.2
YLR298C,1.2
YNL142W,1.2
YNL271C,1.2
YHL040C,1.2
YAL041W,1.2
YDR128W,1.2
YER105C,1.2
YGL247W,1.2
YGR222W,1.2
YDR111C,1.2
YMR031C,1.2
YPL022W,1.2
YER034W,1.2
YLL001W,1.2
YLR191W,1.2
YDR163W,1.2
YOR118W,1.2
YJR005W,1.2
YDL129W,1.2
YFR041C,1.2
YGL261C,1.2
YMR222C,1.2
YDR067C,1.2
YER024W,1.2
YMR237W,1.2
YDR452W,1.2
YDR528W,1.2
YHR071W,1.2
YOR269W,1.2
YDR430C,1.2
YOR328W,1.2
YHR165C,1.2
YMR119W,1.2
YEL025C,1.2
YBR222C,1.2
YNL304W,1.2
YEL076C,1.2
YPR178W,1.2
YMR268C,1.2
YCR075C,1.2
YDL123W,1.2
YNL118C,1.2
YDR306C,1.2
YDR456W,1.2
YML076C,1.2
YOR057W,1.2
YBR093C,1.2
YFR025C,1.2
YER166W,1.2
YJL076W,1.2
YER147C,1.2
YGL108C,1.2
YDR162C,1.2
YDL120W,1.2
YOR038C,1.2
YAR071W,1.2
YPL104W,1.2
YGL181W,1.2
YHR161C,1.3
YDR229W,1.3
YJR147W,1.3
YMR240C,1.3
YPL058C,1.3
YDR148C,1.3
YJR050W,1.3
YFL016C,1.3
YHR059W,1.3
YHR078W,1.3
YKR008W,1.3
YNL316C,1.3
YPL067C,1.3
YDR473C,1.3
YKL040C,1.3
YLR057W,1.3
YMR023C,1.3
YDR466W,1.3
YBL014C,1.3
YOL042W,1.3
YPR104C,1.3
YER059W,1.3
YPL268W,1.3
YLR019W,1.3
YJL213W,1.3
YMR073C,1.3
YPL009C,1.3
YMR059W,1.3
YPL229W,1.3
YDR411C,1.3
YDR159W,1.3
YLL035W,1.3
YDR147W,1.3
YNL272C,1.3
YKL183W,1.3
YDR157W,1.3
YGL021W,1.3
YBR005W,1.3
YKR083C,1.3
YKR037C,1.3
YGL095C,1.3
YKR021W,1.3
YKR052C,1.3
YOL033W,1.3
YML114C,1.3
YCR069W,1.3
YBR200W,1.3
YGR169C,1.3
YPR017C,1.3
YDR325W,1.3
YBR167C,1.3
YLR059C,1.3
YOR158W,1.3
YDR198C,1.3
YKL132C,1.3
YNL212W,1.3
YER151C,1.3
YGR233C,1.3
YNR011C,1.3
YJR034W,1.3
YPL100W,1.3
YNL215W,1.3
YBL096C,1.3
YBR110W,1.3
YHR058C,1.3
YMR209C,1.3
YDR027C,1.3
YIL002C,1.3
YCR083W,1.3
YKL072W,1.3
YNL029C,1.3
YOR191W,1.3
YIL005W,1.3
YMR042W,1.3
YDR110W,1.3
YGL014W,1.3
YDL177C,1.3
YGL004C,1.3
YNR023W,1.3
YOR274W,1.3
YDL050C,1.3
YFR048W,1.3
YOR373W,1.3
YBR001C,1.3
YJL127C,1.3
YMR020W,1.3
YER069W,1.3
YLR451W,1.3
YER161C,1.3
YOL043C,1.3
YJL197W,1.3
YGR116W,1.3
YPL074W,1.3
YPL042C,1.3
YML064C,1.3
YER079W,1.3
YHL004W,1.3
YCL017C,1.3
YJR152W,1.3
YNL273W,1.3
YCR020C,1.3
YHR023W,1.3
YDR305C,1.3
YKL109W,1.3
YGL162W,1.3
YGR109C,1.3
YKL015W,1.3
YGL169W,1.3
YGL067W,1.3
YGL116W,1.3
YOL063C,1.3
YGL142C,1.3
YDR003W,1.3
YMR301C,1.3
YPL125W,1.3
YMR288W,1.3
YNL261W,1.3
YNL333W,1.3
YOR390W,1.3
YHR199C,1.3
YDR376W,1.3
YML065W,1.3
YPL168W,1.3
YHL023C,1.4
YMR100W,1.4
YJR136C,1.4
YMR166C,1.4
YIL105C,1.4
YMR218C,1.4
YHR077C,1.4
YJL020C,1.4
YJR137C,1.4
YIL135C,1.4
YML107C,1.4
YER114C,1.4
YOL083W,1.4
YLR138W,1.4
YML071C,1.4
YBR245C,1.4
YIR038C,1.4
YOR014W,1.4
YDR303C,1.4
YGR121C,1.4
YPR156C,1.4
YML031W,1.4
YJR149W,1.4
YMR019W,1.4
YFR002W,1.4
YDR331W,1.4
YDR482C,1.4
YLR443W,1.4
YBR195C,1.4
YAL051W,1.4
YPL046C,1.4
YHR214W,1.4
YHR073W,1.4
YJR051W,1.4
YEL020C,1.4
YJL209W,1.4
YPR194C,1.4
YHR167W,1.4
YLR096W,1.4
YNL086W,1.4
YOR149C,1.4
YHR122W,1.4
YGL060W,1.4
YDR088C,1.4
YPL001W,1.4
YLR398C,1.4
YMR090W,1.4
YER058W,1.4
YPR172W,1.4
YGL151W,1.4
YML102W,1.4
YOR367W,1.4
YIL140W,1.4
YFL021W,1.4
YOR299W,1.4
YDR352W,1.4
YKL219W,1.4
YCL027W,1.4
YLR166C,1.4
YOL090W,1.4
YMR021C,1.4
YGL233W,1.4
YGL153W,1.4
YDR370C,1.4
YJR097W,1.4
YDR001C,1.4
YLR115W,1.4
YFR043C,1.4
YOR201C,1.4
YOR042W,1.4
YJR056C,1.4
YBR188C,1.4
YJR134C,1.4
YOR330C,1.4
YIR021W,1.4
YOR074C,1.4
YDL241W,1.4
YOL128C,1.4
YBR026C,1.4
YOR104W,1.4
YPL279C,1.4
YDL225W,1.4
YBR113W,1.4
YLR326W,1.4
YBL098W,1.4
YDL161W,1.4
YBL095W,1.4
YOR279C,1.4
YLR181C,1.4
YBR235W,1.4
YKR047W,1.4
YKR049C,1.4
YLL055W,1.4
YGL027C,1.4
YNL294C,1.4
YLR419W,1.4
YDR049W,1.4
YKL189W,1.4
YPR127W,1.4
YAL026C,1.4
YGL224C,1.4
YOL011W,1.4
YCR003W,1.4
YBR063C,1.4
YLR084C,1.4
YBR059C,1.4
YLR094C,1.4
YLR155C,1.4
YPL267W,1.4
YBR095C,1.4
YCR023C,1.4
YGR010W,1.4
YGR012W,1.4
YLR039C,1.4
YGR035C,1.4
YHR129C,1.4
YLR278C,1.4
YOR322C,1.4
YML029W,1.4
YNL254C,1.4
YGR030C,1.4
YML005W,1.4
YDR239C,1.4
YOR336W,1.5
YCR076C,1.5
YLR085C,1.5
YKL039W,1.5
YIL147C,1.5
YMR032W,1.5
YKL051W,1.5
YCR087W,1.5
YHR111W,1.5
YNL068C,1.5
YBR278W,1.5
YKL142W,1.5
YLL019C,1.5
YGL085W,1.5
YGR171C,1.5
YBR046C,1.5
YIR005W,1.5
YDR503C,1.5
YDR407C,1.5
YLR072W,1.5
YFL007W,1.5
YDR451C,1.5
YDL010W,1.5
YLR265C,1.5
YML099C,1.5
YGL216W,1.5
YGL119W,1.5
YMR077C,1.5
YNL193W,1.5
YOL119C,1.5
YLR438W,1.5
YLR201C,1.5
YLR371W,1.5
YLR202C,1.5
YPL224C,1.5
YDL132W,1.5
YOR066W,1.5
YER035W,1.5
YLR224W,1.5
YDR392W,1.5
YER076C,1.5
YBR123C,1.5
YGL130W,1.5
YJL068C,1.5
YDR058C,1.5
YMR228W,1.5
YML103C,1.5
YLR177W,1.5
YNR031C,1.5
YPL206C,1.5
YGR216C,1.5
YOL073C,1.5
YBL082C,1.5
YOR231W,1.5
YNL298W,1.5
YNL191W,1.5
YML098W,1.5
YKR055W,1.5
YOR301W,1.5
YMR028W,1.5
YIL106W,1.5
YPL240C,1.5
YJL112W,1.5
YER137C,1.5
YHR050W,1.5
YOL144W,1.5
YGR266W,1.5
YDR028C,1.5
YKL088W,1.5
YMR161W,1.5
YOR266W,1.5
YLR309C,1.5
YHL031C,1.5
YKL049C,1.5
YER176W,1.5
YNL267W,1.5
YBL104C,1.5
YHR215W,1.5
YPL065W,1.5
YHL048W,1.5
YKL218C,1.5
YDL005C,1.5
YNL329C,1.5
YDL134C,1.5
YPL085W,1.5
YJR082C,1.5
YHL002W,1.5
YNL053W,1.5
YBL101C,1.5
YNR057C,1.5
YDR089W,1.5
YGR199W,1.5
YOL108C,1.5
YNL233W,1.5
YKL052C,1.5
YDR236C,1.5
YPL097W,1.6
YNL202W,1.6
YMR293C,1.6
YPL215W,1.6
YHR017W,1.6
YOR166C,1.6
YMR134W,1.6
YGR230W,1.6
YLR025W,1.6
YKL206C,1.6
YOR023C,1.6
YGL005C,1.6
YFL059W,1.6
YLR390W,1.6
YLR199C,1.6
YBL047C,1.6
YNL197C,1.6
YLR204W,1.6
YNR028W,1.6
YLR183C,1.6
YDL036C,1.6
YBR129C,1.6
YPL096W,1.6
YIR023W,1.6
YBL025W,1.6
YDR336W,1.6
YCL005W,1.6
YOR273C,1.6
YDL086W,1.6
YBL057C,1.6
YGR065C,1.6
YDL054C,1.6
YGR073C,1.6
YDR286C,1.6
YML082W,1.6
YLR357W,1.6
YLR274W,1.6
YKL143W,1.6
YDL160C,1.6
YKL075C,1.6
YMR171C,1.6
YBR008C,1.6
YJR019C,1.6
YDL202W,1.6
YML023C,1.6
YKR062W,1.6
YDR311W,1.6
YDL133W,1.6
YGR186W,1.6
YOR297C,1.6
YML088W,1.6
YMR027W,1.6
YJL071W,1.6
YJL092W,1.6
YCL034W,1.6
YLR389C,1.6
YKL155C,1.6
YPL182C,1.6
YOR304W,1.6
YGR004W,1.6
YJL072C,1.6
YOL062C,1.6
YNL310C,1.6
YLR063W,1.6
YHR119W,1.6
YLR321C,1.6
YBR122C,1.6
YML062C,1.6
YDR406W,1.6
YPL108W,1.6
YMR067C,1.6
YBR055C,1.6
YOR252W,1.6
YHR034C,1.6
YMR024W,1.6
YGL150C,1.6
YHR031C,1.6
YOR228C,1.6
YBR208C,1.6
YOR111W,1.6
YKL041W,1.6
YBL067C,1.6
YLR223C,1.6
YNL200C,1.6
YJR022W,1.6
YGL043W,1.6
YDR235W,1.6
YGL107C,1.6
YHR036W,1.6
YDR061W,1.6
YML038C,1.6
YLR226W,1.6
YLR319C,1.6
YOR238W,1.6
YGR163W,1.6
YBR251W,1.6
YNL035C,1.6
YER149C,1.6
YLR412W,1.6
YHL046C,1.6
YHR082C,1.6
YDR435C,1.7
YDR293C,1.7
YOR154W,1.7
YDL141W,1.7
YAL055W,1.7
YLR015W,1.7
YPL068C,1.7
YCL037C,1.7
YGL248W,1.7
YDL167C,1.7
YDR448W,1.7
YDL108W,1.7
YLR021W,1.7
YDR349C,1.7
YPL047W,1.7
YDR079W,1.7
YFL024C,1.7
YKL066W,1.7
YFL004W,1.7
YDR108W,1.7
YPL034W,1.7
YOR034C,1.7
YPR006C,1.7
YAL013W,1.7
YOR185C,1.7
YJL187C,1.7
YMR035W,1.7
YDR146C,1.7
YBR201W,1.7
YHR087W,1.7
YIL129C,1.7
YAL058W,1.7
YPR034W,1.7
YGL228W,1.7
YDR296W,1.7
YBL015W,1.7
YPR199C,1.7
YLR239C,1.7
YLR093C,1.7
YGL243W,1.7
YLR461W,1.7
YIL138C,1.7
YDR180W,1.7
YOR316C,1.7
YDR005C,1.7
YIL022W,1.7
YMR009W,1.7
YNL264C,1.7
YKL215C,1.7
YLR095C,1.7
YLR106C,1.7
YDL231C,1.7
YLL010C,1.7
YJL074C,1.7
YNL185C,1.7
YPL134C,1.7
YGL129C,1.7
YHR207C,1.7
YBR287W,1.7
YLR200W,1.7
YPL095C,1.7
YDL006W,1.7
YPR021C,1.7
YHL047C,1.7
YNL326C,1.7
YGL226W,1.7
YDR075W,1.7
YMR285C,1.7
YGR049W,1.7
YJR031C,1.7
YNL258C,1.7
YEL052W,1.7
YPL007C,1.7
YBR022W,1.7
YEL039C,1.7
YDL080C,1.7
YBR058C,1.7
YGL207W,1.7
YOR245C,1.7
YBR241C,1.8
YHR202W,1.8
YMR152W,1.8
YGR284C,1.8
YHL029C,1.8
YBR141C,1.8
YER169W,1.8
YPL057C,1.8
YPL203W,1.8
YGL050W,1.8
YBL069W,1.8
YDL001W,1.8
YGR125W,1.8
YNL238W,1.8
YDR107C,1.8
YDL058W,1.8
YJL180C,1.8
YER017C,1.8
YKL168C,1.8
YDL207W,1.8
YGR097W,1.8
YGL164C,1.8
YBR163W,1.8
YCR017C,1.8
YPL214C,1.8
YFR038W,1.8
YEL066W,1.8
YDR372C,1.8
YNR074C,1.8
YAR014C,1.8
YNL165W,1.8
YAR027W,1.8
YIL124W,1.8
YDR511W,1.8
YPR057W,1.8
YOR202W,1.8
YGR228W,1.8
YDR441C,1.8
YNL164C,1.8
YPL208W,1.8
YGR102C,1.8
YOR213C,1.8
YKL059C,1.8
YGL094C,1.8
YLR016C,1.8
YPL002C,1.8
YKR028W,1.8
YDR228C,1.8
YNL161W,1.8
YIR008C,1.8
YLR427W,1.8
YML051W,1.8
YJR126C,1.8
YDL065C,1.8
YMR014W,1.8
YJL104W,1.8
YOR092W,1.8
YLR103C,1.8
YKR087C,1.8
YJR159W,1.8
YOR097C,1.8
YLL042C,1.8
YDL102W,1.8
YDR394W,1.8
YJR125C,1.8
YOR071C,1.8
YIL068C,1.8
YNL094W,1.8
YJL218W,1.8
YKL130C,1.8
YPL089C,1.8
YGL091C,1.8
YCL001W,1.8
YJR080C,1.8
YHR154W,1.8
YIL010W,1.8
YJR084W,1.8
YOR188W,1.8
YGL087C,1.8
YJR132W,1.8
YKL057C,1.8
YOR148C,1.8
YMR135C,1.8
YNL125C,1.8
YMR220W,1.8
YPL015C,1.9
YCL047C,1.9
YAL009W,1.9
YLR097C,1.9
YCL010C,1.9
YIL044C,1.9
YJL054W,1.9
YBR246W,1.9
YPR067W,1.9
YLR211C,1.9
YDL217C,1.9
YBR234C,1.9
YKL087C,1.9
YLR305C,1.9
YKR010C,1.9
YDR189W,1.9
YGR019W,1.9
YBR003W,1.9
YML100W,1.9
YLR105C,1.9
YNL101W,1.9
YHR009C,1.9
YBR080C,1.9
YBR017C,1.9
YJR116W,1.9
YJL129C,1.9
YMR261C,1.9
YGR062C,1.9
YBR021W,1.9
YAL056W,1.9
YJL164C,1.9
YPL064C,1.9
YKL018W,1.9
YKL027W,1.9
YLR237W,1.9
YBR199W,1.9
YIL046W,1.9
YDR309C,1.9
YKR088C,1.9
YOR382W,1.9
YCL045C,1.9
YFR031C,1.9
YNL152W,1.9
YOL031C,1.9
YOR267C,1.9
YDR182W,1.9
YOL112W,1.9
YBR176W,1.9
YEL065W,1.9
YFL041W,1.9
YEL043W,1.9
YJL179W,1.9
YBR145W,1.9
YGL013C,1.9
YNL158W,1.9
YHR091C,1.9
YLR250W,1.9
YPR024W,1.9
YPR029C,1.9
YJR099W,1.9
YDR093W,1.9
YOL148C,1.9
YNL290W,1.9
YDL019C,1.9
YOR338W,1.9
YNR040W,1.9
YCR048W,1.9
YPL158C,1.9
YOR317W,1.9
YLR397C,1.9
YPL173W,1.9
YDR294C,1.9
YMR184W,2.0
YOR138C,2.0
YFR005C,2.0
YMR088C,2.0
YKL078W,2.0
YJR041C,2.0
YOR329C,2.0
YDR516C,2.0
YOR197W,2.0
YHR113W,2.0
YBR085W,2.0
YKL150W,2.0
YOR144C,2.0
YDL215C,2.0
YDR518W,2.0
YFL046W,2.0
YJR103W,2.0
YBL050W,2.0
YER010C,2.0
YGR255C,2.0
YJR003C,2.0
YNR033W,2.0
YER046W,2.0
YER130C,2.0
YHR123W,2.0
YJR113C,2.0
YPL082C,2.0
YNL021W,2.0
YDL018C,2.0
YDL098C,2.0
YGR117C,2.0
YGR258C,2.0
YNR048W,2.0
YBR273C,2.0
YDL246C,2.0
YML027W,2.0
YBR238C,2.0
YBR091C,2.0
YNL321W,2.0
YLR099C,2.0
YNL282W,2.0
YAL020C,2.0
YJR141W,2.0
YMR129W,2.0
YOL029C,2.0
YER167W,2.0
YDR260C,2.0
YBR077C,2.0
YPL169C,2.0
YKR003W,2.0
YBR004C,2.0
YKL176C,2.0
YOR354C,2.0
YDR357C,2.0
YOR017W,2.0
YJL172W,2.0
YDR428C,2.0
YDL179W,2.0
YJR043C,2.0
YDR348C,2.0
YJL010C,2.0
YBR038W,2.0
YKL203C,2.0
YNL177C,2.0
YIL154C,2.0
YHR107C,2.0
YJL093C,2.0
YOL115W,2.0
YDR457W,2.0
YIL023C,2.0
YHR149C,2.0
YHR084W,2.0
YGL155W,2.0
YER164W,2.0
YJL062W,2.0
YDR364C,2.0
YJR086W,2.0
YLR460C,2.1
YDR337W,2.1
YPL254W,2.1
YJR055W,2.1
YKL045W,2.1
YCL009C,2.1
YHR029C,2.1
YOR084W,2.1
YEL018W,2.1
YER089C,2.1
YLR387C,2.1
YLR134W,2.1
YBL021C,2.1
YMR267W,2.1
YJR111C,2.1
YJL016W,2.1
YGL084C,2.1
YNL119W,2.1
YIL130W,2.1
YIL016W,2.1
YFR034C,2.1
YPL031C,2.1
YGR028W,2.1
YGR294W,2.1
YJL033W,2.1
YJL087C,2.1
YNL246W,2.1
YDR440W,2.1
YJL154C,2.1
YLR347C,2.1
YDR476C,2.1
YML043C,2.1
YPR140W,2.1
YBR172C,2.1
YNL252C,2.1
YJL006C,2.1
YGL246C,2.1
YNL305C,2.1
YJL193W,2.1
YKL149C,2.1
YLR064W,2.1
YKR072C,2.1
YBR153W,2.1
YMR302C,2.1
YMR061W,2.1
YLR023C,2.1
YJL171C,2.1
YJL091C,2.1
YLR146C,2.1
YOR131C,2.1
YIR016W,2.1
YBR271W,2.1
YHR130C,2.1
YAL029C,2.1
YOL093W,2.1
YMR177W,2.1
YGR270W,2.1
YOR142W,2.1
YAL014C,2.1
YKL140W,2.1
YNL001W,2.1
YDL189W,2.1
YMR039C,2.1
YGR227W,2.1
YKR079C,2.2
YNL045W,2.2
YOR244W,2.2
YDR068W,2.2
YLR114C,2.2
YPR190C,2.2
YML119W,2.2
YMR311C,2.2
YJL210W,2.2
YPL011C,2.2
YGL062W,2.2
YPL115C,2.2
YLR330W,2.2
YGR014W,2.2
YGL127C,2.2
YMR070W,2.2
YLL043W,2.2
YDR175C,2.2
YEL060C,2.2
YBR175W,2.2
YLR316C,2.2
YLL027W,2.2
YNL256W,2.2
YJL065C,2.2
YPR115W,2.2
YDR090C,2.2
YOR143C,2.2
YGR275W,2.2
YKL184W,2.2
YEL022W,2.2
YKL179C,2.2
YPR128C,2.2
YGL044C,2.2
YGL204C,2.2
YNL166C,2.2
YOR321W,2.2
YNL023C,2.2
YJR042W,2.2
YER134C,2.2
YPL139C,2.2
YMR188C,2.2
YDR527W,2.2
YNR026C,2.2
YOR203W,2.2
YHR106W,2.2
YOR026W,2.2
YHR046C,2.2
YGR057C,2.2
YML060W,2.2
YBL052C,2.2
YJL101C,2.2
YPR129W,2.2
YPL132W,2.2
YGL092W,2.2
YGL100W,2.2
YER092W,2.2
YGR252W,2.2
YIL009W,2.2
YLR364W,2.3
YHR175W,2.3
YDR094W,2.3
YLR275W,2.3
YIL115C,2.3
YJR065C,2.3
YPL265W,2.3
YLL064C,2.3
YOR287C,2.3
YOR130C,2.3
YBL055C,2.3
YPR073C,2.3
YMR221C,2.3
YOR319W,2.3
YGR031W,2.3
YGL039W,2.3
YKL012W,2.3
YMR277W,2.3
YPL157W,2.3
YLR287C,2.3
YBR139W,2.3
YOL140W,2.3
YDL099W,2.3
YDR514C,2.3
YMR298W,2.3
YDL230W,2.3
YGR119C,2.3
YHR056C,2.3
YMR062C,2.3
YAR007C,2.3
YDR208W,2.3
YDR504C,2.3
YOR163W,2.3
YDR266C,2.3
YBL061C,2.3
YGL244W,2.3
YGR241C,2.3
YMR214W,2.3
YHR110W,2.3
YHR024C,2.3
YHL026C,2.3
YBR066C,2.3
YDR145W,2.3
YGL079W,2.3
YFL048C,2.3
YOL054W,2.3
YGR174C,2.3
YGR193C,2.3
YML129C,2.3
YGL082W,2.3
YNL320W,2.3
YER183C,2.3
YGL002W,2.3
YDR176W,2.3
YDR478W,2.3
YGR178C,2.3
YDR257C,2.3
YBR236C,2.3
YAL030W,2.3
YDR493W,2.3
YHR195W,2.3
YMR212C,2.3
YDL093W,2.3
YHR131C,2.3
YOR124C,2.4
YJL081C,2.4
YNL024C,2.4
YIL014W,2.4
YOR357C,2.4
YGL058W,2.4
YJL126W,2.4
YHR030C,2.4
YCL033C,2.4
YFL027C,2.4
YLR143W,2.4
YJL030W,2.4
YNL081C,2.4
YMR138W,2.4
YIL059C,2.4
YLR158C,2.4
YOR233W,2.4
YLL029W,2.4
YHR108W,2.4
YMR076C,2.4
YBR253W,2.4
YNL262W,2.4
YML079W,2.4
YEL006W,2.4
YBL083C,2.4
YGR261C,2.4
YDR354W,2.4
YJR074W,2.4
YDR153C,2.4
YDR494W,2.4
YML011C,2.4
YNL289W,2.4
YBR257W,2.4
YGR263C,2.4
YDR459C,2.4
YOL070C,2.4
YLR436C,2.4
YPL122C,2.4
YHR205W,2.4
YAL019W,2.4
YOR174W,2.4
YGL112C,2.4
YJR049C,2.4
YML046W,2.4
YER052C,2.4
YNL080C,2.4
YLR452C,2.4
YPL038W,2.4
YNL097C,2.4
YDR036C,2.4
YOR189W,2.4
YOL111C,2.4
YML096W,2.4
YMR183C,2.4
YFR036W,2.5
YLR120C,2.5
YMR010W,2.5
YOR264W,2.5
YPL128C,2.5
YDR310C,2.5
YIL066C,2.5
YCR044C,2.5
YDR472W,2.5
YLR328W,2.5
YNL039W,2.5
YMR130W,2.5
YMR153W,2.5
YBL038W,2.5
YOL125W,2.5
YDL076C,2.5
YKL073W,2.5
YML036W,2.5
YML130C,2.5
YBR288C,2.5
YEL015W,2.5
YDR186C,2.5
YKR082W,2.5
YLR231C,2.5
YMR233W,2.5
YHL027W,2.5
YIL103W,2.5
YOL088C,2.5
YNL239W,2.5
YHR115C,2.5
YPR182W,2.5
YBR135W,2.5
YNL330C,2.5
YHR138C,2.5
YHR218W,2.5
YNL211C,2.5
YDR389W,2.5
YGR262C,2.5
YPR176C,2.5
YLR399C,2.5
YDL042C,2.5
YOL006C,2.5
YHR040W,2.5
YNL058C,2.5
YAR003W,2.5
YML021C,2.5
YNL026W,2.5
YAL068C,2.5
YLR429W,2.5
YBL111C,2.5
YLR077W,2.5
YDR031W,2.6
YBL090W,2.6
YNR027W,2.6
YOR160W,2.6
YOR262W,2.6
YNL169C,2.6
YHR083W,2.6
YDR006C,2.6
YJR076C,2.6
YNL129W,2.6
YDR308C,2.6
YFR052W,2.6
YBL011W,2.6
YML097C,2.6
YHL017W,2.6
YDR400W,2.6
YJL223C,2.6
YCR077C,2.6
YKR071C,2.6
YIL111W,2.6
YKL213C,2.6
YPR191W,2.6
YLR268W,2.6
YHR003C,2.6
YFR049W,2.6
YDR539W,2.6
YKL013C,2.6
YDR168W,2.6
YCR046C,2.6
YMR044W,2.6
YCR043C,2.6
YOR236W,2.6
YOL110W,2.6
YAL040C,2.6
YOL098C,2.6
YMR001C,2.6
YOR280C,2.6
YER163C,2.6
YPL112C,2.6
YFL023W,2.6
YMR121C,2.6
YCL028W,2.6
YEL063C,2.6
YGR138C,2.6
YNL102W,2.6
YML110C,2.6
YLL036C,2.6
YGL159W,2.6
YIL098C,2.6
YGL167C,2.6
YIL091C,2.6
YMR266W,2.6
YFR010W,2.6
YGL196W,2.6
YNR013C,2.6
YBR192W,2.6
YPL176C,2.6
YOR257W,2.6
YOL041C,2.6
YGR136W,2.6
YMR225C,2.6
YIL088C,2.6
YNL192W,2.6
YDR477W,2.7
YKL076C,2.7
YOL014W,2.7
YKL062W,2.7
YCR008W,2.7
YPR097W,2.7
YAL022C,2.7
YOR239W,2.7
YBR112C,2.7
YDL164C,2.7
YNL122C,2.7
YDR322W,2.7
YBR083W,2.7
YGL101W,2.7
YGL195W,2.7
YHR191C,2.7
YBR243C,2.7
YML101C,2.7
YKL138C,2.7
YML081W,2.7
YCR037C,2.7
YJL053W,2.7
YIR034C,2.7
YIL116W,2.7
YEL013W,2.7
YBR264C,2.7
YLR218C,2.7
YOR346W,2.7
YDR464W,2.7
YHL020C,2.7
YPL105C,2.7
YPL221W,2.7
YPL020C,2.7
YOL122C,2.7
YGL056C,2.7
YKL185W,2.7
YGL023C,2.7
YDL117W,2.7
YER115C,2.7
YBL079W,2.7
YLR036C,2.7
YMR157C,2.7
YER082C,2.7
YGR093W,2.7
YOR161C,2.7
YCR082W,2.7
YDR251W,2.7
YLR256W,2.7
YNL137C,2.7
YLL023C,2.7
YPR048W,2.7
YIL126W,2.7
YOR048C,2.7
YDR390C,2.7
YKL106W,2.7
YLL020C,2.7
YLL021W,2.7
YHR206W,2.7
YLR118C,2.7
YGR137W,2.7
YLL012W,2.7
YNR029C,2.7
YMR093W,2.7
YBR274W,2.7
YLR348C,2.8
YGL139W,2.8
YIL152W,2.8
YIL104C,2.8
YDR281C,2.8
YGR147C,2.8
YKL074C,2.8
YFR037C,2.8
YJL184W,2.8
YKR039W,2.8
YLR314C,2.8
YIL121W,2.8
YML121W,2.8
YKL007W,2.8
YER113C,2.8
YKL110C,2.8
YJL050W,2.8
YJL128C,2.8
YFL009W,2.8
YOR043W,2.8
YHR103W,2.8
YPL232W,2.8
YBR070C,2.8
YAL008W,2.8
YDR140W,2.8
YNR076W,2.8
YER090W,2.8
YDR498C,2.8
YNL163C,2.8
YBR126C,2.8
YJL098W,2.8
YGL252C,2.8
YKR001C,2.8
YDR097C,2.8
YNL006W,2.8
YMR208W,2.8
YPL179W,2.8
YHR192W,2.8
YEL071W,2.8
YBR198C,2.8
YDL116W,2.8
YER005W,2.8
YER019W,2.8
YJR117W,2.8
YJL208C,2.8
YGL111W,2.8
YOR081C,2.8
YHR001W,2.8
YLR126C,2.8
YGR017W,2.8
YGL035C,2.8
YDL074C,2.8
YOL007C,2.8
YLR290C,2.8
YLR018C,2.8
YPL053C,2.8
YBR177C,2.8
YOR288C,2.8
YNR022C,2.8
YER099C,2.8
YPL195W,2.8
YDR121W,2.8
YGR165W,2.8
YKR030W,2.8
YKL214C,2.8
YGR232W,2.8
YLR248W,2.9
YJR100C,2.9
YJL042W,2.9
YGR005C,2.9
YDR517W,2.9
YDL063C,2.9
YNL216W,2.9
YPL204W,2.9
YOR226C,2.9
YHR062C,2.9
YGR001C,2.9
YPR188C,2.9
YGR047C,2.9
YPR109W,2.9
YNL048W,2.9
YHR187W,2.9
YLR437C,2.9
YLR090W,2.9
YEL047C,2.9
YMR303C,2.9
YDL150W,2.9
YDL235C,2.9
YMR189W,2.9
YOR008C,2.9
YDR135C,2.9
YOL052C,2.9
YDL002C,2.9
YBR173C,2.9
YMR033W,2.9
YIL019W,2.9
YER080W,2.9
YJR161C,2.9
YJL041W,2.9
YLR241W,2.9
YCR057C,2.9
YER064C,2.9
YER063W,2.9
YHR076W,2.9
YBR133C,2.9
YDR507C,2.9
YGR009C,2.9
YOR179C,2.9
YDR016C,2.9
YPR008W,2.9
YPL026C,2.9
YLR405W,2.9
YPL066W,2.9
YBL107C,2.9
YER020W,2.9
YJR057W,2.9
YMR263W,2.9
YGL238W,2.9
YKL014C,2.9
YGR251W,2.9
YML061C,2.9
YIL110W,2.9
YER125W,2.9
YBR279W,3.0
YKL174C,3.0
YDR275W,3.0
YOR311C,3.0
YOL158C,3.0
YCL025C,3.0
YMR259C,3.0
YPR072W,3.0
YDR116C,3.0
YMR022W,3.0
YGR276C,3.0
YJL061W,3.0
YLR104W,3.0
YJL140W,3.0
YLL004W,3.0
YMR312W,3.0
YKL167C,3.0
YPL210C,3.0
YGL213C,3.0
YPL172C,3.0
YKL019W,3.0
YNL291C,3.0
YLR261C,3.0
YNL099C,3.0
YDR178W,3.0
YJR014W,3.0
YGL022W,3.0
YJR112W,3.0
YKL135C,3.0
YNL090W,3.0
YPL023C,3.0
YCR002C,3.0
YLR069C,3.0
YAL046C,3.0
YOR002W,3.0
YDR105C,3.0
YKR056W,3.0
YJR088C,3.0
YBL020W,3.0
YKR002W,3.0
YPR133C,3.0
YBL028C,3.0
YOL056W,3.0
YKR038C,3.0
YGR074W,3.0
YPL146C,3.0
YLR459W,3.0
YKR065C,3.0
YBL017C,3.0
YEL032W,3.0
YCL031C,3.1
YDR248C,3.1
YBL016W,3.1
YER186C,3.1
YLR088W,3.1
YNL181W,3.1
YKL205W,3.1
YLR262C,3.1
YOR217W,3.1
YHR127W,3.1
YLR403W,3.1
YMR300C,3.1
YLR336C,3.1
YPR131C,3.1
YHR142W,3.1
YLR073C,3.1
YBR207W,3.1
YML010W,3.1
YNR020C,3.1
YNL155W,3.1
YDR434W,3.1
YGR152C,3.1
YNL284C,3.1
YGL191W,3.1
YDR335W,3.1
YMR080C,3.1
YOR315W,3.1
YIL035C,3.1
YER016W,3.1
YOR241W,3.1
YOL059W,3.1
YGL114W,3.1
YGR077C,3.1
YLR089C,3.1
YPL274W,3.1
YKL003C,3.1
YKL212W,3.1
YOR073W,3.1
YBL056W,3.1
YIL074C,3.1
YKR099W,3.1
YML108W,3.1
YLR401C,3.2
YDR264C,3.2
YOL026C,3.2
YGR281W,3.2
YLR220W,3.2
YBR036C,3.2
YLR049C,3.2
YAL053W,3.2
YMR125W,3.2
YBR291C,3.2
YMR289W,3.2
YMR047C,3.2
YIR011C,3.2
YER112W,3.2
YIL030C,3.2
YOR061W,3.2
YNL313C,3.2
YDR152W,3.2
YBR166C,3.2
YFR018C,3.2
YLR203C,3.2
YBR049C,3.2
YLL048C,3.2
YIL145C,3.2
YER023W,3.2
YBR125C,3.2
YPR119W,3.2
YDR214W,3.2
YMR195W,3.2
YMR005W,3.2
YNR039C,3.2
YIL020C,3.2
YML070W,3.2
YBR220C,3.2
YPL118W,3.2
YJR073C,3.2
YLR005W,3.2
YHR039C,3.2
YDR284C,3.2
YOR085W,3.2
YAL021C,3.3
YLR195C,3.3
YJL063C,3.3
YER100W,3.3
YJL115W,3.3
YNL323W,3.3
YHR047C,3.3
YGR167W,3.3
YDL047W,3.3
YPL024W,3.3
YOR326W,3.3
YBR210W,3.3
YLR426W,3.3
YFL066C,3.3
YCL054W,3.3
YGR246C,3.3
YLR066W,3.3
YPR020W,3.3
YKL175W,3.3
YKR084C,3.3
YCL055W,3.3
YOR006C,3.3
YDR038C,3.3
YIR004W,3.3
YDL103C,3.3
YOR094W,3.3
YBR061C,3.3
YHR001W,3.3
YKL104C,3.3
YER155C,3.3
YPR169W,3.3
YML007W,3.3
YDL053C,3.3
YOR215C,3.3
YNL168C,3.3
YKL137W,3.3
YMR148W,3.3
YIL033C,3.3
YOL027C,3.3
YKL069W,3.3
YPR009W,3.3
YPL101W,3.3
YDL155W,3.3
YJR054W,3.3
YNL078W,3.3
YDR237W,3.3
YGL210W,3.3
YOR196C,3.3
YPR144C,3.3
YGR257C,3.4
YMR099C,3.4
YGR101W,3.4
YPL087W,3.4
YKL225W,3.4
YKL207W,3.4
YPR114W,3.4
YLR409C,3.4
YGR182C,3.4
YPR094W,3.4
YMR102C,3.4
YJR118C,3.4
YPL170W,3.4
YNL038W,3.4
YPR146C,3.4
YIL079C,3.4
YMR200W,3.4
YPL059W,3.4
YOR291W,3.4
YHR146W,3.4
YCR097W,3.4
YMR150C,3.4
YNL003C,3.4
YIL048W,3.4
YGR220C,3.4
YBR282W,3.4
YOR150W,3.4
YGR084C,3.4
YFR028C,3.4
YNL307C,3.4
YBR023C,3.4
YPR120C,3.4
YDR041W,3.4
YKL166C,3.4
YNL188W,3.4
YNR012W,3.4
YHR057C,3.4
YNR038W,3.4
YMR319C,3.4
YFL001W,3.4
YBL018C,3.4
YBR002C,3.4
YBR265W,3.4
YEL055C,3.4
YPL149W,3.4
YER026C,3.4
YNL292W,3.4
YNL107W,3.5
YMR247C,3.5
YFR055W,3.5
YHR147C,3.5
YMR054W,3.5
YHR098C,3.5
YIL176C,3.5
YHR037W,3.5
YLR052W,3.5
YNL005C,3.5
YMR274C,3.5
YKL112W,3.5
YBR256C,3.5
YJR002W,3.5
YBL033C,3.5
YER087W,3.5
YDR051C,3.5
YDL200C,3.5
YIL085C,3.5
YOL094C,3.5
YCL056C,3.5
YGR244C,3.5
YNL157W,3.5
YPL144W,3.5
YGL257C,3.5
YOR119C,3.5
YOR015W,3.5
YOR128C,3.5
YKL114C,3.5
YCR060W,3.5
YOR229W,3.5
YBR104W,3.5
YNL199C,3.5
YDL012C,3.5
YML006C,3.5
YDL158C,3.5
YER044C,3.5
YBR067C,3.5
YLR020C,3.5
YGR211W,3.5
YBL032W,3.5
YGR078C,3.5
YOL057W,3.6
YCR059C,3.6
YPL030W,3.6
YHR032W,3.6
YKL119C,3.6
YOL146W,3.6
YJR075W,3.6
YKL063C,3.6
YNR054C,3.6
YIL063C,3.6
YNL288W,3.6
YNL303W,3.6
YHR169W,3.6
YOL133W,3.6
YOR106W,3.6
YLR380W,3.6
YBR087W,3.6
YGR123C,3.6
YBR276C,3.6
YOR251C,3.6
YLR002C,3.6
YNL084C,3.6
YDL168W,3.6
YMR003W,3.6
YPL092W,3.6
YKR068C,3.6
YBL085W,3.6
YGR172C,3.6
YPL032C,3.6
YGR081C,3.6
YKL125W,3.6
YBR041W,3.6
YNL050C,3.6
YKR024C,3.6
YOR281C,3.6
YPL019C,3.7
YMR006C,3.7
YBR160W,3.7
YNL182C,3.7
YOR016C,3.7
YBR015C,3.7
YPR125W,3.7
YGR054W,3.7
YNL287W,3.7
YJR067C,3.7
YPR139C,3.7
YLR384C,3.7
YHR008C,3.7
YOR359W,3.7
YNL130C,3.7
YDL237W,3.7
YDR196C,3.7
YJR060W,3.7
YOR052C,3.7
YJL096W,3.7
YLR335W,3.7
YOL130W,3.7
YGR158C,3.7
YBR185C,3.7
YML115C,3.7
YDL144C,3.7
YJR032W,3.7
YLL022C,3.7
YKL068W,3.7
YLR198C,3.8
YOR086C,3.8
YAR073W,3.8
YMR128W,3.8
YGR235C,3.8
YNL088W,3.8
YOL101C,3.8
YJL078C,3.8
YDL188C,3.8
YIL114C,3.8
YNL221C,3.8
YJR133W,3.8
YHL025W,3.8
YOR360C,3.8
YCL040W,3.8
YMR112C,3.8
YDR347W,3.8
YJL004C,3.8
YIL065C,3.8
YOR123C,3.8
YJR124C,3.8
YNL206C,3.8
YNR055C,3.8
YOR101W,3.8
YBR230C,3.8
YNL241C,3.8
YPL039W,3.8
YGR033C,3.8
YDL070W,3.8
YKR014C,3.8
YPR147C,3.8
YMR092C,3.8
YBL045C,3.8
YNL219C,3.8
YDL178W,3.9
YOR047C,3.9
YOL142W,3.9
YNR041C,3.9
YER152C,3.9
YGR206W,3.9
YCR084C,3.9
YNL022C,3.9
YNL180C,3.9
YCR004C,3.9
YHL039W,3.9
YIL004C,3.9
YOL019W,3.9
YNL229C,3.9
YOR383C,3.9
YLL028W,3.9
YNL123W,3.9
YDR021W,3.9
YPR004C,3.9
YOL051W,3.9
YML116W,3.9
YOL004W,3.9
YHL049C,4.0
YCL002C,4.0
YER107C,4.0
YOR125C,4.0
YCL035C,4.0
YNL037C,4.0
YDR201W,4.0
YOR157C,4.0
YHR060W,4.0
YBL054W,4.0
YMR158W,4.0
YFR011C,4.0
YLR037C,4.0
YOR098C,4.0
YBR149W,4.0
YDL173W,4.0
YBL036C,4.0
YKL186C,4.0
YEL056W,4.0
YDR017C,4.0
YER083C,4.0
YOR165W,4.0
YOL080C,4.0
YEL050C,4.0
YLR147C,4.0
YML030W,4.0
YGL115W,4.1
YDL052C,4.1
YMR008C,4.1
YIL038C,4.1
YDR481C,4.1
YMR091C,4.1
YDR044W,4.1
YNL315C,4.1
YLL039C,4.1
YNR015W,4.1
YDR512C,4.1
YNL240C,4.1
YLR078C,4.1
YPL126W,4.1
YBR115C,4.1
YOL021C,4.1
YBR205W,4.1
YPR051W,4.1
YIL070C,4.1
YGR173W,4.1
YPR183W,4.1
YOL005C,4.1
YML048W,4.1
YLR188W,4.1
YKL001C,4.1
YGR208W,4.1
YBR073W,4.1
YGR277C,4.1
YLR351C,4.1
YOL149W,4.1
YGR076C,4.1
YHR148W,4.1
YPL178W,4.1
YER050C,4.1
YPL212C,4.1
YPR137W,4.1
YFR047C,4.1
YDR300C,4.1
YJL183W,4.1
YDR267C,4.2
YPL245W,4.2
YKR006C,4.2
YDR100W,4.2
YPR159W,4.2
YNL207W,4.2
YMR043W,4.2
YPL145C,4.2
YOR370C,4.2
YBR146W,4.2
YJL133W,4.2
YNL004W,4.2
YLL026W,4.2
YNL085W,4.2
YDL227C,4.2
YIL096C,4.2
YIL034C,4.2
YFL018C,4.2
YLR292C,4.2
YLR079W,4.2
YJR017C,4.2
YHR065C,4.2
YBR137W,4.2
YOL147C,4.2
YLR257W,4.2
YLR370C,4.2
YBR219C,4.2
YBR155W,4.2
YLR051C,4.2
YHR012W,4.2
YLR170C,4.3
YHR201C,4.3
YLR050C,4.3
YAL060W,4.3
YKL082C,4.3
YHR069C,4.3
YHR081W,4.3
YNR030W,4.3
YBR261C,4.3
YNL108C,4.3
YBL004W,4.3
YDR161W,4.3
YHR041C,4.3
YIL158W,4.3
YDR373W,4.3
YDR184C,4.3
YHR163W,4.3
YKL126W,4.3
YJL011C,4.3
YGR026W,4.3
YOL068C,4.3
YPR082C,4.3
YGR231C,4.3
YJL200C,4.3
YCR072C,4.3
YDR170C,4.3
YHR088W,4.3
YGR036C,4.3
YOR261C,4.4
YGL172W,4.4
YKR060W,4.4
YDR312W,4.4
YML014W,4.4
YBL093C,4.4
YNR035C,4.4
YEL024W,4.4
YIL090W,4.4
YNL243W,4.4
YKL002W,4.4
YJR044C,4.4
YBR029C,4.4
YML094W,4.4
YKL195W,4.4
YER122C,4.4
YBR254C,4.4
YPR173C,4.4
YDR056C,4.4
YDR047W,4.4
YNL336W,4.4
YOR356W,4.4
YOR001W,4.5
YAL016W,4.5
YDR261C,4.5
YHR049W,4.5
YER029C,4.5
YPL263C,4.5
YNR052C,4.5
YNL056W,4.5
YNL040W,4.5
YDL171C,4.5
YOL136C,4.5
YJL069C,4.5
YDR292C,4.5
YDL140C,4.5
YPR086W,4.5
YKL146W,4.5
YER088C,4.5
YJL121C,4.5
YIL064W,4.5
YOR344C,4.5
YDR194C,4.5
YDL181W,4.5
YNL121C,4.5
YMR270C,4.5
YKL084W,4.5
YJL186W,4.5
YBR035C,4.6
YGL099W,4.6
YDR468C,4.6
YER141W,4.6
YJR058C,4.6
YBL058W,4.6
YER021W,4.6
YOR306C,4.6
YKL144C,4.6
YER156C,4.6
YPL049C,4.6
YOR117W,4.6
YNL263C,4.6
YFR051C,4.6
YCR035C,4.6
YGR283C,4.6
YKL157W,4.6
YGL037C,4.6
YDL195W,4.6
YEL002C,4.6
YHR072W,4.6
YDL066W,4.6
YBR242W,4.6
YPL048W,4.6
YDR395W,4.6
YDR063W,4.6
YHR188C,4.6
YKL028W,4.6
YMR236W,4.6
YLR068W,4.7
YKR066C,4.7
YLR407W,4.7
YML075C,4.7
YPR053C,4.7
YLR350W,4.7
YKL113C,4.7
YDL003W,4.7
YMR315W,4.7
YOR115C,4.7
YBR248C,4.7
YAL033W,4.7
YOL064C,4.7
YML069W,4.7
YLR130C,4.7
YML077W,4.7
YKR070W,4.7
YHL013C,4.7
YIR029W,4.7
YGL019W,4.7
YDR367W,4.7
YPL063W,4.8
YBL081W,4.8
YDL111C,4.8
YER118C,4.8
YKL170W,4.8
YBR042C,4.8
YNR009W,4.8
YNL156C,4.8
YOR009W,4.8
YOL012C,4.8
YML035C,4.8
YPL098C,4.8
YMR310C,4.8
YPL256C,4.8
YLL031C,4.8
YGR007W,4.8
YNL217W,4.8
YKL127W,4.9
YPR181C,4.9
YIR006C,4.9
YDL148C,4.9
YEL042W,4.9
YBL026W,4.9
YCR090C,4.9
YPL226W,4.9
YDL135C,4.9
YOR302W,4.9
YOR207C,4.9
YFL014W,4.9
YNL154C,4.9
YMR203W,4.9
YDR408C,4.9
YNL124W,4.9
YKR018C,4.9
YML019W,5.0
YLR172C,5.0
YBL007C,5.0
YGL137W,5.0
YDR167W,5.0
YOL020W,5.0
YOR320C,5.0
YLR003C,5.0
YML018C,5.0
YJL124C,5.0
YLR304C,5.0
YIL177C,5.0
YER095W,5.0
YKR048C,5.0
YDL092W,5.0
YAR008W,5.1
YJR001W,5.1
YJL134W,5.1
YDL031W,5.1
YDL226C,5.1
YLL025W,5.1
YCR016W,5.1
YDL097C,5.1
YHR181W,5.1
YOR089C,5.1
YGR024C,5.1
YGR083C,5.1
YML055W,5.1
YNL087W,5.1
YCR009C,5.1
YJR068W,5.1
YHR152W,5.1
YHR132C,5.1
YMR074C,5.1
YDR232W,5.1
YPR023C,5.1
YBR151W,5.2
YFR006W,5.2
YBR164C,5.2
YPL262W,5.2
YIL039W,5.2
YLR291C,5.2
YGR145W,5.2
YOR039W,5.2
YML053C,5.2
YOR159C,5.2
YHR063C,5.2
YJR069C,5.2
YIR035C,5.2
YBL022C,5.2
YDR115W,5.2
YFL002C,5.2
YDL143W,5.2
YDR127W,5.2
YDL048C,5.2
YBL024W,5.3
YDR083W,5.3
YDL145C,5.3
YAR002W,5.3
YNL100W,5.3
YKR093W,5.3
YBR247C,5.3
YPR060C,5.3
YJL109C,5.3
YAL049C,5.3
YDR502C,5.3
YDR046C,5.3
YFL028C,5.3
YOR116C,5.3
YDL165W,5.3
YGL242C,5.3
YJR072C,5.3
YLR022C,5.3
YEL037C,5.3
YLR378C,5.3
YIL027C,5.3
YNL032W,5.3
YNR003C,5.4
YDR410C,5.4
YFL062W,5.4
YKL128C,5.4
YDR098C,5.4
YER110C,5.4
YOR222W,5.4
YGL077C,5.4
YFL010C,5.4
YMR239C,5.4
YKL008C,5.4
YCR104W,5.4
YKL211C,5.4
YHR144C,5.4
YDR007W,5.4
YOR091W,5.4
YIL083C,5.4
YPL004C,5.4
YML072C,5.4
YNR037C,5.5
YDR368W,5.5
YNL052W,5.5
YOR323C,5.5
YOR027W,5.5
YNR001C,5.5
YDL174C,5.5
YOR051C,5.5
YGR108W,5.5
YIL075C,5.5
YPL217C,5.5
YGR286C,5.5
YER022W,5.5
YMR286W,5.5
YGL011C,5.5
YGL232W,5.5
YBR062C,5.5
YDR449C,5.5
YJL212C,5.6
YBL102W,5.6
YER042W,5.6
YDR513W,5.6
YDR211W,5.6
YER001W,5.6
YGR128C,5.6
YLL011W,5.6
YGR038W,5.6
YBR105C,5.6
YBR068C,5.6
YGR195W,5.6
YBR267W,5.6
YOL030W,5.6
YKL024C,5.6
YHR135C,5.6
YPR138C,5.6
YKL120W,5.7
YOR209C,5.7
YOR164C,5.7
YIL127C,5.7
YFR009W,5.7
YLR216C,5.7
YLR221C,5.7
YOR151C,5.7
YPR098C,5.7
YBR262C,5.7
YJL174W,5.7
YJL012C,5.7
YNR024W,5.7
YLR243W,5.7
YGR132C,5.7
YFR053C,5.8
YPL127C,5.8
YPR166C,5.8
YCL059C,5.8
YPR148C,5.8
YHR013C,5.8
YPL043W,5.8
YJL079C,5.8
YAL007C,5.8
YKL029C,5.8
YBR302C,5.8
YER174C,5.8
YBR014C,5.8
YDR119W,5.8
YKL210W,5.8
YKL065C,5.8
YDR302W,5.8
YBL041W,5.9
YLR375W,5.9
YNL312W,5.9
YGL122C,5.9
YPR100W,5.9
YNL132W,5.9
YJL097W,5.9
YDR272W,5.9
YNL189W,5.9
YIL118W,5.9
YNL062C,5.9
YGR095C,6.0
YDR084C,6.0
YDL147W,6.0
YDR280W,6.0
YLR034C,6.0
YKR026C,6.0
YGR055W,6.0
YGL157W,6.0
YOL010W,6.0
YEL007W,6.0
YPL235W,6.0
YDR238C,6.0
YOR204W,6.0
YDL121C,6.0
YIL157C,6.0
YGL173C,6.0
YFL017C,6.0
YNL079C,6.0
YDR019C,6.0
YGL198W,6.0
YBL040C,6.1
YNL016W,6.1
YHR136C,6.1
YMR238W,6.1
YGL070C,6.1
YIL041W,6.1
YDR384C,6.1
YDL040C,6.1
YBR268W,6.1
YGL040C,6.1
YKL021C,6.1
YDR424C,6.1
YER086W,6.1
YDR324C,6.1
YML085C,6.1
YGR267C,6.1
YDR129C,6.1
YLR297W,6.2
YDL236W,6.2
YPL183C,6.2
YBR052C,6.2
YJR101W,6.2
YMR072W,6.2
YHR197W,6.2
YML124C,6.2
YML093W,6.2
YDR234W,6.3
YOR294W,6.3
YOR176W,6.3
YMR015C,6.3
YGL209W,6.3
YDR091C,6.3
YGR185C,6.3
YDR299W,6.3
YER057C,6.3
YJR144W,6.3
YMR264W,6.3
YNL306W,6.3
YDL046W,6.3
YKR092C,6.3
YGR029W,6.4
YJL125C,6.4
YIL142W,6.4
YML080W,6.4
YOR056C,6.4
YER062C,6.4
YBL099W,6.4
YAL039C,6.4
YBR016W,6.4
YJL143W,6.4
YDR212W,6.4
YPR058W,6.4
YBL091C,6.4
YKR025W,6.4
YMR269W,6.4
YHR027C,6.4
YPR143W,6.4
YDL198C,6.5
YML004C,6.5
YBR206W,6.5
YKL035W,6.5
YGL206C,6.5
YLR222C,6.5
YLR008C,6.5
YOR272W,6.5
YPR037C,6.5
YOL022C,6.5
YDL128W,6.5
YDR533C,6.5
YGR082W,6.5
YKL058W,6.5
YOL102C,6.5
YPL244C,6.6
YEL051W,6.6
YMR089C,6.6
YBR263W,6.6
YGL171W,6.6
YPL199C,6.6
YKL004W,6.6
YML127W,6.6
YPL243W,6.6
YDR404C,6.6
YJL123C,6.6
YOL049W,6.6
YDR072C,6.6
YDL201W,6.7
YLR435W,6.7
YBR218C,6.7
YER136W,6.7
YDR156W,6.7
YGR253C,6.7
YIL021W,6.7
YGR079W,6.7
YJL198W,6.7
YNL138W,6.7
YLR214W,6.7
YEL036C,6.7
YML009C,6.7
YKL154W,6.7
YKL016C,6.7
YDR412W,6.7
YNL061W,6.7
YDR361C,6.7
YNL280C,6.7
YGL255W,6.7
YML086C,6.7
YJL117W,6.8
YDR060W,6.8
YPR088C,6.8
YML113W,6.8
YER002W,6.8
YDR339C,6.8
YML132W,6.9
YOR243C,6.9
YDL008W,6.9
YHR066W,6.9
YMR215W,6.9
YKL077W,6.9
YDR377W,6.9
YEL038W,6.9
YJL111W,6.9
YIL109C,6.9
YMR256C,6.9
YIL047C,7.0
YMR235C,7.0
YDR531W,7.0
YDR165W,7.0
YOR341W,7.0
YCR051W,7.0
YHL011C,7.0
YHR070W,7.0
YBL112C,7.0
YGR245C,7.0
YNL002C,7.1
YAL023C,7.1
YGR044C,7.1
YGR210C,7.1
YHR085W,7.1
YDL029W,7.1
YDR427W,7.1
YHR200W,7.1
YDR487C,7.1
YMR058W,7.2
YJR016C,7.2
YKR085C,7.2
YDL015C,7.2
YHR190W,7.2
YLR113W,7.2
YNL283C,7.2
YFR001W,7.2
YPR063C,7.2
YJL014W,7.2
YER073W,7.2
YPR112C,7.2
YOR198C,7.2
YMR290C,7.2
YER070W,7.2
YER006W,7.2
YEL044W,7.2
YER154W,7.3
YMR309C,7.3
YDL072C,7.3
YOL103W,7.3
YDR365C,7.3
YGL080W,7.3
YMR079W,7.3
YKL094W,7.3
YML133C,7.4
YBL068W,7.4
YOL126C,7.4
YLR154C,7.4
YDL166C,7.4
YHR051W,7.4
YLR179C,7.4
YPR118W,7.4
YOR305W,7.4
YPR108W,7.4
YNL131W,7.4
YLR028C,7.4
YJL145W,7.4
YLL034C,7.4
YMR276W,7.4
YPL129W,7.4
YKL165C,7.4
YDR245W,7.5
YBR244W,7.5
YBR142W,7.5
YGL097W,7.5
YGR264C,7.5
YNL071W,7.5
YDR087C,7.5
YKR080W,7.5
YPL135W,7.5
YMR149W,7.5
YOR303W,7.6
YHR005C,7.6
YGR008C,7.6
YJR015W,7.6
YBR109C,7.6
YOR194C,7.6
YHR196W,7.6
YDR120C,7.6
YDL112W,7.7
YAR075W,7.7
YER124C,7.7
YDR378C,7.7
YNL247W,7.7
YHR042W,7.7
YNR046W,7.7
YNL104C,7.7
YDL213C,7.8
YNR036C,7.8
YER031C,7.8
YOR175C,7.8
YEL058W,7.8
YGL068W,7.8
YKL046C,7.9
YDR298C,7.9
YPL266W,7.9
YIR026C,7.9
YOR103C,7.9
YLR186W,7.9
YBR171W,7.9
YGL009C,7.9
YMR108W,7.9
YGL001C,7.9
YPL207W,7.9
YPL239W,7.9
YDR397C,8.0
YER003C,8.0
YGL234W,8.0
YDR328C,8.0
YOL123W,8.0
YOR067C,8.0
YPL177C,8.0
YCR053W,8.0
YOR286W,8.0
YDR177W,8.0
YDR432W,8.1
YGL231C,8.1
YGL186C,8.1
YOR108W,8.1
YMR314W,8.1
YJL008C,8.1
YPL227C,8.1
YER127W,8.1
YPL111W,8.1
YOR340C,8.1
YNL231C,8.1
YHR018C,8.2
YNR017W,8.2
YJL178C,8.2
YDL064W,8.2
YLR276C,8.2
YEL031W,8.2
YDR346C,8.3
YGR295C,8.3
YJL192C,8.3
YHR121W,8.3
YNR044W,8.3
YDR092W,8.4
YKL067W,8.4
YDR174W,8.4
YBR096W,8.4
YJR045C,8.4
YGR183C,8.4
YGL020C,8.4
YNR061C,8.4
YLL066C,8.5
YMR229C,8.5
YML078W,8.5
YMR038C,8.5
YMR071C,8.5
YMR272C,8.5
YNL046W,8.5
YPL252C,8.6
YER120W,8.6
YPL013C,8.6
YJL002C,8.6
YNL147W,8.6
YJR063W,8.6
YIR022W,8.7
YLL067C,8.7
YDR032C,8.7
YER048C,8.7
YFL005W,8.7
YDR099W,8.7
YDR529C,8.7
YFR050C,8.7
YML067C,8.7
YBR079C,8.7
YIL040W,8.8
YPL086C,8.8
YBR090C,8.8
YGL161C,8.8
YLR301W,8.9
YBR069C,8.9
YML092C,8.9
YOR362C,8.9
YKL080W,8.9
YNL208W,8.9
YPL093W,8.9
YGL221C,9.0
YKL160W,9.0
YLR017W,9.0
YOR206W,9.0
YBR054W,9.0
YAR015W,9.0
YOR283W,9.0
YJR025C,9.0
YDL122W,9.0
YBR039W,9.0
YJL122W,9.0
YLR129W,9.1
YPR069C,9.1
YGR090W,9.1
YGL048C,9.1
YDR398W,9.1
YBR086C,9.1
YMR296C,9.1
YHR052W,9.1
YNL111C,9.1
YPL154C,9.2
YER159C,9.2
YGR280C,9.2
YER133W,9.2
YGR204W,9.2
YBL006C,9.2
YLR244C,9.2
YGL126W,9.2
YDR388W,9.2
YNL281W,9.2
YPL091W,9.2
YDR496C,9.2
YGR063C,9.2
YBR034C,9.3
YNL308C,9.3
YOR265W,9.3
YGL202W,9.3
YCR047C,9.3
YEL003W,9.4
YPL078C,9.4
YCL030C,9.4
YML105C,9.4
YGL026C,9.4
YBL042C,9.4
YGR151C,9.4
YGR229C,9.5
YNL232W,9.5
YKL122C,9.5
YDL100C,9.5
YIL011W,9.5
YLL009C,9.5
YDR011W,9.5
YKR043C,9.5
YLR100W,9.6
YAL025C,9.6
YDR465C,9.6
YDL131W,9.6
YHR045W,9.6
YMR120C,9.6
YBR283C,9.7
YJL151C,9.7
YOR246C,9.7
YJL217W,9.8
YOR078W,9.8
YNL010W,9.8
YBR127C,9.8
YOR232W,9.8
YDR039C,9.8
YNL098C,9.8
YDR190C,9.8
YLR449W,9.9
YGR105W,9.9
YJR121W,9.9
YDL124W,9.9
YOL124C,9.9
YOL143C,9.9
YBR111C,9.9
YKL191W,9.9
YDL039C,9.9
YJL166W,10.0
YDR144C,10.0
YLR196W,10.0
YJR048W,10.0
YEL001C,10.0
YFL022C,10.0
YPL012W,10.1
YGL120C,10.1
YER072W,10.1
YPL094C,10.1
YNL070W,10.1
YDL219W,10.1
YOR342C,10.2
YGR187C,10.2
YDL060W,10.2
YFL031W,10.2
YDL095W,10.2
YDL078C,10.2
YJL173C,10.3
YJR007W,10.3
YGR162W,10.3
YGR200C,10.3
YDR492W,10.4
YOL151W,10.4
YPL237W,10.4
YOR136W,10.4
YNL322C,10.4
YLR083C,10.4
YMR012W,10.4
YAL042W,10.4
YOR375C,10.5
YDL185W,10.5
YPL246C,10.5
YDR101C,10.5
YHL003C,10.5
YLR295C,10.6
YDR483W,10.6
YHR092C,10.6
YLR208W,10.6
YJL055W,10.6
YLR027C,10.6
YJL001W,10.7
YDL067C,10.7
YGL187C,10.7
YGR260W,10.7
YDR035W,10.7
YMR049C,10.7
YNR050C,10.7
YLL014W,10.8
YCL011C,10.8
YML125C,10.8
YER049W,10.9
YOR010C,10.9
YIL076W,10.9
YIL015W,10.9
YKR013W,11.0
YCL036W,11.0
YNL149C,11.0
YGL256W,11.0
YDR071C,11.0
YNL015W,11.0
YML052W,11.0
YDR321W,11.1
YOR355W,11.1
YOR332W,11.1
YLR074C,11.1
YNR067C,11.1
YKL196C,11.1
YIL008W,11.2
YPL271W,11.2
YJL157C,11.2
YNR043W,11.2
YLR192C,11.3
YLL018C,11.3
YOR259C,11.3
YKL099C,11.3
YML008C,11.3
YJL225C,11.4
YEL077C,11.4
YLR294C,11.5
YKL190W,11.5
YIR012W,11.5
YPL225W,11.5
YER091C,11.5
YOR168W,11.5
YAR020C,11.5
YIR037W,11.6
YKL085W,11.6
YCL043C,11.6
YKL209C,11.6
YLL008W,11.6
YCL018W,11.7
YIL062C,11.7
YOR361C,11.7
YOL092W,11.7
YDR510W,11.8
YFL037W,11.8
YDR055W,11.8
YER030W,11.8
YJL167W,11.8
YMR226C,11.8
YPL163C,11.9
YDL004W,11.9
YAL036C,11.9
YGL106W,11.9
YOR260W,11.9
YER146W,11.9
YOL129W,12.0
YNL075W,12.0
YER126C,12.0
YHL050C,12.1
YOR327C,12.1
YNL153C,12.1
YPL081W,12.1
YOR184W,12.1
YDL157C,12.2
YBL001C,12.2
YDR210W,12.3
YER012W,12.3
YIL094C,12.3
YPL050C,12.3
YML123C,12.3
YNL175C,12.3
YOR046C,12.3
YMR011W,12.4
YDL232W,12.5
YMR123W,12.5
YKL172W,12.5
YGR157W,12.5
YDR519W,12.6
YKR081C,12.6
YFR044C,12.7
YER178W,12.7
YBR011C,12.7
YJL052W,12.7
YNL151C,12.7
YGR020C,12.8
YMR145C,12.8
YLR354C,12.8
YJR139C,12.9
YML074C,12.9
YBR221C,13.0
YOR254C,13.0
YJR085C,13.1
YOR253W,13.1
YML001W,13.1
YBR159W,13.1
YGR086C,13.1
YMR241W,13.1
YPR204W,13.2
YNL190W,13.3
YGR181W,13.3
YPL117C,13.3
YLR421C,13.3
YOL077C,13.4
YBR252W,13.5
YNL268W,13.5
YFR004W,13.5
YNR016C,13.5
YBR084W,13.5
YBL113C,13.6
YDR297W,13.6
YDL007W,13.7
YER145C,13.7
YGR191W,13.7
YDL084W,13.7
YLR038C,13.8
YPR052C,13.8
YGL029W,13.8
YJR077C,13.8
YLR395C,13.9
YHR019C,13.9
YLR447C,13.9
YOR145C,14.0
YJR064W,14.0
YGR061C,14.0
YEL046C,14.1
YOR099W,14.1
YDR545W,14.1
YDR139C,14.2
YLR285W,14.2
YGL012W,14.2
YER165W,14.3
YNL044W,14.3
YLR303W,14.3
YNL186W,14.3
YNL248C,14.4
YNR021W,14.4
YBR154C,14.4
YBL076C,14.4
YGR103W,14.4
YBR187W,14.4
YPR163C,14.5
YLR229C,14.5
YOL002C,14.5
YPL010W,14.5
YNL141W,14.5
YDR045C,14.5
YAL059W,14.6
YNL066W,14.6
YPL160W,14.6
YLR153C,14.7
YJL191W,14.7
YLR009W,14.7
YJR024C,14.7
YOR248W,14.7
YOR212W,14.7
YPR033C,14.8
YER190W,14.9
YNL110C,14.9
YHR208W,14.9
YBR082C,14.9
YDL051W,15.0
YLR466W,15.0
YPL218W,15.1
YDR342C,15.1
YER036C,15.1
YLR060W,15.1
YLR467W,15.1
YPL283C,15.2
YNL220W,15.2
YHR143W,15.3
YOL038W,15.3
YGR296W,15.4
YJL026W,15.4
YHR219W,15.4
YHR025W,15.4
YJL080C,15.4
YPR036W,15.4
YNL255C,15.5
YPR016C,15.5
YOR271C,15.5
YLR432W,15.6
YGL245W,15.6
YDR062W,15.7
YGL105W,15.7
YNR018W,15.7
YOR335C,15.7
YNL065W,15.7
YCR034W,15.7
YMR308C,15.8
YGR180C,15.8
YKL081W,15.8
YIL123W,15.9
YOR230W,15.9
YAL012W,15.9
YPL106C,15.9
YCL064C,16.0
YPR124W,16.0
YMR246W,16.1
YPL211W,16.2
YPR113W,16.2
YNL339C,16.2
YDR381W,16.2
YOL061W,16.3
YDR172W,16.4
YGR189C,16.4
YDR304C,16.4
YDL125C,16.4
YIL043C,16.5
YER148W,16.5
YNL259C,16.5
YBR088C,16.6
YOR276W,16.6
YNL113W,16.7
YDL182W,16.8
YMR297W,16.8
YJR070C,16.8
YPR149W,16.9
YGR135W,16.9
YHR128W,17.0
YLR420W,17.0
YBR158W,17.1
YBR162C,17.2
YLR367W,17.2
YKL054C,17.2
YKL192C,17.2
YLR342W,17.2
YJR143C,17.3
YFR033C,17.3
YPR187W,17.4
YJL148W,17.4
YKL096W,17.4
YMR002W,17.5
YAL035W,17.5
YKL145W,17.6
YMR243C,17.6
YHR170W,17.6
YGL054C,17.7
YJR148W,17.7
YPR110C,17.8
YFL038C,17.8
YPL231W,17.9
YNR053C,17.9
YPR028W,18.0
YPR165W,18.1
YNL007C,18.2
YDR037W,18.2
YDR188W,18.2
YDL137W,18.3
YGL032C,18.3
YER025W,18.3
YGL200C,18.3
YKL117W,18.4
YGR106C,18.4
YJL159W,18.5
YMR295C,18.5
YMR131C,18.5
YBR078W,18.6
YPR103W,18.6
YOR007C,18.6
YDL022W,18.7
YBR143C,18.7
YOR122C,18.8
YDR343C,18.9
YMR260C,18.9
YJL196C,18.9
YHR068W,19.0
YKR074W,19.0
YLR359W,19.1
YDL212W,19.1
YGR282C,19.2
YDR508C,19.2
YMR186W,19.6
YDR454C,19.7
YML058W,19.7
YJL130C,19.7
YMR146C,19.7
YOL097C,19.8
YDL126C,19.8
YLR259C,19.8
YMR305C,19.8
YDR158W,19.9
YGL028C,19.9
YMR205C,20.0
YDR497C,20.2
YHR133C,20.3
YOR187W,20.3
YOR285W,20.3
YBR286W,20.4
YLR065C,20.4
YGR094W,20.5
YER011W,20.8
YBR121C,20.8
YOR021C,20.8
YHR064C,21.0
YBR249C,21.2
YLR413W,21.4
YOR095C,21.6
YGL220W,21.7
YDR429C,21.8
YDR086C,22.1
YPL061W,22.1
YMR292W,22.2
YMR083W,22.2
YER094C,22.3
YNL160W,22.5
YKL181W,22.5
YNL300W,22.6
YBR092C,22.6
YHR020W,22.6
YGL078C,22.6
YPL234C,22.7
YLR197W,22.8
YOR210W,22.8
YMR318C,23.0
YGR240C,23.0
YHL034C,23.1
YER009W,23.1
YBL039C,23.1
YOR004W,23.1
YPR010C,23.3
YOR020C,23.4
YML022W,23.8
YNL134C,24.0
YGR124W,24.0
YMR217W,24.1
YPL273W,24.3
YOR270C,24.5
YAL044C,24.5
YLR293C,24.6
YML012W,24.7
YJL034W,24.7
YML056C,25.7
YML126C,25.7
YOR247W,26.0
YDL153C,26.0
YBR025C,26.4
YLL050C,26.4
YHR039C,26.5
YLR180W,26.6
YDR023W,26.7
YNL064C,27.0
YDR341C,27.1
YOR224C,27.4
YAL005C,27.4
YPL028W,27.5
YFL045C,27.5
YDR077W,27.6
YGL225W,27.6
YKL182W,27.9
YNL135C,28.0
YLR286C,28.1
YJR105W,28.5
YOR309C,28.5
YGL148W,28.9
YBL002W,28.9
YHR143W,29.0
YKL009W,29.0
YKR042W,29.2
YGR175C,29.2
YER043C,29.4
YGR155W,29.5
YMR202W,29.8
YDR433W,29.9
YPR062W,30.1
YGR285C,30.1
YLR043C,30.4
YOR153W,30.6
YBR196C,30.7
YGR027C,30.7
YBL030C,30.7
YKL164C,30.8
YGR279C,30.9
YML106W,30.9
YLR344W,31.2
YNL055C,31.7
YLR175W,31.9
YHR179W,31.9
YOR310C,32.7
YMR321C,33.0
YDR133C,33.5
YGL055W,33.6
YDR002W,33.6
YHR007C,34.0
YPR145W,34.0
YOR045W,34.2
YPL198W,34.3
YPR074C,35.2
YER177W,35.3
YHR162W,36.6
YER131W,36.6
YNL244C,36.7
YML063W,37.2
YDR345C,37.5
YMR194W,37.6
YLR372W,37.9
YBR009C,38.0
YDR399W,38.2
YBR048W,38.3
YPR035W,38.3
YJR104C,38.8
YIL078W,39.3
YDR353W,39.8
YOL139C,40.1
YNL327W,40.3
YDR233C,40.4
YER055C,40.8
YNL209W,41.0
YHR094C,41.0
YEL026W,41.9
YNL067W,42.1
YLR056W,42.5
YGR209C,42.6
YFL026W,42.7
YLR109W,42.8
YDL208W,43.1
YGR159C,43.4
YIL051C,43.9
YHR026W,43.9
YEL040W,44.1
YDR226W,44.4
YER056C,45.0
YHR183W,45.0
YJL138C,45.5
YFL039C,45.5
YLR058C,46.0
YLR150W,47.5
YGR254W,48.1
YLR355C,48.5
YMR242C,49.0
YHL033C,49.6
YMR230W,50.1
YBR106W,50.3
YEL034W,50.9
YDL014W,51.1
YNL096C,51.4
YMR143W,52.2
YMR251W,52.2
YAL003W,52.3
YLL024C,53.4
YHR089C,53.8
YML073C,53.9
YPL037C,54.4
YGR037C,54.7
YGR214W,55.3
YDL055C,55.8
YGR234W,56.3
YLR325C,56.9
YEL054C,57.4
YLR340W,57.6
YKR059W,57.7
YLR048W,57.8
YDL061C,58.2
YGR060W,58.8
YJL158C,58.8
YER056C,59.0
YEL009C,59.4
YHR193C,59.4
YDR276C,59.6
YMR142C,59.7
YDL192W,59.9
YBL027W,60.5
YNL301C,60.7
YLR264W,61.5
YNL112W,61.5
YDR012W,61.8
YML028W,62.7
YOR133W,62.7
YIL069C,63.4
YDR385W,63.6
YDR224C,63.7
YLR333C,63.9
YEL027W,63.9
YKL152C,64.0
YER074W,64.7
YDR155C,65.1
YNL030W,65.3
YLL045C,66.0
YLR300W,67.2
YHR141C,67.2
YCR031C,68.6
YKR094C,69.0
YBL003C,69.3
YGL076C,70.6
YLR029C,70.9
YKL156W,71.0
YDR025W,71.3
YGL253W,71.9
YKL216W,71.9
YJL177W,72.0
YOR312C,73.7
YDR418W,74.9
YNL069C,75.5
YBR189W,76.2
YLR448W,77.4
YOR167C,77.6
YOL127W,78.5
YDR225W,79.0
YDR471W,79.9
YLR406C,80.1
YPL090C,80.9
YJR145C,81.2
YHR053C,81.5
YDL081C,82.0
YIL148W,82.1
YDR033W,82.3
YDL136W,82.6
YDL082W,82.6
YDR064W,83.7
YOR096W,83.8
YDR461W,84.4
YIL053W,84.9
YLR185W,85.2
YHR055C,85.7
YDR447C,86.2
YBR181C,87.2
YDR500C,87.6
YLR249W,87.7
YBR118W,89.6
YGL030W,89.9
YOL120C,91.3
YHL001W,91.5
YPR043W,92.9
YLR441C,93.2
YIL052C,93.8
YOR369C,94.5
YPR102C,95.0
YGL008C,95.0
YDR450W,95.4
YNL162W,96.2
YOL040C,97.2
YOR063W,97.4
YOL109W,98.9
YJR009C,98.9
YAL038W,101.3
YLR061W,102.1
YLR044C,103.2
YBR010W,103.3
YHL015W,104.1
YLR388W,104.1
YDL075W,104.4
YKL006W,106.2
YPR080W,106.7
YPL220W,106.9
YOR234C,107.8
YBL092W,108.5
YDL083C,109.5
YKL180W,109.7
YCR012W,110.5
YML024W,110.7
YNL031C,111.7
YDL191W,113.1
YBR031W,113.2
YML026C,114.8
YPL131W,115.4
YPL143W,115.6
YGL147C,115.8
YLR287C,116.6
YPR132W,118.1
YKL056C,118.7
YIL133C,119.3
YOR182C,119.4
YDL130W,120.0
YLR075W,120.6
YNL302C,121.4
YDR382W,121.5
YGR034W,122.1
YJL189W,122.9
YHR010W,122.9
YOR293W,124.0
YMR116C,124.0
YJL190C,124.1
YOL086C,125.6
YGL103W,126.3
YLR167W,126.6
YOL121C,128.2
YDR050C,130.4
YDR154C,130.7
YER117W,133.6
YHR174W,134.7
YGL135W,138.9
YHR203C,140.7
YJR123W,142.9
YNL178W,144.4
YBL087C,147.0
YGL123W,148.6
YOL039W,152.1
YGR085C,152.3
YKR057W,152.9
YDL229W,152.9
YJL136C,156.6
YBL072C,160.0
YER102W,162.7
YGR148C,163.7
YIL018W,164.4
YKL060C,167.9
YGR118W,173.7
YGL031C,175.3
YLR110C,183.5
YGR192C,188.1
YHR021C,192.4
YPL079W,201.6
YBR191W,202.4
YGL189C,208.4
YNL145W,282.7
