complex,count,Systematic Name
"1,3-beta-D-glucan synthase complex",3,"['YGR032W', 'YLR342W', 'YPR165W']"
6-phosphofructokinase complex,2,"['YGR240C', 'YMR205C']"
90S preribosome,90,"['YBL004W', 'YBL072C', 'YBR048W', 'YBR189W', 'YBR247C', 'YCL031C', 'YCL059C', 'YCR031C', 'YCR057C', 'YDL014W', 'YDL060W', 'YDL148C', 'YDL213C', 'YDR025W', 'YDR060W', 'YDR064W', 'YDR083W', 'YDR299W', 'YDR324C', 'YDR449C', 'YER082C', 'YER102W', 'YFL002C', 'YGL019W', 'YGL120C', 'YGL171W', 'YGR081C', 'YGR090W', 'YGR103W', 'YGR128C', 'YGR145W', 'YGR214W', 'YGR251W', 'YHR148W', 'YHR169W', 'YHR196W', 'YHR203C', 'YIL035C', 'YJL010C', 'YJL069C', 'YJL109C', 'YJR002W', 'YJR123W', 'YJR145C', 'YKR060W', 'YLL011W', 'YLR003C', 'YLR129W', 'YLR175W', 'YLR186W', 'YLR197W', 'YLR222C', 'YLR340W', 'YLR409C', 'YLR441C', 'YML063W', 'YMR014W', 'YMR049C', 'YMR093W', 'YMR128W', 'YMR143W', 'YMR229C', 'YMR290C', 'YNL075W', 'YNL132W', 'YNL178W', 'YNL224C', 'YNL308C', 'YNR054C', 'YOL010W', 'YOR039W', 'YOR061W', 'YOR078W', 'YOR096W', 'YOR145C', 'YOR206W', 'YOR272W', 'YOR287C', 'YOR310C', 'YPL012W', 'YPL081W', 'YPL090C', 'YPL126W', 'YPL217C', 'YPL266W', 'YPR112C', 'YPR137W', 'YPR144C', 'snR17a', 'snR17b']"
AP-1 adaptor complex,6,"['YHL019C', 'YJL207C', 'YKL135C', 'YLR170C', 'YPL259C', 'YPR029C']"
AP-2 adaptor complex,4,"['YBL037W', 'YJR005W', 'YJR058C', 'YOL062C']"
AP-3 adaptor complex,4,"['YBR288C', 'YGR261C', 'YJL024C', 'YPL195W']"
ASTRA complex,7,"['YDR190C', 'YGR099W', 'YHR099W', 'YJR136C', 'YKL033W', 'YPL235W', 'YPR085C']"
ATG1/ULK1 kinase complex,3,"['YGL180W', 'YLR423C', 'YPR185W']"
Ada2/Gcn5/Ada3 transcription activator complex,7,"['YCL010C', 'YCR082W', 'YDR176W', 'YDR448W', 'YGR252W', 'YOR023C', 'YPL254W']"
Arp2/3 protein complex,8,"['YBR234C', 'YDL029W', 'YIL062C', 'YJR065C', 'YKL013C', 'YLR370C', 'YLR429W', 'YNR035C']"
Asi complex,3,"['YMR119W', 'YNL008C', 'YNL159C']"
Atg12-Atg5-Atg16 complex,3,"['YBR217W', 'YMR159C', 'YPL149W']"
BLOC-1 complex,6,"['YDR357C', 'YEL005C', 'YGL079W', 'YKL061W', 'YLR408C', 'YNL086W']"
Bfa1-Bub2 complex,3,"['YJR053W', 'YML064C', 'YMR055C']"
CAAX-protein geranylgeranyltransferase complex,2,"['YGL155W', 'YKL019W']"
CAF-1 complex,3,"['YBR195C', 'YML102W', 'YPR018W']"
CBF3 complex,5,"['YDR328C', 'YGR140W', 'YML060W', 'YMR094W', 'YMR168C']"
CCAAT-binding factor complex,4,"['YBL021C', 'YGL237C', 'YKL109W', 'YOR358W']"
CCR4-NOT complex,12,"['YAL021C', 'YCR093W', 'YDL165W', 'YDR252W', 'YER068W', 'YFL028C', 'YGR134W', 'YIL038C', 'YKR036C', 'YNL288W', 'YNR052C', 'YPR072W']"
CCR4-NOT core complex,10,"['YAL021C', 'YCR093W', 'YDL165W', 'YDR252W', 'YER068W', 'YGR134W', 'YIL038C', 'YNL288W', 'YNR052C', 'YPR072W']"
CENP-A containing nucleosome,4,"['YBR010W', 'YGL060W', 'YKL049C', 'YNL031C']"
CHRAC,4,"['YDR121W', 'YGL133W', 'YJL065C', 'YOR304W']"
COMA complex,4,"['YBR211C', 'YDR318W', 'YGR179C', 'YPL018W']"
COP9 signalosome,6,"['YDL147W', 'YDL216C', 'YDR179C', 'YIL071C', 'YMR025W', 'YOL117W']"
COPI vesicle coat,8,"['YDL145C', 'YDR238C', 'YER122C', 'YFR051C', 'YGL137W', 'YIL076W', 'YNL287W', 'YPL010W']"
COPII vesicle coat,8,"['YDL195W', 'YDR517W', 'YHR098C', 'YIL109C', 'YLR208W', 'YNL049C', 'YPL218W', 'YPR181C']"
CORVET complex,6,"['YAL002W', 'YDR495C', 'YLR148W', 'YLR396C', 'YMR231W', 'YPL045W']"
CST complex,3,"['YDL220C', 'YDR082W', 'YLR010C']"
CTDK-1 complex,3,"['YJL006C', 'YKL139W', 'YML112W']"
CURI complex,5,"['YCL031C', 'YGR090W', 'YLR223C', 'YOR039W', 'YPR104C']"
CVT complex,2,"['YOL082W', 'YOL083W']"
Cbf1-Met4-Met28 complex,3,"['YIR017C', 'YJR060W', 'YNL103W']"
Cbp3p-Cbp6 complex,2,"['YBR120C', 'YPL215W']"
Cdc48p-Npl4p-Vms1p AAA ATPase complex,3,"['YBR170C', 'YDL126C', 'YDR049W']"
Cdc50p-Drs2p complex,2,"['YAL026C', 'YCR094W']"
Cdc73/Paf1 complex,7,"['YAL021C', 'YBR279W', 'YDR138W', 'YGL244W', 'YLR418C', 'YOL145C', 'YOR123C']"
CoA-synthesizing protein complex,6,"['YDR196C', 'YGR277C', 'YIL083C', 'YKL088W', 'YKR072C', 'YOR054C']"
Ctf18 RFC-like complex,7,"['YBR087W', 'YCL016C', 'YHR191C', 'YJR068W', 'YMR078C', 'YNL290W', 'YOL094C']"
Cul3-RING ubiquitin ligase complex,6,"['YBR114W', 'YGR003W', 'YJR052W', 'YNL230C', 'YOL133W', 'YPL046C']"
Cul8-RING ubiquitin ligase complex,5,"['YHR154W', 'YJL047C', 'YLR320W', 'YOL133W', 'YPR164W']"
DASH complex,10,"['YBR233W-A', 'YDR016C', 'YDR201W', 'YDR320C-A', 'YGL061C', 'YGR113W', 'YKL052C', 'YKL138C-A', 'YKR037C', 'YKR083C']"
DNA helicase A complex,1,['YKL017C']
DNA ligase IV complex,3,"['YGL090W', 'YLR265C', 'YOR005C']"
DNA replication factor A complex,3,"['YAR007C', 'YJL173C', 'YNL312W']"
DNA replication factor C complex,5,"['YBR087W', 'YJR068W', 'YNL290W', 'YOL094C', 'YOR217W']"
DNA replication preinitiation complex,22,"['YBL023C', 'YBR060C', 'YBR202W', 'YDR013W', 'YDR489W', 'YEL032W', 'YGL113W', 'YGL201C', 'YHR118C', 'YJL072C', 'YJL090C', 'YJL194W', 'YKL108W', 'YLL004W', 'YLR103C', 'YLR274W', 'YML065W', 'YNL261W', 'YOL146W', 'YOR060C', 'YPR019W', 'YPR162C']"
DNA-directed RNA polymerase I complex,14,"['YBR154C', 'YDR156W', 'YHR143W-A', 'YJL148W', 'YJR063W', 'YNL113W', 'YNL248C', 'YOR210W', 'YOR224C', 'YOR340C', 'YOR341W', 'YPR010C', 'YPR110C', 'YPR187W']"
"DNA-directed RNA polymerase II, core complex",13,"['YBR154C', 'YDL140C', 'YDR404C', 'YGL070C', 'YHR143W-A', 'YIL021W', 'YJL140W', 'YJR072C', 'YOL005C', 'YOR151C', 'YOR210W', 'YOR224C', 'YPR187W']"
"DNA-directed RNA polymerase II, holoenzyme",75,"['YAL021C', 'YBL093C', 'YBR154C', 'YBR193C', 'YBR198C', 'YBR236C', 'YBR253W', 'YBR279W', 'YCR042C', 'YDL005C', 'YDL108W', 'YDL115C', 'YDL140C', 'YDR079C-A', 'YDR138W', 'YDR145W', 'YDR167W', 'YDR308C', 'YDR311W', 'YDR404C', 'YDR460W', 'YER022W', 'YER148W', 'YER171W', 'YGL025C', 'YGL070C', 'YGL112C', 'YGL127C', 'YGL244W', 'YGR005C', 'YGR097W', 'YGR104C', 'YGR186W', 'YGR274C', 'YHR041C', 'YHR058C', 'YHR143W-A', 'YIL021W', 'YIL143C', 'YJL140W', 'YJR072C', 'YKL028W', 'YKL058W', 'YKR062W', 'YLR005W', 'YLR071C', 'YLR418C', 'YML015C', 'YML098W', 'YML114C', 'YMR005W', 'YMR112C', 'YMR227C', 'YMR236W', 'YNL236W', 'YNR010W', 'YOL005C', 'YOL051W', 'YOL135C', 'YOL145C', 'YOR123C', 'YOR151C', 'YOR174W', 'YOR194C', 'YOR210W', 'YOR224C', 'YOR352W', 'YPL011C', 'YPL122C', 'YPL129W', 'YPR025C', 'YPR056W', 'YPR070W', 'YPR168W', 'YPR187W']"
DNA-directed RNA polymerase III complex,17,"['YBR154C', 'YDL150W', 'YDR045C', 'YHR143W-A', 'YJL011C', 'YKL144C', 'YKR025W', 'YNL113W', 'YNL151C', 'YNR003C', 'YOR116C', 'YOR207C', 'YOR210W', 'YOR224C', 'YPR110C', 'YPR187W', 'YPR190C']"
DSIF complex,2,"['YGR063C', 'YML010W']"
DUBm complex,4,"['YBR111W-A', 'YGL066W', 'YMR223W', 'YPL047W']"
Dbf4-dependent protein kinase complex,2,"['YDL017W', 'YDR052C']"
Doa10p ubiquitin ligase complex,8,"['YBR170C', 'YDL126C', 'YDR411C', 'YGR048W', 'YIL030C', 'YML013W', 'YMR022W', 'YMR264W']"
Dom34-Hbs1 complex,2,"['YKR084C', 'YNL001W']"
Dsc E3 ubiquitin ligase complex,4,"['YDL091C', 'YKL034W', 'YOL073C', 'YOR223W']"
Dsl1/NZR complex,3,"['YGL145W', 'YLR440C', 'YNL258C']"
EGO complex,6,"['YBR077C', 'YCR075W-A', 'YGR163W', 'YKL143W', 'YKR007W', 'YML121W']"
EKC/KEOPS complex,5,"['YGR262C', 'YJL184W', 'YKR038C', 'YKR095W-A', 'YML036W']"
ER membrane protein complex,6,"['YCL045C', 'YGL231C', 'YIL027C', 'YJR088C', 'YKL207W', 'YLL014W']"
ERMES complex,5,"['YAL010C', 'YAL048C', 'YGL219C', 'YLL006W', 'YOL009C']"
ESCRT I complex,4,"['YCL008C', 'YGR206W', 'YLR119W', 'YPL065W']"
ESCRT II complex,3,"['YJR102C', 'YLR417W', 'YPL002C']"
ESCRT III complex,4,"['YKL002W', 'YKL041W', 'YLR025W', 'YMR077C']"
ESCRT-0 complex,2,"['YHL002W', 'YNR006W']"
Elg1 RFC-like complex,5,"['YBR087W', 'YJR068W', 'YNL290W', 'YOL094C', 'YOR144C']"
Elongator holoenzyme complex,6,"['YGR200C', 'YHR187W', 'YLR384C', 'YMR312W', 'YPL086C', 'YPL101W']"
F-actin capping protein complex,2,"['YIL034C', 'YKL007W']"
FACT complex,2,"['YGL207W', 'YML069W']"
FAL1-SGD1 complex,2,"['YDR021W', 'YLR336C']"
FANCM-MHF complex,2,"['YDL160C-A', 'YOL086W-A']"
GARP complex,4,"['YDR027C', 'YDR484W', 'YJL029C', 'YKR020W']"
GET complex,3,"['YDL100C', 'YER083C', 'YGL020C']"
GID complex,7,"['YBR105C', 'YCL039W', 'YDR255C', 'YGL227W', 'YIL017C', 'YIL097W', 'YMR135C']"
GINS complex,4,"['YDR013W', 'YDR489W', 'YJL072C', 'YOL146W']"
GPI-anchor transamidase complex,5,"['YDR331W', 'YDR434W', 'YHR188C', 'YLR088W', 'YLR459W']"
Golgi transport complex,8,"['YER157W', 'YGL005C', 'YGL223C', 'YGR120C', 'YML071C', 'YNL041C', 'YNL051W', 'YPR105C']"
Gtr1-Gtr2 GTPase complex,2,"['YGR163W', 'YML121W']"
HDA1 complex,3,"['YDR295C', 'YNL021W', 'YPR179C']"
HICS complex,4,"['YDL117W', 'YER118C', 'YMR032W', 'YNL152W']"
HIR complex,4,"['YBL008W', 'YBR215W', 'YJR140C', 'YOR038C']"
HOPS complex,6,"['YDL077C', 'YDR080W', 'YLR148W', 'YLR396C', 'YMR231W', 'YPL045W']"
Holliday junction resolvase complex,2,"['YBR098W', 'YDR386W']"
Hrd1p ubiquitin ligase ERAD-L complex,12,"['YBR170C', 'YBR201W', 'YDL126C', 'YDR057W', 'YDR411C', 'YGR048W', 'YLR207W', 'YML013W', 'YML029W', 'YMR022W', 'YMR264W', 'YOL013C']"
Hrd1p ubiquitin ligase ERAD-M complex,2,"['YLR207W', 'YOL013C']"
INA complex,2,"['YIR024C', 'YPL099C']"
Iml1 complex,3,"['YEL062W', 'YHL023C', 'YJR138W']"
Ino80 complex,15,"['YDL002C', 'YDR190C', 'YEL044W', 'YER092W', 'YFL013C', 'YFL039C', 'YGL150C', 'YJL081C', 'YLR052W', 'YNL059C', 'YNL215W', 'YOR141C', 'YOR189W', 'YPL129W', 'YPL235W']"
Isw1 complex,4,"['YBR245C', 'YFR013W', 'YLR095C', 'YMR044W']"
Isw1a complex,2,"['YBR245C', 'YFR013W']"
Isw1b complex,3,"['YBR245C', 'YLR095C', 'YMR044W']"
Kelch-containing formin regulatory complex,3,"['YAR014C', 'YGR238C', 'YHR158C']"
Ku70:Ku80 complex,2,"['YMR106C', 'YMR284W']"
L-cysteine desulfurase complex,2,"['YCL017C', 'YER048W-A']"
Lem3p-Dnf1p complex,2,"['YER166W', 'YNL323W']"
Lsm1-7-Pat1 complex,8,"['YBL026W', 'YCR077C', 'YDR378C', 'YER112W', 'YER146W', 'YJL124C', 'YLR438C-A', 'YNL147W']"
Lst4-Lst7 complex,2,"['YGR057C', 'YKL176C']"
MBF transcription complex,4,"['YDL056W', 'YLR182W', 'YNL309W', 'YNR009W']"
MCM complex,6,"['YBL023C', 'YBR202W', 'YEL032W', 'YGL201C', 'YLR274W', 'YPR019W']"
MCM core complex,3,"['YBR202W', 'YGL201C', 'YPR019W']"
MICOS complex,6,"['YBR262C', 'YCL057C-A', 'YFR011C', 'YGR235C', 'YKR016W', 'YNL100W']"
MIS complex,3,"['YBR057C', 'YGL192W', 'YNL196C']"
MUB1-RAD6-UBR2 ubiquitin ligase complex,3,"['YGL058W', 'YLR024C', 'YMR100W']"
Mon1-Ccz1 complex,2,"['YBR131W', 'YGL124C']"
Mpp10 complex,3,"['YHR148W', 'YJR002W', 'YNL075W']"
Mre11 complex,3,"['YDR369C', 'YMR224C', 'YNL250W']"
MutLalpha complex,2,"['YMR167W', 'YNL082W']"
MutLgamma complex,2,"['YMR167W', 'YPL164C']"
MutSalpha complex,3,"['YDR097C', 'YOL090W', 'YPR052C']"
MutSbeta complex,2,"['YCR092C', 'YOL090W']"
Myo2p-Vac17p-Vac8p transport complex,3,"['YCL063W', 'YEL013W', 'YOR326W']"
NatA complex,3,"['YDL040C', 'YHR013C', 'YOR253W']"
NatB complex,2,"['YOL076W', 'YPR131C']"
NatC complex,3,"['YCR020C-A', 'YEL053C', 'YPR051W']"
Nbp35-Cfd1 ATPase complex,2,"['YGL091C', 'YIL003W']"
Ndc80 complex,5,"['YER018C', 'YFR046C', 'YIL144W', 'YMR117C', 'YOL069W']"
Nem1-Spo7 phosphatase complex,2,"['YAL009W', 'YHR004C']"
Noc1p-Noc2p complex,2,"['YDR060W', 'YOR206W']"
Noc2p-Noc3p complex,2,"['YLR002C', 'YOR206W']"
Noc4p-Nop14p complex,2,"['YDL148C', 'YPR144C']"
Nrd1 complex,3,"['YLR430W', 'YNL251C', 'YPL190C']"
NuA3 histone acetyltransferase complex,6,"['YBL052C', 'YJR082C', 'YLR455W', 'YOR064C', 'YPL129W', 'YPR031W']"
NuA3a histone acetyltransferase complex,5,"['YBL052C', 'YJR082C', 'YOR064C', 'YPL129W', 'YPR031W']"
NuA3b histone acetyltransferase complex,5,"['YBL052C', 'YJR082C', 'YLR455W', 'YPL129W', 'YPR031W']"
NuA4 histone acetyltransferase complex,16,"['YDR181C', 'YDR359C', 'YEL018W', 'YFL024C', 'YFL039C', 'YGR002C', 'YHR090C', 'YHR099W', 'YJL081C', 'YJR082C', 'YMR127C', 'YNL107W', 'YNL136W', 'YOR213C', 'YOR244W', 'YPR023C']"
P-body,43,"['YAL021C', 'YBL026W', 'YBL032W', 'YBR094W', 'YBR172C', 'YBR212W', 'YBR238C', 'YCR077C', 'YDL160C', 'YDR206W', 'YDR293C', 'YDR378C', 'YDR404C', 'YDR505C', 'YDR533C', 'YEL015W', 'YER112W', 'YGL049C', 'YGL173C', 'YGR109W-A', 'YGR162W', 'YHL034C', 'YIL082W', 'YJL124C', 'YJL140W', 'YLR270W', 'YML017W', 'YML091C', 'YNL016W', 'YNL085W', 'YNL118C', 'YNL157W', 'YNL197C', 'YNL255C', 'YNR051C', 'YNR052C', 'YOL149W', 'YOR173W', 'YOR359W', 'YPL105C', 'YPL184C', 'YPL280W', 'YPR129W']"
PAN complex,2,"['YGL094C', 'YKL025C']"
PAS complex,5,"['YFR019W', 'YFR021W', 'YLR386W', 'YNL054W', 'YNL325C']"
PCNA complex,1,['YBR088C']
PeBoW complex,3,"['YGR103W', 'YMR049C', 'YOR272W']"
Pex17p-Pex14p docking complex,21,"['YDL065C', 'YDL078C', 'YDR244W', 'YDR265W', 'YDR424C', 'YGL153W', 'YGR077C', 'YGR132C', 'YGR231C', 'YJL210W', 'YKR096W', 'YLL039C', 'YLR191W', 'YML042W', 'YMR026C', 'YNL009W', 'YNL214W', 'YOL147C', 'YPL112C', 'YPL147W', 'YPL204W']"
Pho85-Pho80 CDK-cyclin complex,2,"['YOL001W', 'YPL031C']"
Piccolo NuA4 histone acetyltransferase complex,6,"['YDR181C', 'YFL024C', 'YHR090C', 'YMR127C', 'YOR213C', 'YOR244W']"
Pip2-Oaf1 complex,2,"['YAL051W', 'YOR363C']"
Prp19 complex,10,"['YBR188C', 'YDL209C', 'YDR416W', 'YGR129W', 'YJR050W', 'YLL036C', 'YLR117C', 'YMR213W', 'YPL151C', 'YPR101W']"
Pwp2p-containing subcomplex of 90S preribosome,6,"['YCR057C', 'YDR449C', 'YJL069C', 'YLR129W', 'YLR222C', 'YLR409C']"
R2TP complex,4,"['YCR060W', 'YDR190C', 'YHR034C', 'YPL235W']"
RAVE complex,3,"['YDR202C', 'YDR328C', 'YJR033C']"
RENT complex,3,"['YDL042C', 'YFR028C', 'YJL076W']"
RES complex,3,"['YGL174W', 'YIR005W', 'YLR016C']"
RIC1-RGP1 guanyl-nucleotide exchange factor complex,2,"['YDR137W', 'YLR039C']"
RNA polymerase I core factor complex,4,"['YBL014C', 'YER148W', 'YJL025W', 'YML043C']"
RNA polymerase I transcription factor complex,8,"['YBL014C', 'YBL025W', 'YER148W', 'YJL025W', 'YLR141W', 'YML043C', 'YMR270C', 'YOR295W']"
RNA polymerase I upstream activating factor complex,5,"['YBL025W', 'YER148W', 'YLR141W', 'YMR270C', 'YOR295W']"
RNA polymerase II transcription factor complex,66,"['YAL051W', 'YBL021C', 'YBL093C', 'YBR193C', 'YBR198C', 'YBR253W', 'YCR042C', 'YDL005C', 'YDL056W', 'YDL108W', 'YDR079C-A', 'YDR123C', 'YDR145W', 'YDR167W', 'YDR308C', 'YDR311W', 'YDR460W', 'YER022W', 'YER111C', 'YER148W', 'YER171W', 'YGL025C', 'YGL112C', 'YGL127C', 'YGL237C', 'YGR005C', 'YGR104C', 'YGR186W', 'YGR274C', 'YHR041C', 'YHR058C', 'YIL143C', 'YKL028W', 'YKL058W', 'YKL109W', 'YKR062W', 'YLR005W', 'YLR071C', 'YLR182W', 'YML015C', 'YML098W', 'YML114C', 'YMR005W', 'YMR112C', 'YMR227C', 'YMR236W', 'YNL236W', 'YNL309W', 'YNR009W', 'YNR010W', 'YOL051W', 'YOL108C', 'YOL135C', 'YOR083W', 'YOR174W', 'YOR194C', 'YOR352W', 'YOR358W', 'YOR363C', 'YPL011C', 'YPL122C', 'YPL129W', 'YPR025C', 'YPR056W', 'YPR070W', 'YPR168W']"
RQC complex,6,"['YBR170C', 'YDL126C', 'YDR333C', 'YGR048W', 'YMR247C', 'YPL009C']"
RSC complex,17,"['YBL006C', 'YCR020W-B', 'YCR052W', 'YDR303C', 'YFR037C', 'YGR056W', 'YGR275W', 'YHR056C', 'YIL126W', 'YKR008W', 'YLR033W', 'YLR321C', 'YLR357W', 'YML127W', 'YMR033W', 'YMR091C', 'YPR034W']"
Rab-protein geranylgeranyltransferase complex,3,"['YJL031C', 'YOR370C', 'YPR176C']"
Rad17 RFC-like complex,5,"['YBR087W', 'YER173W', 'YJR068W', 'YNL290W', 'YOL094C']"
Rad6-Rad18 complex,2,"['YCR066W', 'YGL058W']"
RecQ helicase-Topo III complex,3,"['YLR234W', 'YMR190C', 'YPL024W']"
Rhp55-Rhp57 complex,2,"['YDR004W', 'YDR076W']"
Rix1 complex,3,"['YHR085W', 'YHR197W', 'YNL182C']"
Rpd3L complex,12,"['YAL013W', 'YBR095C', 'YDL076C', 'YDR207C', 'YIL084C', 'YKL185W', 'YMR263W', 'YNL097C', 'YNL330C', 'YOL004W', 'YPL139C', 'YPL181W']"
Rpd3L-Expanded complex,19,"['YAL013W', 'YBL054W', 'YBR095C', 'YBR103W', 'YCR033W', 'YDL076C', 'YDR207C', 'YER088C', 'YGL194C', 'YIL084C', 'YKL185W', 'YKR029C', 'YLR183C', 'YMR263W', 'YNL097C', 'YNL330C', 'YOL004W', 'YPL139C', 'YPL181W']"
Rpd3S complex,5,"['YMR075W', 'YNL330C', 'YOL004W', 'YPL139C', 'YPR023C']"
Rvs161p-Rvs167p complex,2,"['YCR009C', 'YDR388W']"
SAGA complex,20,"['YBR081C', 'YBR111W-A', 'YBR198C', 'YCL010C', 'YDR145W', 'YDR167W', 'YDR176W', 'YDR392W', 'YDR448W', 'YER164W', 'YGL066W', 'YGL112C', 'YGR252W', 'YHR099W', 'YLR055C', 'YMR223W', 'YMR236W', 'YOL148C', 'YPL047W', 'YPL254W']"
SAS acetyltransferase complex,3,"['YDR181C', 'YMR127C', 'YOR213C']"
SBF transcription complex,4,"['YER111C', 'YLR182W', 'YNL309W', 'YOR083W']"
SCF ubiquitin ligase complex,19,"['YBR280C', 'YDL132W', 'YDR054C', 'YDR131C', 'YDR219C', 'YDR306C', 'YDR328C', 'YFL009W', 'YIL046W', 'YJL149W', 'YJR090C', 'YLR097C', 'YLR224W', 'YLR352W', 'YLR368W', 'YML088W', 'YNL311C', 'YOL133W', 'YOR080W']"
SLIK (SAGA-like) complex,17,"['YBR081C', 'YBR198C', 'YDR145W', 'YDR167W', 'YDR176W', 'YDR392W', 'YDR448W', 'YER164W', 'YGL066W', 'YGL112C', 'YGL252C', 'YGR252W', 'YHR099W', 'YMR223W', 'YMR236W', 'YOL148C', 'YPL254W']"
SMC loading complex,2,"['YDR180W', 'YER147C']"
SNARE complex,25,"['YAL030W', 'YBL050W', 'YDR189W', 'YDR468C', 'YDR498C', 'YGL095C', 'YGL098W', 'YGL212W', 'YGR009C', 'YHL031C', 'YIL004C', 'YKL006C-A', 'YKL196C', 'YLR026C', 'YLR078C', 'YLR093C', 'YLR268W', 'YMR017W', 'YMR197C', 'YNR049C', 'YOL018C', 'YOR075W', 'YOR106W', 'YOR327C', 'YPL232W']"
SPOTS complex,6,"['YBR058C-A', 'YDR062W', 'YGR038W', 'YKL212W', 'YLR350W', 'YMR296C']"
SUMO activating enzyme complex,2,"['YDR390C', 'YPR180W']"
SUMO-targeted ubiquitin ligase complex,2,"['YDL013W', 'YER116C']"
SWI/SNF complex,12,"['YBR289W', 'YDR073W', 'YFL049W', 'YGR275W', 'YHL025W', 'YJL176C', 'YMR033W', 'YNR023W', 'YOR290C', 'YPL016W', 'YPL129W', 'YPR034W']"
Sec61 translocon complex,3,"['YDR086C', 'YER087C-B', 'YLR378C']"
Sec62/Sec63 complex,4,"['YBR171W', 'YLR292C', 'YOR254C', 'YPL094C']"
Seh1-associated complex,8,"['YBL104C', 'YDR128W', 'YEL062W', 'YGL100W', 'YHL023C', 'YJR138W', 'YLR208W', 'YOL138C']"
Set1C/COMPASS complex,8,"['YAR003W', 'YBR175W', 'YBR258C', 'YDR469W', 'YHR119W', 'YKL018W', 'YLR015W', 'YPL138C']"
Set3 complex,7,"['YBR103W', 'YCR033W', 'YDR155C', 'YGL194C', 'YIL112W', 'YKR029C', 'YOL068C']"
Shu complex,4,"['YDR078C', 'YHL006C', 'YIL132C', 'YLR376C']"
Sin3-type complex,16,"['YAL013W', 'YBR095C', 'YDL076C', 'YDR207C', 'YIL084C', 'YKL185W', 'YMR053C', 'YMR075W', 'YMR263W', 'YNL097C', 'YNL309W', 'YNL330C', 'YOL004W', 'YPL139C', 'YPL181W', 'YPR023C']"
Ski complex,4,"['YGL213C', 'YLR398C', 'YOR076C', 'YPR189W']"
Slx1-Slx4 complex,2,"['YBR228W', 'YLR135W']"
Smc5-Smc6 complex,8,"['YDL105W', 'YDR288W', 'YEL019C', 'YER038C', 'YLR007W', 'YLR383W', 'YML023C', 'YOL034W']"
Snt2C complex,3,"['YGL131C', 'YMR176W', 'YNL330C']"
Ssh1 translocon complex,3,"['YBR283C', 'YDR086C', 'YER019C-A']"
Ste12p-Dig1p-Dig2p complex,3,"['YDR480W', 'YHR084W', 'YPL049C']"
Swr1 complex,14,"['YAL011W', 'YBR231C', 'YDR190C', 'YDR334W', 'YDR485C', 'YFL039C', 'YGR002C', 'YJL081C', 'YLR085C', 'YLR385C', 'YLR399C', 'YML041C', 'YNL107W', 'YPL235W']"
TFIIK complex,3,"['YDL108W', 'YDR460W', 'YPR025C']"
THO complex part of transcription export complex,4,"['YDR138W', 'YHR167W', 'YML062C', 'YNL139C']"
TORC1 complex,5,"['YHR186C', 'YJR066W', 'YKL203C', 'YNL006W', 'YPL180W']"
TORC2 complex,7,"['YBR270C', 'YER093C', 'YJL058C', 'YKL203C', 'YMR068W', 'YNL006W', 'YOL078W']"
TRAMP complex,7,"['YDL175C', 'YIL079C', 'YJL050W', 'YJR036C', 'YNL299W', 'YNR024W', 'YOL115W']"
TRAPP complex,11,"['YBR254C', 'YDR108W', 'YDR246W', 'YDR407C', 'YDR472W', 'YEL048C', 'YGR166W', 'YKR068C', 'YML077W', 'YMR218C', 'YOR115C']"
TRAPPI protein complex,6,"['YBR254C', 'YDR246W', 'YDR472W', 'YKR068C', 'YML077W', 'YOR115C']"
TRAPPII protein complex,10,"['YBR254C', 'YDR246W', 'YDR407C', 'YDR472W', 'YEL048C', 'YGR166W', 'YKR068C', 'YML077W', 'YMR218C', 'YOR115C']"
TRAPPIII protein complex,7,"['YBR254C', 'YDR108W', 'YDR246W', 'YDR472W', 'YKR068C', 'YML077W', 'YOR115C']"
TRC complex,6,"['YBR137W', 'YLL026W', 'YNL064C', 'YOL111C', 'YOR007C', 'YOR164C']"
Tec1p-Ste12p-Dig1p complex,3,"['YBR083W', 'YHR084W', 'YPL049C']"
U1 snRNP,19,"['YBR119W', 'YDL087C', 'YDR235W', 'YDR240C', 'YER029C', 'YFL017W-A', 'YGR013W', 'YGR074W', 'YHR086W', 'YIL061C', 'YKL012W', 'YLR147C', 'YLR275W', 'YLR298C', 'YML046W', 'YNL210W', 'YOR159C', 'YPR182W', 'snR19']"
U2 snRNP,13,"['YCR063W', 'YIR005W', 'YIR009W', 'YJL203W', 'YML049C', 'YMR240C', 'YMR288W', 'YNCB0019C', 'YNL138W-A', 'YNL286W', 'YOR319W', 'YPL213W', 'YPR094W']"
U2-type catalytic step 1 spliceosome,13,"['YAL032C', 'YBR188C', 'YDL209C', 'YDR416W', 'YGR129W', 'YGR278W', 'YJR050W', 'YKL095W', 'YLL036C', 'YLR117C', 'YMR213W', 'YNR011C', 'YPR101W']"
U2-type catalytic step 2 spliceosome,8,"['YAL032C', 'YDL209C', 'YDR416W', 'YER013W', 'YGR129W', 'YJR050W', 'YKR086W', 'YLR117C']"
U2-type post-mRNA release spliceosomal complex,5,"['YDR416W', 'YGR129W', 'YKR022C', 'YLR117C', 'YLR424W']"
U2-type post-spliceosomal complex,3,"['YDR088C', 'YER013W', 'YGR006W']"
U2-type prespliceosome,28,"['YBR119W', 'YDL030W', 'YDL043C', 'YDL087C', 'YDR235W', 'YDR240C', 'YDR416W', 'YER029C', 'YFL017W-A', 'YGR013W', 'YGR074W', 'YGR129W', 'YHR086W', 'YIL061C', 'YIR009W', 'YJL203W', 'YKL012W', 'YLR117C', 'YLR147C', 'YLR275W', 'YLR298C', 'YML046W', 'YML049C', 'YMR240C', 'YMR288W', 'YOR159C', 'YOR319W', 'YPL213W']"
U2-type spliceosomal complex,55,"['YAL032C', 'YBR119W', 'YBR188C', 'YDL030W', 'YDL043C', 'YDL087C', 'YDL209C', 'YDR088C', 'YDR163W', 'YDR235W', 'YDR240C', 'YDR416W', 'YDR482C', 'YER013W', 'YER029C', 'YFL017W-A', 'YGL128C', 'YGR006W', 'YGR013W', 'YGR074W', 'YGR129W', 'YGR278W', 'YHR086W', 'YIL061C', 'YIR009W', 'YJL203W', 'YJR050W', 'YKL012W', 'YKL074C', 'YKL095W', 'YKR022C', 'YKR086W', 'YLL036C', 'YLR116W', 'YLR117C', 'YLR147C', 'YLR275W', 'YLR298C', 'YLR323C', 'YLR424W', 'YML046W', 'YML049C', 'YMR125W', 'YMR213W', 'YMR240C', 'YMR288W', 'YNL245C', 'YNR011C', 'YOR159C', 'YOR319W', 'YPL064C', 'YPL178W', 'YPL213W', 'YPR101W', 'snR19']"
U4/U6 snRNP,1,['YBR055C']
U4/U6 x U5 tri-snRNP complex,33,"['YBL026W', 'YBR055C', 'YBR152W', 'YDL098C', 'YDR378C', 'YDR473C', 'YEL026W', 'YER029C', 'YER112W', 'YER146W', 'YER172C', 'YFL017W-A', 'YGR006W', 'YGR074W', 'YGR075C', 'YGR091W', 'YHR156C', 'YHR165C', 'YJR022W', 'YKL173W', 'YLR147C', 'YLR275W', 'YLR438C-A', 'YNL147W', 'YOR159C', 'YOR308C', 'YPR082C', 'YPR178W', 'YPR182W', 'snR14', 'snR6', 'snR7-L', 'snR7-S']"
U5 snRNP,17,"['YBL074C', 'YDR243C', 'YER029C', 'YER172C', 'YFL017W-A', 'YGR006W', 'YGR074W', 'YHR156C', 'YHR165C', 'YKL173W', 'YLR147C', 'YLR275W', 'YOR159C', 'YPR082C', 'YPR182W', 'snR7-L', 'snR7-S']"
U6 snRNP,9,"['YBL026W', 'YDR378C', 'YER112W', 'YER146W', 'YJR022W', 'YLR438C-A', 'YMR268C', 'YNL147W', 'snR6']"
UDP-N-acetylglucosamine transferase complex,3,"['YBR070C', 'YBR243C', 'YGL047W']"
UTP-C complex,6,"['YCL031C', 'YGL019W', 'YGR090W', 'YIL035C', 'YOR039W', 'YOR061W']"
Ubp3-Bre5 deubiquitination complex,2,"['YER151C', 'YNR051C']"
VCP-NPL4-UFD1 AAA ATPase complex,3,"['YBR170C', 'YDL126C', 'YGR048W']"
Vma12-Vma22 assembly complex,2,"['YHR060W', 'YKL119C']"
Vps55/Vps68 complex,2,"['YJR044C', 'YOL129W']"
acetolactate synthase complex,2,"['YCL009C', 'YMR108W']"
actin filament,9,"['YAL029C', 'YFL039C', 'YGR080W', 'YIL034C', 'YKL007W', 'YMR092C', 'YNL271C', 'YOR239W', 'YOR326W']"
acyl-CoA ceramide synthase complex,3,"['YHL003C', 'YKL008C', 'YMR298W']"
alpha DNA polymerase:primase complex,7,"['YBL035C', 'YGL207W', 'YIR008C', 'YKL017C', 'YKL045W', 'YML069W', 'YNL102W']"
"alpha,alpha-trehalose-phosphate synthase complex (UDP-forming)",4,"['YBR126C', 'YDR074W', 'YML100W', 'YMR261C']"
"alpha-1,6-mannosyltransferase complex",6,"['YDR245W', 'YEL036C', 'YJL183W', 'YJR075W', 'YML115C', 'YPL050C']"
anaphase-promoting complex,16,"['YBL084C', 'YDL008W', 'YDR118W', 'YDR260C', 'YFR036W', 'YGL003C', 'YGL116W', 'YGL240W', 'YGR225W', 'YHR166C', 'YIR025W', 'YKL022C', 'YLR102C', 'YLR127C', 'YNL172W', 'YOR249C']"
anthranilate synthase complex,2,"['YER090W', 'YKL211C']"
astral microtubule,9,"['YBL031W', 'YBR160W', 'YDR130C', 'YEL061C', 'YHR129C', 'YKR054C', 'YLL049W', 'YMR294W', 'YPL174C']"
box C/D snoRNP complex,53,"['YDL014W', 'YEL026W', 'YLR197W', 'YMR290C', 'YOR310C', 'YPR137W', 'snR128', 'snR13', 'snR17a', 'snR17b', 'snR18', 'snR190', 'snR24', 'snR38', 'snR39', 'snR39B', 'snR4', 'snR40', 'snR41', 'snR45', 'snR47', 'snR48', 'snR50', 'snR51', 'snR52', 'snR53', 'snR54', 'snR55', 'snR56', 'snR57', 'snR58', 'snR59', 'snR60', 'snR61', 'snR62', 'snR63', 'snR64', 'snR65', 'snR66', 'snR67', 'snR68', 'snR69', 'snR70', 'snR71', 'snR72', 'snR73', 'snR74', 'snR75', 'snR76', 'snR77', 'snR78', 'snR79', 'snR87']"
box H/ACA snoRNP complex,34,"['YDL208W', 'YHR072W-A', 'YHR089C', 'YLR175W', 'YMR290C', 'snR10', 'snR11', 'snR161', 'snR189', 'snR191', 'snR3', 'snR30', 'snR31', 'snR32', 'snR33', 'snR34', 'snR35', 'snR36', 'snR37', 'snR42', 'snR43', 'snR44', 'snR46', 'snR49', 'snR5', 'snR8', 'snR80', 'snR81', 'snR82', 'snR83', 'snR84', 'snR85', 'snR86', 'snR9']"
cAMP-dependent protein kinase complex,3,"['YJL164C', 'YKL166C', 'YPL203W']"
calcineurin complex,3,"['YKL190W', 'YLR433C', 'YML057W']"
carbamoyl-phosphate synthase complex,2,"['YJR109C', 'YOR303W']"
carboxy-terminal domain protein kinase complex,14,"['YDL108W', 'YDR079C-A', 'YDR311W', 'YDR460W', 'YER171W', 'YIL143C', 'YJL006C', 'YKL139W', 'YLR005W', 'YML112W', 'YOR352W', 'YPL122C', 'YPR025C', 'YPR056W']"
central plaque of spindle pole body,6,"['YBR109C', 'YDR356W', 'YKL042W', 'YLR457C', 'YPL124W', 'YPL255W']"
chaperonin-containing T-complex,11,"['YAL005C', 'YDL143W', 'YDR171W', 'YDR188W', 'YDR212W', 'YIL142W', 'YJL008C', 'YJL014W', 'YJL111W', 'YJR064W', 'YLL024C']"
checkpoint clamp complex,3,"['YLR288C', 'YOR368W', 'YPL194W']"
chromatin silencing complex,6,"['YDL042C', 'YDR227W', 'YFR028C', 'YJL076W', 'YKR101W', 'YLR442C']"
chromatin,160,"['YAL011W', 'YAL013W', 'YAL019W', 'YBL002W', 'YBL003C', 'YBL054W', 'YBR009C', 'YBR010W', 'YBR095C', 'YBR103W', 'YBR231C', 'YBR245C', 'YBR279W', 'YCR033W', 'YCR065W', 'YCR066W', 'YDL002C', 'YDL042C', 'YDL074C', 'YDL076C', 'YDL156W', 'YDR026C', 'YDR110W', 'YDR155C', 'YDR174W', 'YDR180W', 'YDR181C', 'YDR190C', 'YDR207C', 'YDR217C', 'YDR223W', 'YDR224C', 'YDR225W', 'YDR227W', 'YDR289C', 'YDR295C', 'YDR334W', 'YDR398W', 'YDR409W', 'YDR451C', 'YDR485C', 'YDR501W', 'YEL044W', 'YER028C', 'YER088C', 'YER092W', 'YER111C', 'YER147C', 'YER164W', 'YFL013C', 'YFL039C', 'YFR027W', 'YGL058W', 'YGL060W', 'YGL090W', 'YGL096W', 'YGL097W', 'YGL113W', 'YGL131C', 'YGL150C', 'YGL194C', 'YGL207W', 'YGL244W', 'YGL252C', 'YGR002C', 'YGR063C', 'YGR099W', 'YGR116W', 'YGR128C', 'YGR163W', 'YHR031C', 'YHR099W', 'YHR156C', 'YHR196W', 'YHR205W', 'YHR207C', 'YHR216W', 'YIL033C', 'YIL084C', 'YIL112W', 'YIL122W', 'YIL139C', 'YIL153W', 'YIR018W', 'YJL081C', 'YJL109C', 'YJL164C', 'YJL184W', 'YJR084W', 'YJR136C', 'YKL032C', 'YKL033W', 'YKL049C', 'YKL185W', 'YKR029C', 'YKR038C', 'YKR095W-A', 'YLL035W', 'YLR032W', 'YLR052W', 'YLR085C', 'YLR117C', 'YLR183C', 'YLR223C', 'YLR385C', 'YLR399C', 'YLR418C', 'YLR442C', 'YLR449W', 'YML010W', 'YML027W', 'YML041C', 'YML069W', 'YMR043W', 'YMR053C', 'YMR075W', 'YMR093W', 'YMR127C', 'YMR176W', 'YMR182C', 'YMR263W', 'YMR284W', 'YNL021W', 'YNL030W', 'YNL031C', 'YNL059C', 'YNL097C', 'YNL107W', 'YNL215W', 'YNL246W', 'YNL309W', 'YNL330C', 'YOL004W', 'YOL012C', 'YOL068C', 'YOL145C', 'YOR005C', 'YOR119C', 'YOR141C', 'YOR156C', 'YOR189W', 'YOR213C', 'YOR244W', 'YOR344C', 'YOR346W', 'YPL008W', 'YPL126W', 'YPL127C', 'YPL129W', 'YPL139C', 'YPL167C', 'YPL181W', 'YPL203W', 'YPL235W', 'YPR023C', 'YPR045C', 'YPR065W', 'YPR085C', 'YPR104C', 'YPR179C']"
chromosome passenger complex,4,"['YBR156C', 'YHR199C-A', 'YJR089W', 'YPL209C']"
"chromosome, centromeric region",87,"['YAL019W', 'YAL034W-A', 'YBL008W', 'YBR010W', 'YBR107C', 'YBR211C', 'YBR233W-A', 'YCL029C', 'YCR077C', 'YCR086W', 'YDL013W', 'YDL017W', 'YDL028C', 'YDL139C', 'YDL188C', 'YDR016C', 'YDR052C', 'YDR130C', 'YDR201W', 'YDR254W', 'YDR285W', 'YDR318W', 'YDR320C-A', 'YDR328C', 'YDR374W-A', 'YDR383C', 'YDR439W', 'YDR532C', 'YEL061C', 'YER018C', 'YER106W', 'YER116C', 'YER133W', 'YFR046C', 'YGL060W', 'YGL061C', 'YGL071W', 'YGL086W', 'YGL093W', 'YGL113W', 'YGR063C', 'YGR113W', 'YGR140W', 'YGR179C', 'YGR188C', 'YGR218W', 'YGR252W', 'YHR014W', 'YIL144W', 'YIR010W', 'YJL030W', 'YJR060W', 'YJR089W', 'YJR112W', 'YJR135C', 'YKL049C', 'YKL052C', 'YKL089W', 'YKL138C-A', 'YKR037C', 'YKR083C', 'YLR045C', 'YLR315W', 'YLR381W', 'YML060W', 'YML102W', 'YMR094W', 'YMR117C', 'YMR168C', 'YNL031C', 'YOL054W', 'YOL069W', 'YOR014W', 'YOR026W', 'YOR060C', 'YOR073W', 'YOR191W', 'YOR195W', 'YPL018W', 'YPL204W', 'YPL209C', 'YPL233W', 'YPL268W', 'YPL269W', 'YPR007C', 'YPR018W', 'YPR046W']"
clathrin vesicle coat,14,"['YBL037W', 'YDR153C', 'YGL206C', 'YGR167W', 'YHL019C', 'YJL207C', 'YJR005W', 'YJR058C', 'YJR125C', 'YKL135C', 'YLR170C', 'YOL062C', 'YPL259C', 'YPR029C']"
commitment complex,12,"['YDR240C', 'YGR074W', 'YHR086W', 'YIL061C', 'YKL074C', 'YLR116W', 'YLR147C', 'YLR298C', 'YML046W', 'YMR125W', 'YPL178W', 'snR19']"
condensed nuclear chromosome kinetochore,54,"['YAL034W-A', 'YBR107C', 'YBR211C', 'YBR233W-A', 'YCL029C', 'YDL028C', 'YDR016C', 'YDR130C', 'YDR201W', 'YDR254W', 'YDR318W', 'YDR320C-A', 'YDR532C', 'YEL061C', 'YER018C', 'YER106W', 'YER116C', 'YER133W', 'YGL060W', 'YGL061C', 'YGL071W', 'YGL086W', 'YGL093W', 'YGR113W', 'YGR140W', 'YGR179C', 'YGR188C', 'YIL144W', 'YIR010W', 'YJL030W', 'YJR089W', 'YJR112W', 'YJR135C', 'YKL052C', 'YKL089W', 'YKL138C-A', 'YKR037C', 'YKR083C', 'YLR045C', 'YLR381W', 'YMR094W', 'YMR117C', 'YMR168C', 'YOL069W', 'YOR026W', 'YOR073W', 'YOR191W', 'YOR195W', 'YPL018W', 'YPL209C', 'YPL233W', 'YPL268W', 'YPL269W', 'YPR046W']"
condensed nuclear chromosome outer kinetochore,12,"['YBR107C', 'YBR233W-A', 'YDR016C', 'YDR201W', 'YDR254W', 'YDR320C-A', 'YGL061C', 'YGR113W', 'YKL052C', 'YKL138C-A', 'YKR037C', 'YKR083C']"
"condensed nuclear chromosome, centromeric region",60,"['YAL034W-A', 'YBR107C', 'YBR211C', 'YBR233W-A', 'YCL029C', 'YDL028C', 'YDL139C', 'YDL188C', 'YDR016C', 'YDR130C', 'YDR201W', 'YDR254W', 'YDR318W', 'YDR320C-A', 'YDR532C', 'YEL061C', 'YER018C', 'YER106W', 'YER116C', 'YER133W', 'YGL060W', 'YGL061C', 'YGL071W', 'YGL086W', 'YGL093W', 'YGR113W', 'YGR140W', 'YGR179C', 'YGR188C', 'YHR014W', 'YIL144W', 'YIR010W', 'YJL030W', 'YJR089W', 'YJR112W', 'YJR135C', 'YKL049C', 'YKL052C', 'YKL089W', 'YKL138C-A', 'YKR037C', 'YKR083C', 'YLR045C', 'YLR381W', 'YMR094W', 'YMR117C', 'YMR168C', 'YOL069W', 'YOR014W', 'YOR026W', 'YOR073W', 'YOR191W', 'YOR195W', 'YPL018W', 'YPL209C', 'YPL233W', 'YPL268W', 'YPL269W', 'YPR007C', 'YPR046W']"
core TFIIH complex,7,"['YDR079C-A', 'YDR311W', 'YER171W', 'YIL143C', 'YLR005W', 'YPL122C', 'YPR056W']"
core mediator complex,20,"['YBL093C', 'YBR193C', 'YBR253W', 'YDL005C', 'YDR308C', 'YER022W', 'YGL025C', 'YGL127C', 'YGR104C', 'YHR041C', 'YHR058C', 'YLR071C', 'YMR112C', 'YNL236W', 'YNR010W', 'YOL051W', 'YOL135C', 'YOR174W', 'YPR070W', 'YPR168W']"
cyclin-dependent protein kinase holoenzyme complex,20,"['YBR135W', 'YBR160W', 'YDL127W', 'YDL179W', 'YER059W', 'YGL134W', 'YGL215W', 'YGR108W', 'YHR071W', 'YIL050W', 'YJL006C', 'YKL139W', 'YLR226W', 'YML112W', 'YNL289W', 'YOL001W', 'YPL031C', 'YPL219W', 'YPL256C', 'YPR161C']"
cytoplasmic dynein complex,4,"['YDR424C', 'YDR488C', 'YKR054C', 'YMR299C']"
cytoplasmic exosome (RNase complex),13,"['YCR035C', 'YDL111C', 'YDR280W', 'YGR095C', 'YGR158C', 'YGR195W', 'YHR069C', 'YMR287C', 'YNL232W', 'YOL021C', 'YOL142W', 'YOR076C', 'YPL029W']"
cytoplasmic microtubule,24,"['YBL031W', 'YBR160W', 'YDR130C', 'YDR424C', 'YDR488C', 'YEL061C', 'YER016W', 'YFL037W', 'YGL216W', 'YHR129C', 'YJR076C', 'YKR054C', 'YLL049W', 'YLR254C', 'YML085C', 'YML124C', 'YMR198W', 'YMR294W', 'YMR299C', 'YOR269W', 'YPL155C', 'YPL174C', 'YPL269W', 'YPR141C']"
cytoplasmic stress granule,89,"['YAL035W', 'YAL036C', 'YBL016W', 'YBR072W', 'YBR079C', 'YBR127C', 'YBR143C', 'YBR160W', 'YBR212W', 'YCL011C', 'YCL037C', 'YCR077C', 'YDL053C', 'YDL134C', 'YDL140C', 'YDL160C', 'YDL166C', 'YDL167C', 'YDR023W', 'YDR172W', 'YDR293C', 'YDR429C', 'YDR432W', 'YDR502C', 'YDR515W', 'YDR533C', 'YER110C', 'YER165W', 'YER176W', 'YER177W', 'YFL045C', 'YGL009C', 'YGL049C', 'YGL105W', 'YGL173C', 'YGL245W', 'YGR155W', 'YGR162W', 'YGR178C', 'YGR185C', 'YGR214W', 'YGR234W', 'YGR250C', 'YGR271W', 'YHL034C', 'YHR082C', 'YHR121W', 'YHR186C', 'YIR026C', 'YJL128C', 'YJR007W', 'YJR137C', 'YKL035W', 'YKL056C', 'YKL081W', 'YKL181W', 'YKL204W', 'YKR059W', 'YLR180W', 'YLR192C', 'YLR244C', 'YLR249W', 'YLR287C-A', 'YML117W', 'YMR012W', 'YMR146C', 'YMR246W', 'YMR260C', 'YMR309C', 'YNL016W', 'YNL085W', 'YNL161W', 'YNL197C', 'YNL207W', 'YNL209W', 'YNL255C', 'YOL111C', 'YOL123W', 'YOL139C', 'YOR151C', 'YOR204W', 'YOR303W', 'YOR361C', 'YPL009C', 'YPL048W', 'YPL184C', 'YPL280W', 'YPR129W', 'YPR163C']"
cytosolic large ribosomal subunit,99,"['RDN25-1', 'RDN25-2', 'RDN5-1', 'RDN5-2', 'RDN5-3', 'RDN5-4', 'RDN5-5', 'RDN5-6', 'RDN58-1', 'RDN58-2', 'YBL027W', 'YBL087C', 'YBL092W', 'YBR031W', 'YBR084C-A', 'YBR191W', 'YBR267W', 'YDL075W', 'YDL081C', 'YDL082W', 'YDL126C', 'YDL130W', 'YDL133C-A', 'YDL136W', 'YDL184C', 'YDL191W', 'YDR012W', 'YDR101C', 'YDR333C', 'YDR382W', 'YDR418W', 'YDR471W', 'YDR500C', 'YEL054C', 'YER117W', 'YFL034C-A', 'YFR031C-A', 'YFR032C-A', 'YGL030W', 'YGL031C', 'YGL076C', 'YGL099W', 'YGL103W', 'YGL135W', 'YGL147C', 'YGR034W', 'YGR085C', 'YGR148C', 'YHL001W', 'YHL033C', 'YHR010W', 'YHR141C', 'YHR170W', 'YIL018W', 'YIL052C', 'YIL133C', 'YIL148W', 'YJL177W', 'YJL189W', 'YJR094W-A', 'YKL006W', 'YKL082C', 'YKL180W', 'YKR094C', 'YLL045C', 'YLR029C', 'YLR061W', 'YLR075W', 'YLR185W', 'YLR325C', 'YLR340W', 'YLR344W', 'YLR387C', 'YLR406C', 'YLR448W', 'YML073C', 'YMR121C', 'YMR142C', 'YMR194W', 'YMR242C', 'YNL067W', 'YNL069C', 'YNL162W', 'YNL227C', 'YNL301C', 'YOL039W', 'YOL120C', 'YOL127W', 'YOR063W', 'YOR234C', 'YOR312C', 'YPL079W', 'YPL131W', 'YPL143W', 'YPL198W', 'YPL220W', 'YPL249C-A', 'YPR043W', 'YPR102C']"
cytosolic ribosome,180,"['RDN18-1', 'RDN18-2', 'RDN25-1', 'RDN25-2', 'RDN5-1', 'RDN5-2', 'RDN5-3', 'RDN5-4', 'RDN5-5', 'RDN5-6', 'RDN58-1', 'RDN58-2', 'YAL035W', 'YBL027W', 'YBL072C', 'YBL087C', 'YBL092W', 'YBR031W', 'YBR048W', 'YBR084C-A', 'YBR101C', 'YBR181C', 'YBR189W', 'YBR191W', 'YBR267W', 'YCR031C', 'YCR077C', 'YDL040C', 'YDL061C', 'YDL075W', 'YDL081C', 'YDL082W', 'YDL083C', 'YDL126C', 'YDL130W', 'YDL133C-A', 'YDL136W', 'YDL184C', 'YDL191W', 'YDR012W', 'YDR025W', 'YDR064W', 'YDR091C', 'YDR101C', 'YDR283C', 'YDR333C', 'YDR382W', 'YDR418W', 'YDR447C', 'YDR450W', 'YDR471W', 'YDR500C', 'YEL034W', 'YEL054C', 'YER074W', 'YER102W', 'YER117W', 'YER131W', 'YFL023W', 'YFL034C-A', 'YFR009W', 'YFR031C-A', 'YFR032C-A', 'YGL030W', 'YGL031C', 'YGL076C', 'YGL099W', 'YGL103W', 'YGL123W', 'YGL135W', 'YGL147C', 'YGL189C', 'YGL195W', 'YGR027C', 'YGR034W', 'YGR054W', 'YGR085C', 'YGR118W', 'YGR148C', 'YGR214W', 'YHL001W', 'YHL015W', 'YHL033C', 'YHR010W', 'YHR013C', 'YHR021C', 'YHR141C', 'YHR170W', 'YHR203C', 'YIL016W', 'YIL018W', 'YIL052C', 'YIL069C', 'YIL133C', 'YIL148W', 'YIR012W', 'YJL136C', 'YJL177W', 'YJL189W', 'YJL190C', 'YJL191W', 'YJR047C', 'YJR094W-A', 'YJR123W', 'YJR145C', 'YKL006W', 'YKL082C', 'YKL156W', 'YKL180W', 'YKR057W', 'YKR094C', 'YLL045C', 'YLR029C', 'YLR048W', 'YLR061W', 'YLR075W', 'YLR167W', 'YLR185W', 'YLR244C', 'YLR249W', 'YLR264W', 'YLR287C-A', 'YLR325C', 'YLR333C', 'YLR340W', 'YLR344W', 'YLR367W', 'YLR387C', 'YLR388W', 'YLR406C', 'YLR441C', 'YLR448W', 'YML024W', 'YML026C', 'YML063W', 'YML073C', 'YMR116C', 'YMR121C', 'YMR142C', 'YMR143W', 'YMR194W', 'YMR230W', 'YMR242C', 'YNL007C', 'YNL014W', 'YNL067W', 'YNL069C', 'YNL096C', 'YNL162W', 'YNL178W', 'YNL227C', 'YNL301C', 'YNL302C', 'YOL039W', 'YOL040C', 'YOL120C', 'YOL121C', 'YOL127W', 'YOR063W', 'YOR096W', 'YOR167C', 'YOR182C', 'YOR234C', 'YOR253W', 'YOR293W', 'YOR312C', 'YOR369C', 'YPL079W', 'YPL081W', 'YPL090C', 'YPL131W', 'YPL143W', 'YPL198W', 'YPL220W', 'YPL249C-A', 'YPR041W', 'YPR043W', 'YPR102C', 'YPR132W', 'YPR163C']"
cytosolic small ribosomal subunit,65,"['RDN18-1', 'RDN18-2', 'YAL035W', 'YBL072C', 'YBR048W', 'YBR181C', 'YBR189W', 'YCR031C', 'YCR077C', 'YDL061C', 'YDL083C', 'YDR025W', 'YDR064W', 'YDR447C', 'YDR450W', 'YER074W', 'YER102W', 'YER131W', 'YGL123W', 'YGL189C', 'YGR027C', 'YGR054W', 'YGR118W', 'YGR214W', 'YHL015W', 'YHR021C', 'YHR203C', 'YIL069C', 'YJL136C', 'YJL190C', 'YJL191W', 'YJR123W', 'YJR145C', 'YKL156W', 'YKR057W', 'YLR048W', 'YLR167W', 'YLR264W', 'YLR287C-A', 'YLR333C', 'YLR367W', 'YLR388W', 'YLR441C', 'YML024W', 'YML026C', 'YML063W', 'YMR116C', 'YMR143W', 'YMR230W', 'YNL007C', 'YNL096C', 'YNL178W', 'YNL302C', 'YOL040C', 'YOL121C', 'YOR096W', 'YOR167C', 'YOR182C', 'YOR293W', 'YOR369C', 'YPL081W', 'YPL090C', 'YPR041W', 'YPR132W', 'YPR163C']"
dehydrodolichyl diphosphate synthase complex,3,"['YBR002C', 'YDL193W', 'YMR101C']"
delta DNA polymerase complex,3,"['YDL102W', 'YJR006W', 'YJR043C']"
dolichyl-phosphate-mannose-protein mannosyltransferase Pmt1p-Pmt2p dimer complex,2,"['YAL023C', 'YDL095W']"
dolichyl-phosphate-mannose-protein mannosyltransferase Pmt1p-Pmt3p dimer complex,2,"['YDL095W', 'YOR321W']"
dolichyl-phosphate-mannose-protein mannosyltransferase Pmt4p homodimer complex,1,['YJR143C']
dolichyl-phosphate-mannose-protein mannosyltransferase Pmt5p-Pmt2p dimer complex,2,"['YAL023C', 'YDL093W']"
dolichyl-phosphate-mannose-protein mannosyltransferase Pmt5p-Pmt3p dimer complex,2,"['YDL093W', 'YOR321W']"
dolichyl-phosphate-mannose-protein mannosyltransferase complex,5,"['YAL023C', 'YDL093W', 'YDL095W', 'YJR143C', 'YOR321W']"
dynactin complex,5,"['YDR106W', 'YHR129C', 'YLL049W', 'YMR294W', 'YPL174C']"
eRF1 methyltransferase complex,2,"['YDR140W', 'YNR046W']"
eisosome,9,"['YDR490C', 'YGR086C', 'YGR130C', 'YIL105C', 'YML052W', 'YMR031C', 'YMR086W', 'YOL100W', 'YPL004C']"
elongin complex,2,"['YNL230C', 'YPL046C']"
endoplasmic reticulum palmitoyltransferase complex,8,"['YBR058C-A', 'YDR062W', 'YGR038W', 'YKL212W', 'YLR246W', 'YLR350W', 'YMR296C', 'YOL110W']"
epsilon DNA polymerase complex,5,"['YBR278W', 'YDR121W', 'YJL090C', 'YNL262W', 'YPR175W']"
eukaryotic 43S preinitiation complex,9,"['YER025W', 'YMR260C', 'YNL244C', 'YPL237W', 'tM(CAU)C', 'tM(CAU)E', 'tM(CAU)J3', 'tM(CAU)O1', 'tM(CAU)P']"
eukaryotic 48S preinitiation complex,11,"['YAL035W', 'YER025W', 'YJR007W', 'YMR260C', 'YOR361C', 'YPR041W', 'tM(CAU)C', 'tM(CAU)E', 'tM(CAU)J3', 'tM(CAU)O1', 'tM(CAU)P']"
eukaryotic translation elongation factor 1 complex,4,"['YAL003W', 'YBR118W', 'YKL081W', 'YPR080W']"
eukaryotic translation initiation factor 2 complex,3,"['YER025W', 'YJR007W', 'YPL237W']"
eukaryotic translation initiation factor 2B complex,5,"['YDR211W', 'YGR083C', 'YKR026C', 'YLR291C', 'YOR260W']"
eukaryotic translation initiation factor 3 complex,7,"['YBR079C', 'YDR429C', 'YLR192C', 'YMR012W', 'YMR146C', 'YMR309C', 'YOR361C']"
eukaryotic translation initiation factor 4F complex,5,"['YGL049C', 'YGR162W', 'YJL138C', 'YKR059W', 'YOL139C']"
exocyst,8,"['YBR102C', 'YDR166C', 'YER008C', 'YGL233W', 'YIL068C', 'YJL085W', 'YLR166C', 'YPR055W']"
exomer complex,5,"['YJL099W', 'YKR027W', 'YLR330W', 'YMR237W', 'YOR299W']"
exosome (RNase complex),18,"['YCR035C', 'YDL111C', 'YDR280W', 'YGR095C', 'YGR158C', 'YGR195W', 'YHR069C', 'YHR081W', 'YLR347C', 'YMR287C', 'YNL189W', 'YNL232W', 'YNR024W', 'YOL021C', 'YOL142W', 'YOR001W', 'YOR076C', 'YPL029W']"
fatty acid synthase complex,2,"['YKL182W', 'YPL231W']"
filamentous actin,2,"['YAL029C', 'YOR326W']"
"gamma-tubulin small complex, spindle pole body",3,"['YHR172W', 'YLR212C', 'YNL126W']"
glucosidase II complex,2,"['YBR229C', 'YDR221W']"
glutaminase complex,2,"['YMR095C', 'YMR096W']"
glutamyl-tRNA(Gln) amidotransferase complex,3,"['YBL080C', 'YGR102C', 'YMR293C']"
glutathione hydrolase complex,2,"['YBR281C', 'YNL191W']"
glycine cleavage complex,4,"['YAL044C', 'YDR019C', 'YFL018C', 'YMR189W']"
glycosylphosphatidylinositol-N-acetylglucosaminyltransferase (GPI-GnT) complex,6,"['YDR437W', 'YGR216C', 'YNL038W', 'YPL076W', 'YPL096C-A', 'YPL175W']"
glycosylphosphatidylinositol-mannosyltransferase I complex,2,"['YCL052C', 'YJR013W']"
guanyl-nucleotide exchange factor complex,7,"['YDR137W', 'YDR211W', 'YGR083C', 'YKR026C', 'YLR039C', 'YLR291C', 'YOR260W']"
half bridge of spindle pole body,4,"['YJL019W', 'YLL003W', 'YNL188W', 'YOR257W']"
heterotrimeric G-protein complex,3,"['YHR005C', 'YJR086W', 'YOR212W']"
high-affinity iron permease complex,2,"['YER145C', 'YMR058W']"
histone acetyltransferase complex,46,"['YBL052C', 'YBR081C', 'YBR111W-A', 'YBR198C', 'YCL010C', 'YCR082W', 'YDR145W', 'YDR167W', 'YDR176W', 'YDR181C', 'YDR359C', 'YDR392W', 'YDR448W', 'YEL018W', 'YEL056W', 'YER164W', 'YFL024C', 'YFL039C', 'YGL066W', 'YGL112C', 'YGL252C', 'YGR002C', 'YGR252W', 'YHR090C', 'YHR099W', 'YJL081C', 'YJR082C', 'YLL022C', 'YLR055C', 'YLR455W', 'YMR127C', 'YMR223W', 'YMR236W', 'YNL107W', 'YNL136W', 'YOL148C', 'YOR023C', 'YOR064C', 'YOR213C', 'YOR244W', 'YPL001W', 'YPL047W', 'YPL129W', 'YPL254W', 'YPR023C', 'YPR031W']"
histone deacetylase complex,33,"['YAL013W', 'YBL054W', 'YBR095C', 'YBR103W', 'YCR033W', 'YDL076C', 'YDR155C', 'YDR207C', 'YDR295C', 'YER088C', 'YGL131C', 'YGL194C', 'YIL084C', 'YIL112W', 'YKL185W', 'YKR029C', 'YLR183C', 'YMR053C', 'YMR075W', 'YMR176W', 'YMR263W', 'YNL021W', 'YNL097C', 'YNL309W', 'YNL330C', 'YOL004W', 'YOL068C', 'YOR279C', 'YPL139C', 'YPL181W', 'YPR023C', 'YPR068C', 'YPR179C']"
holo TFIIH complex,11,"['YDL108W', 'YDR079C-A', 'YDR311W', 'YDR460W', 'YER171W', 'YIL143C', 'YLR005W', 'YOR352W', 'YPL122C', 'YPR025C', 'YPR056W']"
i-AAA complex,3,"['YCL044C', 'YMR115W', 'YPR024W']"
inner plaque of spindle pole body,4,"['YDR356W', 'YHR172W', 'YLR212C', 'YNL126W']"
inositol phosphoceramide synthase complex,2,"['YDR367W', 'YKL004W']"
intermediate filament,1,['YDR130C']
intermediate layer of spindle pole body,1,['YKL042W']
intracellular ribonucleoprotein complex,810,"['NME1', 'Q0020', 'Q0140', 'Q0158', 'Q0285', 'RDN18-1', 'RDN18-2', 'RDN25-1', 'RDN25-2', 'RDN5-1', 'RDN5-2', 'RDN5-3', 'RDN5-4', 'RDN5-5', 'RDN5-6', 'RDN58-1', 'RDN58-2', 'RPR1', 'TLC1', 'YAL005C', 'YAL021C', 'YAL025C', 'YAL032C', 'YAL033W', 'YAL035W', 'YAL036C', 'YAL059W', 'YBL004W', 'YBL016W', 'YBL018C', 'YBL026W', 'YBL027W', 'YBL028C', 'YBL032W', 'YBL038W', 'YBL072C', 'YBL074C', 'YBL087C', 'YBL090W', 'YBL092W', 'YBR031W', 'YBR048W', 'YBR055C', 'YBR072W', 'YBR079C', 'YBR084C-A', 'YBR094W', 'YBR101C', 'YBR119W', 'YBR120C', 'YBR122C', 'YBR127C', 'YBR143C', 'YBR146W', 'YBR152W', 'YBR160W', 'YBR167C', 'YBR172C', 'YBR181C', 'YBR188C', 'YBR189W', 'YBR191W', 'YBR212W', 'YBR238C', 'YBR247C', 'YBR251W', 'YBR257W', 'YBR267W', 'YBR268W', 'YBR282W', 'YCL011C', 'YCL031C', 'YCL037C', 'YCL054W', 'YCL059C', 'YCR003W', 'YCR031C', 'YCR046C', 'YCR057C', 'YCR059C', 'YCR063W', 'YCR071C', 'YCR072C', 'YCR077C', 'YDL014W', 'YDL030W', 'YDL031W', 'YDL040C', 'YDL043C', 'YDL045W-A', 'YDL053C', 'YDL060W', 'YDL061C', 'YDL069C', 'YDL075W', 'YDL081C', 'YDL082W', 'YDL083C', 'YDL084W', 'YDL087C', 'YDL092W', 'YDL098C', 'YDL110C', 'YDL126C', 'YDL130W', 'YDL133C-A', 'YDL134C', 'YDL136W', 'YDL140C', 'YDL148C', 'YDL153C', 'YDL160C', 'YDL166C', 'YDL167C', 'YDL184C', 'YDL191W', 'YDL202W', 'YDL208W', 'YDL209C', 'YDL213C', 'YDL229W', 'YDR012W', 'YDR023W', 'YDR025W', 'YDR026C', 'YDR041W', 'YDR060W', 'YDR064W', 'YDR077W', 'YDR083W', 'YDR087C', 'YDR088C', 'YDR091C', 'YDR101C', 'YDR115W', 'YDR116C', 'YDR117C', 'YDR152W', 'YDR163W', 'YDR172W', 'YDR174W', 'YDR175C', 'YDR186C', 'YDR197W', 'YDR206W', 'YDR235W', 'YDR237W', 'YDR239C', 'YDR240C', 'YDR243C', 'YDR266C', 'YDR283C', 'YDR293C', 'YDR296W', 'YDR299W', 'YDR322W', 'YDR324C', 'YDR333C', 'YDR337W', 'YDR339C', 'YDR347W', 'YDR364C', 'YDR378C', 'YDR382W', 'YDR385W', 'YDR398W', 'YDR404C', 'YDR405W', 'YDR416W', 'YDR418W', 'YDR429C', 'YDR432W', 'YDR447C', 'YDR449C', 'YDR450W', 'YDR462W', 'YDR471W', 'YDR473C', 'YDR478W', 'YDR482C', 'YDR494W', 'YDR496C', 'YDR500C', 'YDR502C', 'YDR505C', 'YDR515W', 'YDR533C', 'YEL015W', 'YEL026W', 'YEL034W', 'YEL043W', 'YEL047C', 'YEL050C', 'YEL054C', 'YER002W', 'YER006W', 'YER007C-A', 'YER013W', 'YER025W', 'YER029C', 'YER036C', 'YER050C', 'YER056C-A', 'YER074W', 'YER082C', 'YER102W', 'YER110C', 'YER112W', 'YER117W', 'YER126C', 'YER127W', 'YER131W', 'YER146W', 'YER154W', 'YER165W', 'YER172C', 'YER176W', 'YER177W', 'YFL002C', 'YFL017W-A', 'YFL023W', 'YFL034C-A', 'YFL045C', 'YFR001W', 'YFR009W', 'YFR031C-A', 'YFR032C-A', 'YFR044C', 'YFR049W', 'YGL009C', 'YGL019W', 'YGL029W', 'YGL030W', 'YGL031C', 'YGL049C', 'YGL064C', 'YGL068W', 'YGL076C', 'YGL078C', 'YGL099W', 'YGL103W', 'YGL105W', 'YGL111W', 'YGL120C', 'YGL123W', 'YGL128C', 'YGL129C', 'YGL135W', 'YGL147C', 'YGL160W', 'YGL171W', 'YGL173C', 'YGL189C', 'YGL195W', 'YGL245W', 'YGR006W', 'YGR013W', 'YGR027C', 'YGR030C', 'YGR034W', 'YGR054W', 'YGR072W', 'YGR074W', 'YGR075C', 'YGR076C', 'YGR078C', 'YGR081C', 'YGR084C', 'YGR085C', 'YGR090W', 'YGR091W', 'YGR103W', 'YGR109W-A', 'YGR118W', 'YGR128C', 'YGR129W', 'YGR145W', 'YGR148C', 'YGR155W', 'YGR162W', 'YGR165W', 'YGR178C', 'YGR185C', 'YGR198W', 'YGR214W', 'YGR215W', 'YGR218W', 'YGR220C', 'YGR234W', 'YGR242W', 'YGR250C', 'YGR251W', 'YGR271C-A', 'YGR271W', 'YGR278W', 'YGR283C', 'YGR285C', 'YGR287C', 'YHL001W', 'YHL004W', 'YHL013C', 'YHL015W', 'YHL033C', 'YHL034C', 'YHL035C', 'YHR010W', 'YHR013C', 'YHR020W', 'YHR021C', 'YHR034C', 'YHR052W', 'YHR062C', 'YHR064C', 'YHR066W', 'YHR072W-A', 'YHR075C', 'YHR077C', 'YHR080C', 'YHR082C', 'YHR085W', 'YHR086W', 'YHR088W', 'YHR089C', 'YHR113W', 'YHR121W', 'YHR141C', 'YHR147C', 'YHR148W', 'YHR156C', 'YHR165C', 'YHR169W', 'YHR170W', 'YHR186C', 'YHR196W', 'YHR203C', 'YIL009C-A', 'YIL016W', 'YIL018W', 'YIL035C', 'YIL052C', 'YIL061C', 'YIL069C', 'YIL082W', 'YIL091C', 'YIL093C', 'YIL133C', 'YIL137C', 'YIL148W', 'YIL149C', 'YIR003W', 'YIR005W', 'YIR009W', 'YIR012W', 'YIR015W', 'YIR026C', 'YJL010C', 'YJL028W', 'YJL033W', 'YJL063C', 'YJL069C', 'YJL080C', 'YJL087C', 'YJL096W', 'YJL109C', 'YJL118W', 'YJL122W', 'YJL123C', 'YJL124C', 'YJL128C', 'YJL136C', 'YJL138C', 'YJL140W', 'YJL177W', 'YJL189W', 'YJL190C', 'YJL191W', 'YJL203W', 'YJL207C', 'YJL213W', 'YJR002W', 'YJR007W', 'YJR014W', 'YJR022W', 'YJR047C', 'YJR050W', 'YJR094W-A', 'YJR101W', 'YJR113C', 'YJR123W', 'YJR137C', 'YJR145C', 'YKL003C', 'YKL006W', 'YKL009W', 'YKL012W', 'YKL035W', 'YKL056C', 'YKL065C', 'YKL074C', 'YKL081W', 'YKL082C', 'YKL095W', 'YKL099C', 'YKL122C', 'YKL138C', 'YKL139W', 'YKL143W', 'YKL155C', 'YKL156W', 'YKL167C', 'YKL170W', 'YKL172W', 'YKL173W', 'YKL180W', 'YKL181W', 'YKL204W', 'YKL222C', 'YKR006C', 'YKR022C', 'YKR057W', 'YKR059W', 'YKR060W', 'YKR063C', 'YKR081C', 'YKR085C', 'YKR086W', 'YKR094C', 'YKR095W', 'YKR096W', 'YLL008W', 'YLL011W', 'YLL023C', 'YLL024C', 'YLL032C', 'YLL034C', 'YLL036C', 'YLL045C', 'YLR002C', 'YLR003C', 'YLR009W', 'YLR022C', 'YLR029C', 'YLR048W', 'YLR061W', 'YLR074C', 'YLR075W', 'YLR106C', 'YLR116W', 'YLR117C', 'YLR129W', 'YLR145W', 'YLR147C', 'YLR150W', 'YLR167W', 'YLR175W', 'YLR180W', 'YLR185W', 'YLR186W', 'YLR192C', 'YLR197W', 'YLR221C', 'YLR222C', 'YLR233C', 'YLR244C', 'YLR249W', 'YLR264W', 'YLR270W', 'YLR275W', 'YLR287C-A', 'YLR289W', 'YLR298C', 'YLR312W-A', 'YLR318W', 'YLR323C', 'YLR325C', 'YLR327C', 'YLR333C', 'YLR340W', 'YLR344W', 'YLR367W', 'YLR387C', 'YLR388W', 'YLR397C', 'YLR406C', 'YLR409C', 'YLR424W', 'YLR438C-A', 'YLR439W', 'YLR441C', 'YLR448W', 'YML009C', 'YML017W', 'YML024W', 'YML025C', 'YML026C', 'YML028W', 'YML046W', 'YML049C', 'YML063W', 'YML073C', 'YML091C', 'YML093W', 'YML105C', 'YML107C', 'YML117W', 'YMR012W', 'YMR014W', 'YMR024W', 'YMR040W', 'YMR049C', 'YMR080C', 'YMR086W', 'YMR093W', 'YMR114C', 'YMR116C', 'YMR121C', 'YMR125W', 'YMR128W', 'YMR142C', 'YMR143W', 'YMR146C', 'YMR158W', 'YMR188C', 'YMR193W', 'YMR194W', 'YMR213W', 'YMR225C', 'YMR226C', 'YMR229C', 'YMR230W', 'YMR237W', 'YMR240C', 'YMR242C', 'YMR246W', 'YMR247C', 'YMR260C', 'YMR268C', 'YMR269W', 'YMR286W', 'YMR288W', 'YMR290C', 'YMR295C', 'YMR309C', 'YNCB0019C', 'YNCE0024W', 'YNL002C', 'YNL005C', 'YNL007C', 'YNL014W', 'YNL016W', 'YNL061W', 'YNL067W', 'YNL069C', 'YNL075W', 'YNL081C', 'YNL085W', 'YNL096C', 'YNL110C', 'YNL118C', 'YNL122C', 'YNL132W', 'YNL137C', 'YNL138W-A', 'YNL147W', 'YNL157W', 'YNL161W', 'YNL162W', 'YNL175C', 'YNL177C', 'YNL178W', 'YNL185C', 'YNL187W', 'YNL197C', 'YNL207W', 'YNL208W', 'YNL209W', 'YNL210W', 'YNL221C', 'YNL224C', 'YNL227C', 'YNL244C', 'YNL245C', 'YNL247W', 'YNL252C', 'YNL255C', 'YNL282W', 'YNL284C', 'YNL286W', 'YNL301C', 'YNL302C', 'YNL306W', 'YNL308C', 'YNL311C', 'YNR011C', 'YNR022C', 'YNR024W', 'YNR036C', 'YNR037C', 'YNR038W', 'YNR051C', 'YNR052C', 'YNR053C', 'YNR054C', 'YOL010W', 'YOL039W', 'YOL040C', 'YOL041C', 'YOL070C', 'YOL077C', 'YOL099C', 'YOL111C', 'YOL114C', 'YOL120C', 'YOL121C', 'YOL123W', 'YOL127W', 'YOL138C', 'YOL139C', 'YOL149W', 'YOR004W', 'YOR019W', 'YOR039W', 'YOR046C', 'YOR056C', 'YOR061W', 'YOR063W', 'YOR078W', 'YOR091W', 'YOR096W', 'YOR133W', 'YOR145C', 'YOR148C', 'YOR150W', 'YOR151C', 'YOR158W', 'YOR159C', 'YOR167C', 'YOR173W', 'YOR175C', 'YOR182C', 'YOR198C', 'YOR204W', 'YOR206W', 'YOR227W', 'YOR234C', 'YOR252W', 'YOR253W', 'YOR272W', 'YOR287C', 'YOR293W', 'YOR294W', 'YOR303W', 'YOR308C', 'YOR310C', 'YOR312C', 'YOR319W', 'YOR350C', 'YOR359W', 'YOR361C', 'YOR369C', 'YPL009C', 'YPL012W', 'YPL013C', 'YPL043W', 'YPL048W', 'YPL064C', 'YPL073C', 'YPL079W', 'YPL081W', 'YPL090C', 'YPL093W', 'YPL105C', 'YPL106C', 'YPL110C', 'YPL118W', 'YPL126W', 'YPL131W', 'YPL132W', 'YPL137C', 'YPL143W', 'YPL151C', 'YPL169C', 'YPL173W', 'YPL178W', 'YPL183W-A', 'YPL184C', 'YPL198W', 'YPL210C', 'YPL211W', 'YPL213W', 'YPL215W', 'YPL217C', 'YPL220W', 'YPL225W', 'YPL226W', 'YPL237W', 'YPL243W', 'YPL249C-A', 'YPL266W', 'YPL280W', 'YPR016C', 'YPR041W', 'YPR043W', 'YPR057W', 'YPR080W', 'YPR082C', 'YPR088C', 'YPR091C', 'YPR094W', 'YPR096C', 'YPR100W', 'YPR101W', 'YPR102C', 'YPR112C', 'YPR129W', 'YPR132W', 'YPR137W', 'YPR143W', 'YPR144C', 'YPR148C', 'YPR163C', 'YPR166C', 'YPR178W', 'YPR182W', 'snR10', 'snR11', 'snR128', 'snR13', 'snR14', 'snR161', 'snR17a', 'snR17b', 'snR18', 'snR189', 'snR19', 'snR190', 'snR191', 'snR24', 'snR3', 'snR30', 'snR31', 'snR32', 'snR33', 'snR34', 'snR35', 'snR36', 'snR37', 'snR38', 'snR39', 'snR39B', 'snR4', 'snR40', 'snR41', 'snR42', 'snR43', 'snR44', 'snR45', 'snR46', 'snR47', 'snR48', 'snR49', 'snR5', 'snR50', 'snR51', 'snR52', 'snR53', 'snR54', 'snR55', 'snR56', 'snR57', 'snR58', 'snR59', 'snR6', 'snR60', 'snR61', 'snR62', 'snR63', 'snR64', 'snR65', 'snR66', 'snR67', 'snR68', 'snR69', 'snR7-L', 'snR7-S', 'snR70', 'snR71', 'snR72', 'snR73', 'snR74', 'snR75', 'snR76', 'snR77', 'snR78', 'snR79', 'snR8', 'snR80', 'snR81', 'snR82', 'snR83', 'snR84', 'snR85', 'snR86', 'snR87', 'snR9', 'tM(CAU)C', 'tM(CAU)E', 'tM(CAU)J3', 'tM(CAU)O1', 'tM(CAU)P']"
kinesin complex,5,"['YBL063W', 'YGL216W', 'YMR198W', 'YPL155C', 'YPL253C']"
kinetochore microtubule,6,"['YBR156C', 'YEL061C', 'YFL037W', 'YML085C', 'YML124C', 'YPL209C']"
kinetochore,68,"['YAL034W-A', 'YBR107C', 'YBR211C', 'YBR233W-A', 'YCL029C', 'YCR077C', 'YCR086W', 'YDL028C', 'YDR016C', 'YDR130C', 'YDR201W', 'YDR254W', 'YDR318W', 'YDR320C-A', 'YDR328C', 'YDR374W-A', 'YDR383C', 'YDR439W', 'YDR532C', 'YEL061C', 'YER018C', 'YER106W', 'YER116C', 'YER133W', 'YFR046C', 'YGL060W', 'YGL061C', 'YGL071W', 'YGL086W', 'YGL093W', 'YGR063C', 'YGR113W', 'YGR140W', 'YGR179C', 'YGR188C', 'YGR218W', 'YIL144W', 'YIR010W', 'YJL030W', 'YJR060W', 'YJR089W', 'YJR112W', 'YJR135C', 'YKL049C', 'YKL052C', 'YKL089W', 'YKL138C-A', 'YKR037C', 'YKR083C', 'YLR045C', 'YLR315W', 'YLR381W', 'YMR094W', 'YMR117C', 'YMR168C', 'YOL069W', 'YOR014W', 'YOR026W', 'YOR073W', 'YOR191W', 'YOR195W', 'YPL018W', 'YPL204W', 'YPL209C', 'YPL233W', 'YPL268W', 'YPL269W', 'YPR046W']"
large ribosomal subunit,150,"['Q0158', 'RDN25-1', 'RDN25-2', 'RDN5-1', 'RDN5-2', 'RDN5-3', 'RDN5-4', 'RDN5-5', 'RDN5-6', 'RDN58-1', 'RDN58-2', 'YBL027W', 'YBL038W', 'YBL087C', 'YBL092W', 'YBR031W', 'YBR084C-A', 'YBR122C', 'YBR191W', 'YBR267W', 'YBR268W', 'YBR282W', 'YCR003W', 'YCR046C', 'YCR071C', 'YDL075W', 'YDL081C', 'YDL082W', 'YDL126C', 'YDL130W', 'YDL133C-A', 'YDL136W', 'YDL184C', 'YDL191W', 'YDL202W', 'YDR012W', 'YDR101C', 'YDR115W', 'YDR116C', 'YDR237W', 'YDR296W', 'YDR322W', 'YDR333C', 'YDR382W', 'YDR405W', 'YDR418W', 'YDR462W', 'YDR471W', 'YDR496C', 'YDR500C', 'YEL050C', 'YEL054C', 'YER117W', 'YER154W', 'YFL034C-A', 'YFR031C-A', 'YFR032C-A', 'YGL030W', 'YGL031C', 'YGL064C', 'YGL068W', 'YGL076C', 'YGL099W', 'YGL103W', 'YGL135W', 'YGL147C', 'YGR034W', 'YGR076C', 'YGR085C', 'YGR148C', 'YGR220C', 'YHL001W', 'YHL033C', 'YHR010W', 'YHR141C', 'YHR147C', 'YHR170W', 'YIL018W', 'YIL052C', 'YIL133C', 'YIL148W', 'YJL063C', 'YJL096W', 'YJL177W', 'YJL189W', 'YJR094W-A', 'YKL006W', 'YKL082C', 'YKL138C', 'YKL167C', 'YKL170W', 'YKL180W', 'YKR006C', 'YKR085C', 'YKR094C', 'YLL045C', 'YLR029C', 'YLR061W', 'YLR075W', 'YLR185W', 'YLR312W-A', 'YLR325C', 'YLR340W', 'YLR344W', 'YLR387C', 'YLR406C', 'YLR439W', 'YLR448W', 'YML009C', 'YML025C', 'YML073C', 'YMR024W', 'YMR121C', 'YMR142C', 'YMR193W', 'YMR194W', 'YMR225C', 'YMR242C', 'YMR286W', 'YNL005C', 'YNL067W', 'YNL069C', 'YNL122C', 'YNL162W', 'YNL177C', 'YNL185C', 'YNL227C', 'YNL252C', 'YNL284C', 'YNL301C', 'YNR022C', 'YOL039W', 'YOL114C', 'YOL120C', 'YOL127W', 'YOR063W', 'YOR150W', 'YOR234C', 'YOR312C', 'YPL079W', 'YPL131W', 'YPL143W', 'YPL173W', 'YPL183W-A', 'YPL198W', 'YPL220W', 'YPL249C-A', 'YPR043W', 'YPR100W', 'YPR102C']"
luminal surveillance complex,3,"['YDR057W', 'YJL034W', 'YLR207W']"
m-AAA complex,2,"['YER017C', 'YMR089C']"
mRNA cap binding complex,3,"['YJL124C', 'YKL204W', 'YOR276W']"
mRNA cap methyltransferase complex,2,"['YGL130W', 'YPL228W']"
mRNA cleavage and polyadenylation specificity factor complex,15,"['YAL043C', 'YDR195W', 'YDR301W', 'YER133W', 'YGR156W', 'YJR093C', 'YKL018W', 'YKL059C', 'YKR002W', 'YLR115W', 'YLR277C', 'YNL222W', 'YNL317W', 'YOR179C', 'YPR107C']"
mRNA cleavage factor complex,20,"['YAL043C', 'YDR195W', 'YDR228C', 'YDR301W', 'YER133W', 'YGL044C', 'YGR156W', 'YJR093C', 'YKL018W', 'YKL059C', 'YKR002W', 'YLR115W', 'YLR277C', 'YMR061W', 'YNL222W', 'YNL317W', 'YOL123W', 'YOR179C', 'YOR250C', 'YPR107C']"
mannosyltransferase complex,15,"['YAL023C', 'YBR004C', 'YCL052C', 'YDL093W', 'YDL095W', 'YDR245W', 'YEL036C', 'YJL183W', 'YJR013W', 'YJR075W', 'YJR143C', 'YML115C', 'YNL158W', 'YOR321W', 'YPL050C']"
mating-type region heterochromatin,2,"['YAL019W', 'YGR063C']"
mediator complex,9,"['YCR081W', 'YDL005C', 'YDR308C', 'YDR443C', 'YGL151W', 'YNL025C', 'YNL236W', 'YPL042C', 'YPL129W']"
meiotic spindle,4,"['YCR002C', 'YDR218C', 'YHR014W', 'YJR076C']"
methionyl glutamyl tRNA synthetase complex,3,"['YGL105W', 'YGL245W', 'YGR264C']"
microtubule plus-end,2,"['YCL029C', 'YER016W']"
microtubule,37,"['YBL031W', 'YBL063W', 'YBR156C', 'YBR160W', 'YCL029C', 'YCR002C', 'YDR130C', 'YDR218C', 'YDR424C', 'YDR488C', 'YEL061C', 'YER016W', 'YFL037W', 'YGL216W', 'YHR129C', 'YJL042W', 'YJR076C', 'YJR089W', 'YKR054C', 'YLL049W', 'YLR045C', 'YLR186W', 'YLR254C', 'YML085C', 'YML124C', 'YMR198W', 'YMR294W', 'YMR299C', 'YOL069W', 'YOR058C', 'YOR269W', 'YPL017C', 'YPL155C', 'YPL174C', 'YPL209C', 'YPL269W', 'YPR141C']"
mitochondrial DNA-directed RNA polymerase complex,2,"['YFL036W', 'YMR228W']"
mitochondrial degradosome,2,"['YMR287C', 'YPL029W']"
mitochondrial inner membrane peptidase complex,3,"['YEL059C-A', 'YMR035W', 'YMR150C']"
mitochondrial inner membrane presequence translocase complex,12,"['YGR033C', 'YIL022W', 'YJL104W', 'YJL143W', 'YJR045C', 'YKR065C', 'YLR008C', 'YNL328C', 'YNR017W', 'YOR232W', 'YPL063W', 'YPL098C']"
mitochondrial inner membrane protein insertion complex,6,"['YBR091C', 'YDL217C', 'YEL020W-A', 'YJL054W', 'YKL141W', 'YOR297C']"
mitochondrial intermembrane space protein transporter complex,4,"['YEL020W-A', 'YGR181W', 'YHR005C-A', 'YJR135W-A']"
mitochondrial isocitrate dehydrogenase complex (NAD+),2,"['YNL037C', 'YOR136W']"
mitochondrial large ribosomal subunit,50,"['Q0158', 'YBL038W', 'YBR122C', 'YBR268W', 'YBR282W', 'YCR003W', 'YCR046C', 'YCR071C', 'YDL202W', 'YDR115W', 'YDR116C', 'YDR237W', 'YDR296W', 'YDR322W', 'YDR405W', 'YDR462W', 'YEL050C', 'YER154W', 'YGL064C', 'YGL068W', 'YGR076C', 'YGR220C', 'YHR147C', 'YJL063C', 'YJL096W', 'YKL138C', 'YKL167C', 'YKL170W', 'YKR006C', 'YKR085C', 'YLR312W-A', 'YLR439W', 'YML009C', 'YML025C', 'YMR024W', 'YMR193W', 'YMR225C', 'YMR286W', 'YNL005C', 'YNL122C', 'YNL177C', 'YNL185C', 'YNL252C', 'YNL284C', 'YNR022C', 'YOL114C', 'YOR150W', 'YPL173W', 'YPL183W-A', 'YPR100W']"
mitochondrial outer membrane translocase complex,7,"['YGR082W', 'YMR203W', 'YNL070W', 'YNL121C', 'YNL131W', 'YOR045W', 'YPR133W-A']"
mitochondrial oxoglutarate dehydrogenase complex,4,"['YDR148C', 'YFL018C', 'YFR049W', 'YIL125W']"
mitochondrial processing peptidase complex,2,"['YHR024C', 'YLR163C']"
"mitochondrial proton-transporting ATP synthase complex, coupling factor F(o)",12,"['Q0080', 'Q0085', 'Q0130', 'YDR298C', 'YDR322C-A', 'YDR377W', 'YKL016C', 'YLR295C', 'YML081C-A', 'YOL077W-A', 'YPL078C', 'YPR020W']"
mitochondrial proton-transporting ATP synthase complex,17,"['Q0080', 'Q0085', 'Q0130', 'YBL099W', 'YBR039W', 'YDL004W', 'YDR298C', 'YDR322C-A', 'YDR377W', 'YJR121W', 'YKL016C', 'YLR295C', 'YML081C-A', 'YOL077W-A', 'YPL078C', 'YPL271W', 'YPR020W']"
"mitochondrial proton-transporting ATP synthase, catalytic core",2,"['YBL099W', 'YJR121W']"
"mitochondrial proton-transporting ATP synthase, central stalk",3,"['YBR039W', 'YDL004W', 'YPL271W']"
"mitochondrial proton-transporting ATP synthase, stator stalk",3,"['YDR298C', 'YKL016C', 'YPL078C']"
mitochondrial pyruvate dehydrogenase complex,5,"['YBR221C', 'YER178W', 'YFL018C', 'YGR193C', 'YNL071W']"
"mitochondrial respiratory chain complex II, succinate dehydrogenase complex (ubiquinone)",5,"['YDR178W', 'YKL141W', 'YKL148C', 'YLL041C', 'YLR164W']"
mitochondrial respiratory chain complex III,10,"['Q0105', 'YBL045C', 'YDR529C', 'YEL024W', 'YFR033C', 'YGR183C', 'YHR001W-A', 'YJL166W', 'YOR065W', 'YPR191W']"
mitochondrial respiratory chain complex IV,13,"['Q0045', 'Q0250', 'Q0275', 'YDL067C', 'YDR119W-A', 'YGL187C', 'YGL191W', 'YHR051W', 'YIL111W', 'YLR038C', 'YLR395C', 'YMR256C', 'YNL052W']"
mitochondrial respiratory chain supercomplex,3,"['YDR119W-A', 'YML030W', 'YNR018W']"
mitochondrial ribonuclease P complex,2,"['Q0285', 'YML091C']"
mitochondrial ribosome,90,"['Q0020', 'Q0140', 'Q0158', 'YBL038W', 'YBL090W', 'YBR120C', 'YBR122C', 'YBR146W', 'YBR251W', 'YBR268W', 'YBR282W', 'YCR003W', 'YCR046C', 'YCR071C', 'YDL045W-A', 'YDL069C', 'YDL202W', 'YDR041W', 'YDR115W', 'YDR116C', 'YDR175C', 'YDR197W', 'YDR237W', 'YDR296W', 'YDR322W', 'YDR337W', 'YDR347W', 'YDR405W', 'YDR462W', 'YDR494W', 'YEL050C', 'YER050C', 'YER154W', 'YFR049W', 'YGL064C', 'YGL068W', 'YGL129C', 'YGR076C', 'YGR084C', 'YGR165W', 'YGR215W', 'YGR220C', 'YHL004W', 'YHR075C', 'YHR147C', 'YIL093C', 'YJL063C', 'YJL096W', 'YJR101W', 'YJR113C', 'YKL003C', 'YKL138C', 'YKL155C', 'YKL167C', 'YKL170W', 'YKR006C', 'YKR085C', 'YLR289W', 'YLR312W-A', 'YLR439W', 'YML009C', 'YML025C', 'YMR024W', 'YMR158W', 'YMR188C', 'YMR193W', 'YMR225C', 'YMR286W', 'YNL005C', 'YNL122C', 'YNL137C', 'YNL177C', 'YNL185C', 'YNL252C', 'YNL284C', 'YNL306W', 'YNR022C', 'YNR036C', 'YNR037C', 'YOL114C', 'YOR150W', 'YOR158W', 'YPL013C', 'YPL118W', 'YPL132W', 'YPL173W', 'YPL183W-A', 'YPL215W', 'YPR100W', 'YPR166C']"
mitochondrial small ribosomal subunit,34,"['Q0020', 'Q0140', 'YBL090W', 'YBR146W', 'YBR251W', 'YDL045W-A', 'YDR041W', 'YDR175C', 'YDR337W', 'YDR347W', 'YDR494W', 'YER050C', 'YFR049W', 'YGL129C', 'YGR084C', 'YGR165W', 'YGR215W', 'YHL004W', 'YHR075C', 'YIL093C', 'YJR101W', 'YJR113C', 'YKL003C', 'YKL155C', 'YMR158W', 'YMR188C', 'YNL137C', 'YNL306W', 'YNR036C', 'YNR037C', 'YOR158W', 'YPL013C', 'YPL118W', 'YPR166C']"
mitochondrial sorting and assembly machinery complex,4,"['YAL010C', 'YHR083W', 'YMR060C', 'YNL026W']"
mitotic checkpoint complex,4,"['YGL116W', 'YJL013C', 'YJL030W', 'YOR026W']"
mitotic spindle,3,"['YDR130C', 'YKL222C', 'YKR041W']"
monopolin complex,4,"['YCR086W', 'YDR439W', 'YER106W', 'YPL204W']"
multi-eIF complex,10,"['YBR079C', 'YDR429C', 'YER025W', 'YJR007W', 'YMR146C', 'YMR309C', 'YNL244C', 'YOR361C', 'YPL237W', 'YPR041W']"
myosin II complex,3,"['YGL106W', 'YHR023W', 'YPR188C']"
nascent polypeptide-associated complex,4,"['YDR252W', 'YHR193C', 'YIL137C', 'YPL037C']"
negative cofactor 2 complex,2,"['YDR397C', 'YER159C']"
nuclear MIS12/MIND complex,5,"['YAL034W-A', 'YIR010W', 'YJR112W', 'YKL089W', 'YPL233W']"
nuclear RNA export factor complex,2,"['YKL186C', 'YPL169C']"
nuclear SCF ubiquitin ligase complex,2,"['YFL009W', 'YIL046W']"
nuclear cap binding complex,2,"['YMR125W', 'YPL178W']"
nuclear chromatin,133,"['YAL011W', 'YAL013W', 'YBL002W', 'YBL003C', 'YBL054W', 'YBR009C', 'YBR010W', 'YBR095C', 'YBR103W', 'YBR231C', 'YBR245C', 'YCR033W', 'YCR065W', 'YCR066W', 'YDL002C', 'YDL042C', 'YDL074C', 'YDL076C', 'YDL156W', 'YDR155C', 'YDR174W', 'YDR180W', 'YDR181C', 'YDR190C', 'YDR207C', 'YDR223W', 'YDR224C', 'YDR225W', 'YDR227W', 'YDR289C', 'YDR295C', 'YDR334W', 'YDR409W', 'YDR451C', 'YDR485C', 'YDR501W', 'YEL044W', 'YER028C', 'YER088C', 'YER092W', 'YER111C', 'YER147C', 'YER164W', 'YFL013C', 'YFL039C', 'YFR027W', 'YGL058W', 'YGL090W', 'YGL096W', 'YGL097W', 'YGL113W', 'YGL131C', 'YGL150C', 'YGL194C', 'YGL207W', 'YGR002C', 'YGR063C', 'YGR099W', 'YGR163W', 'YHR031C', 'YHR099W', 'YHR207C', 'YIL033C', 'YIL084C', 'YIL112W', 'YIL122W', 'YIL139C', 'YIL153W', 'YIR018W', 'YJL081C', 'YJL164C', 'YJL184W', 'YJR136C', 'YKL032C', 'YKL033W', 'YKL185W', 'YKR029C', 'YKR038C', 'YKR095W-A', 'YLL035W', 'YLR032W', 'YLR052W', 'YLR085C', 'YLR183C', 'YLR223C', 'YLR385C', 'YLR399C', 'YLR442C', 'YML027W', 'YML041C', 'YML069W', 'YMR043W', 'YMR053C', 'YMR075W', 'YMR127C', 'YMR176W', 'YMR182C', 'YMR263W', 'YMR284W', 'YNL021W', 'YNL030W', 'YNL031C', 'YNL059C', 'YNL097C', 'YNL107W', 'YNL215W', 'YNL309W', 'YNL330C', 'YOL004W', 'YOL012C', 'YOL068C', 'YOR005C', 'YOR119C', 'YOR141C', 'YOR156C', 'YOR189W', 'YOR213C', 'YOR244W', 'YOR344C', 'YOR346W', 'YPL008W', 'YPL127C', 'YPL129W', 'YPL139C', 'YPL167C', 'YPL181W', 'YPL203W', 'YPL235W', 'YPR023C', 'YPR065W', 'YPR085C', 'YPR104C', 'YPR179C']"
nuclear cohesin complex,7,"['YDL003W', 'YDR014W', 'YFL008W', 'YIL026C', 'YJL074C', 'YMR001C', 'YMR076C']"
nuclear condensin complex,6,"['YAL001C', 'YBL097W', 'YDR325W', 'YFR031C', 'YLR086W', 'YLR272C']"
nuclear exosome (RNase complex),15,"['YCR035C', 'YDL111C', 'YDR280W', 'YGR095C', 'YGR158C', 'YGR195W', 'YHR069C', 'YHR081W', 'YLR347C', 'YNL189W', 'YNL232W', 'YNR024W', 'YOL021C', 'YOL142W', 'YOR001W']"
nuclear heterochromatin,7,"['YDL042C', 'YDR227W', 'YGR063C', 'YHR031C', 'YLR442C', 'YMR284W', 'YPL235W']"
nuclear microtubule,7,"['YBL031W', 'YFL037W', 'YGL216W', 'YLR186W', 'YML085C', 'YML124C', 'YOR058C']"
nuclear mitotic cohesin complex,6,"['YDL003W', 'YFL008W', 'YIL026C', 'YJL074C', 'YMR001C', 'YMR076C']"
nuclear nucleosome,9,"['YBL002W', 'YBL003C', 'YBR009C', 'YBR010W', 'YDR224C', 'YDR225W', 'YNL030W', 'YNL031C', 'YPL127C']"
nuclear origin of replication recognition complex,6,"['YBR060C', 'YHR118C', 'YLL004W', 'YML065W', 'YNL261W', 'YPR162C']"
nuclear pore central transport channel,12,"['YAR002W', 'YDL088C', 'YDR192C', 'YGL092W', 'YGL172W', 'YGR119C', 'YIL115C', 'YJL041W', 'YKL068W', 'YMR047C', 'YMR153W', 'YOR098C']"
nuclear pore cytoplasmic filaments,7,"['YDL207W', 'YDR192C', 'YIL115C', 'YJL061W', 'YLR335W', 'YMR047C', 'YOR046C']"
nuclear pore inner ring,4,"['YBL079W', 'YER105C', 'YJL039C', 'YML103C']"
nuclear pore linkers,2,"['YFR002W', 'YJL061W']"
nuclear pore nuclear basket,8,"['YAR002W', 'YFR002W', 'YIL149C', 'YJL041W', 'YKR095W', 'YLR335W', 'YMR153W', 'YOR098C']"
nuclear pore outer ring,7,"['YDL116W', 'YGL092W', 'YGL100W', 'YJR042W', 'YKL057C', 'YKR082W', 'YLR208W']"
nuclear pore transmembrane ring,3,"['YLR018C', 'YML031W', 'YMR129W']"
nuclear pore,54,"['YAR002W', 'YBL079W', 'YBR097W', 'YBR111W-A', 'YDL088C', 'YDL116W', 'YDL207W', 'YDR159W', 'YDR192C', 'YDR424C', 'YER105C', 'YER107C', 'YER110C', 'YFR002W', 'YGL016W', 'YGL086W', 'YGL092W', 'YGL100W', 'YGL172W', 'YGR119C', 'YIL063C', 'YIL115C', 'YIL149C', 'YJL030W', 'YJL039C', 'YJL041W', 'YJL061W', 'YJR042W', 'YKL057C', 'YKL068W', 'YKL186C', 'YKR082W', 'YKR095W', 'YLL023C', 'YLR018C', 'YLR064W', 'YLR208W', 'YLR240W', 'YLR335W', 'YLR347C', 'YML031W', 'YML103C', 'YML107C', 'YMR047C', 'YMR129W', 'YMR153W', 'YMR255W', 'YOL072W', 'YOR046C', 'YOR098C', 'YOR112W', 'YPL020C', 'YPL125W', 'YPL169C']"
nuclear pre-replicative complex,17,"['YBL023C', 'YBR060C', 'YBR202W', 'YEL032W', 'YGL201C', 'YHR118C', 'YJL194W', 'YJR046W', 'YLL004W', 'YLR002C', 'YLR103C', 'YLR274W', 'YML065W', 'YNL182C', 'YNL261W', 'YPR019W', 'YPR162C']"
nuclear telomere cap complex,6,"['YBR275C', 'YDL220C', 'YDR082W', 'YLR010C', 'YLR453C', 'YNL216W']"
nuclear telomeric heterochromatin,7,"['YDL042C', 'YDR227W', 'YGR063C', 'YHR031C', 'YLR442C', 'YMR284W', 'YPL235W']"
nucleolar chromatin,4,"['YBR245C', 'YER164W', 'YLL035W', 'YOR119C']"
nucleolar ribonuclease P complex,10,"['RPR1', 'YAL033W', 'YBL018C', 'YBR167C', 'YBR257W', 'YGR030C', 'YHR062C', 'YIR015W', 'YNL221C', 'YNL282W']"
nucleoplasmic THO complex,4,"['YDR138W', 'YHR167W', 'YML062C', 'YNL139C']"
nucleotide-activated protein kinase complex,5,"['YDR422C', 'YDR477W', 'YER027C', 'YGL115W', 'YGL208W']"
nucleotide-excision repair factor 1 complex,3,"['YML095C', 'YMR201C', 'YPL022W']"
nucleotide-excision repair factor 2 complex,3,"['YEL037C', 'YER162C', 'YOR257W']"
nucleotide-excision repair factor 3 complex,7,"['YDR311W', 'YER171W', 'YGR258C', 'YIL143C', 'YLR005W', 'YPL122C', 'YPR056W']"
nucleotide-excision repair factor 4 complex,4,"['YBR114W', 'YJR052W', 'YKL112W', 'YPL046C']"
oligosaccharyltransferase complex,9,"['YDL232W', 'YEL002C', 'YGL022W', 'YGL226C-A', 'YJL002C', 'YML019W', 'YMR149W', 'YOR085W', 'YOR103C']"
outer plaque of spindle pole body,6,"['YAL047C', 'YBR133C', 'YHR172W', 'YLR212C', 'YNL126W', 'YNL225C']"
peroxisomal importomer complex,20,"['YDL078C', 'YDR244W', 'YDR265W', 'YDR424C', 'YGL153W', 'YGR077C', 'YGR132C', 'YGR231C', 'YJL210W', 'YKR096W', 'YLL039C', 'YLR191W', 'YML042W', 'YMR026C', 'YNL009W', 'YNL214W', 'YOL147C', 'YPL112C', 'YPL147W', 'YPL204W']"
phenylalanine-tRNA ligase complex,2,"['YFL022C', 'YLR060W']"
"phosphatidylinositol 3-kinase complex, class III, type I",5,"['YBR097W', 'YBR128C', 'YLR211C', 'YLR240W', 'YPL120W']"
"phosphatidylinositol 3-kinase complex, class III, type II",4,"['YBR097W', 'YLR240W', 'YLR360W', 'YPL120W']"
phosphopantothenoylcysteine decarboxylase complex,3,"['YKL088W', 'YKR072C', 'YOR054C']"
phosphopyruvate hydratase complex,2,"['YGR254W', 'YHR174W']"
polar microtubule,1,['YML085C']
polarisome,6,"['YER149C', 'YLL021W', 'YLR319C', 'YNL271C', 'YNL293W', 'YOL112W']"
polysomal ribosome,4,"['YAL036C', 'YGR271W', 'YNL255C', 'YOR091W']"
polysome,33,"['YAL005C', 'YAL036C', 'YCL037C', 'YCR059C', 'YDL229W', 'YDR152W', 'YDR515W', 'YER176W', 'YGR072W', 'YGR078C', 'YGR178C', 'YGR271W', 'YGR285C', 'YHR064C', 'YHR077C', 'YJL080C', 'YJL087C', 'YKL139W', 'YKL204W', 'YLL024C', 'YLR022C', 'YLR150W', 'YML028W', 'YMR080C', 'YMR125W', 'YNL085W', 'YNL209W', 'YNL255C', 'YOR046C', 'YOR091W', 'YOR198C', 'YPL106C', 'YPL226W']"
post-mRNA release spliceosomal complex,8,"['YAL032C', 'YDR416W', 'YGL120C', 'YGR129W', 'YJR050W', 'YKR022C', 'YLR117C', 'YLR424W']"
post-spliceosomal complex,4,"['YDR088C', 'YER013W', 'YGR006W', 'YJR050W']"
prefoldin complex,6,"['YEL003W', 'YGR078C', 'YJL179W', 'YLR200W', 'YML094W', 'YNL153C']"
"preribosome, large subunit precursor",86,"['YAL025C', 'YAL035W', 'YAL059W', 'YBL027W', 'YBL028C', 'YBR267W', 'YCL054W', 'YDL031W', 'YDL136W', 'YDL191W', 'YDL213C', 'YDR060W', 'YDR083W', 'YDR087C', 'YDR091C', 'YDR101C', 'YDR418W', 'YDR471W', 'YDR496C', 'YDR500C', 'YER002W', 'YER006W', 'YER036C', 'YER056C-A', 'YER126C', 'YFL002C', 'YFR001W', 'YFR031C-A', 'YGL029W', 'YGL076C', 'YGL078C', 'YGL103W', 'YGL111W', 'YGL135W', 'YGR103W', 'YGR218W', 'YHL001W', 'YHR052W', 'YHR066W', 'YHR085W', 'YHR088W', 'YHR170W', 'YIR012W', 'YIR026C', 'YJL177W', 'YKL009W', 'YKL172W', 'YKL180W', 'YKR063C', 'YKR081C', 'YLL008W', 'YLL034C', 'YLR002C', 'YLR009W', 'YLR022C', 'YLR074C', 'YLR106C', 'YLR185W', 'YLR221C', 'YLR340W', 'YLR387C', 'YLR397C', 'YMR049C', 'YMR290C', 'YNL002C', 'YNL061W', 'YNL110C', 'YNL224C', 'YNL227C', 'YNR038W', 'YNR053C', 'YOL041C', 'YOL077C', 'YOL127W', 'YOR046C', 'YOR063W', 'YOR206W', 'YOR272W', 'YOR294W', 'YPL043W', 'YPL093W', 'YPL169C', 'YPL211W', 'YPL226W', 'YPR016C', 'YPR143W']"
"preribosome, small subunit precursor",15,"['YBL004W', 'YBR247C', 'YDL060W', 'YDL148C', 'YDL213C', 'YDR083W', 'YGR081C', 'YGR271C-A', 'YJL010C', 'YJL109C', 'YKL143W', 'YNL178W', 'YNL224C', 'YOR056C', 'YPR144C']"
preribosome,183,"['YAL025C', 'YAL035W', 'YAL059W', 'YBL004W', 'YBL027W', 'YBL028C', 'YBL072C', 'YBR048W', 'YBR181C', 'YBR189W', 'YBR247C', 'YBR267W', 'YCL031C', 'YCL054W', 'YCL059C', 'YCR031C', 'YCR057C', 'YDL014W', 'YDL031W', 'YDL060W', 'YDL136W', 'YDL148C', 'YDL153C', 'YDL191W', 'YDL213C', 'YDR025W', 'YDR060W', 'YDR064W', 'YDR083W', 'YDR087C', 'YDR091C', 'YDR101C', 'YDR174W', 'YDR299W', 'YDR324C', 'YDR339C', 'YDR398W', 'YDR418W', 'YDR449C', 'YDR471W', 'YDR496C', 'YDR500C', 'YEL026W', 'YER002W', 'YER006W', 'YER036C', 'YER056C-A', 'YER082C', 'YER102W', 'YER126C', 'YFL002C', 'YFR001W', 'YFR031C-A', 'YGL019W', 'YGL029W', 'YGL076C', 'YGL078C', 'YGL103W', 'YGL111W', 'YGL120C', 'YGL123W', 'YGL135W', 'YGL171W', 'YGR081C', 'YGR090W', 'YGR103W', 'YGR128C', 'YGR145W', 'YGR214W', 'YGR218W', 'YGR251W', 'YGR271C-A', 'YHL001W', 'YHR052W', 'YHR066W', 'YHR085W', 'YHR088W', 'YHR148W', 'YHR169W', 'YHR170W', 'YHR196W', 'YHR203C', 'YIL035C', 'YIL091C', 'YIR012W', 'YIR026C', 'YJL010C', 'YJL033W', 'YJL069C', 'YJL109C', 'YJL177W', 'YJL191W', 'YJR002W', 'YJR123W', 'YJR145C', 'YKL009W', 'YKL099C', 'YKL143W', 'YKL172W', 'YKL180W', 'YKR060W', 'YKR063C', 'YKR081C', 'YLL008W', 'YLL011W', 'YLL034C', 'YLR002C', 'YLR003C', 'YLR009W', 'YLR022C', 'YLR074C', 'YLR106C', 'YLR129W', 'YLR175W', 'YLR185W', 'YLR186W', 'YLR197W', 'YLR221C', 'YLR222C', 'YLR340W', 'YLR387C', 'YLR397C', 'YLR409C', 'YLR441C', 'YML063W', 'YML093W', 'YMR014W', 'YMR049C', 'YMR093W', 'YMR128W', 'YMR143W', 'YMR229C', 'YMR290C', 'YNL002C', 'YNL061W', 'YNL075W', 'YNL096C', 'YNL110C', 'YNL132W', 'YNL175C', 'YNL178W', 'YNL224C', 'YNL227C', 'YNL308C', 'YNR038W', 'YNR053C', 'YNR054C', 'YOL010W', 'YOL041C', 'YOL077C', 'YOL127W', 'YOR004W', 'YOR039W', 'YOR046C', 'YOR056C', 'YOR061W', 'YOR063W', 'YOR078W', 'YOR096W', 'YOR145C', 'YOR206W', 'YOR272W', 'YOR287C', 'YOR294W', 'YOR310C', 'YPL012W', 'YPL043W', 'YPL081W', 'YPL090C', 'YPL093W', 'YPL126W', 'YPL169C', 'YPL211W', 'YPL217C', 'YPL226W', 'YPL266W', 'YPR016C', 'YPR112C', 'YPR137W', 'YPR143W', 'YPR144C', 'snR17a', 'snR17b']"
presequence translocase-associated import motor,7,"['YIL022W', 'YJL104W', 'YJR045C', 'YKR065C', 'YLR008C', 'YNL328C', 'YOR232W']"
proteasome complex,49,"['YBL041W', 'YBR082C', 'YBR272C', 'YBR295W', 'YDL007W', 'YDL097C', 'YDL147W', 'YDR059C', 'YDR069C', 'YDR177W', 'YDR363W-A', 'YDR394W', 'YDR427W', 'YEL037C', 'YER012W', 'YER021W', 'YER094C', 'YFL007W', 'YFR004W', 'YFR010W', 'YFR050C', 'YFR052W', 'YGL011C', 'YGL048C', 'YGL058W', 'YGL141W', 'YGR135W', 'YGR184C', 'YGR232W', 'YGR253C', 'YHL030W', 'YHR027C', 'YHR052W', 'YHR200W', 'YIL075C', 'YJL001W', 'YKL145W', 'YLR421C', 'YLR450W', 'YML092C', 'YMR314W', 'YOL038W', 'YOR117W', 'YOR157C', 'YOR259C', 'YOR261C', 'YOR362C', 'YPR103W', 'YPR108W']"
"proteasome core complex, alpha-subunit complex",7,"['YGL011C', 'YGR135W', 'YGR253C', 'YML092C', 'YMR314W', 'YOL038W', 'YOR362C']"
"proteasome core complex, beta-subunit complex",7,"['YBL041W', 'YER012W', 'YER094C', 'YFR050C', 'YJL001W', 'YOR157C', 'YPR103W']"
proteasome core complex,16,"['YBL041W', 'YBR295W', 'YER012W', 'YER094C', 'YFL007W', 'YFR050C', 'YGL011C', 'YGR135W', 'YGR253C', 'YJL001W', 'YML092C', 'YMR314W', 'YOL038W', 'YOR157C', 'YOR362C', 'YPR103W']"
"proteasome regulatory particle, base subcomplex",11,"['YBR272C', 'YDL007W', 'YDR394W', 'YGL048C', 'YGR184C', 'YHR027C', 'YHR200W', 'YIL075C', 'YKL145W', 'YOR117W', 'YOR259C']"
"proteasome regulatory particle, lid subcomplex",10,"['YDL097C', 'YDL147W', 'YDR363W-A', 'YDR427W', 'YER021W', 'YFR004W', 'YFR052W', 'YLR421C', 'YOR261C', 'YPR108W']"
proteasome regulatory particle,23,"['YBR272C', 'YDL007W', 'YDL097C', 'YDL147W', 'YDR363W-A', 'YDR394W', 'YDR427W', 'YER021W', 'YFR004W', 'YFR010W', 'YFR052W', 'YGL048C', 'YGR184C', 'YGR232W', 'YHR027C', 'YHR200W', 'YIL075C', 'YKL145W', 'YLR421C', 'YOR117W', 'YOR259C', 'YOR261C', 'YPR108W']"
proteasome storage granule,26,"['YBL041W', 'YDL097C', 'YDL147W', 'YDR363W-A', 'YDR427W', 'YER012W', 'YER094C', 'YFL007W', 'YFR004W', 'YFR050C', 'YFR052W', 'YGL011C', 'YGL048C', 'YGR135W', 'YGR253C', 'YHR027C', 'YIL075C', 'YJL001W', 'YLR421C', 'YML092C', 'YMR314W', 'YOL038W', 'YOR157C', 'YOR261C', 'YOR362C', 'YPR103W']"
protein farnesyltransferase complex,2,"['YDL090C', 'YKL019W']"
protein kinase CK2 complex,4,"['YGL019W', 'YIL035C', 'YOR039W', 'YOR061W']"
protein phosphatase 4 complex,3,"['YBL046W', 'YDR075W', 'YNL201C']"
protein phosphatase type 1 complex,9,"['YBR045C', 'YBR050C', 'YDR028C', 'YDR130C', 'YER054C', 'YER133W', 'YKL193C', 'YLR273C', 'YOR178C']"
protein phosphatase type 2A complex,5,"['YAL016W', 'YDL047W', 'YDL134C', 'YGL190C', 'YPL152W']"
"proton-transporting ATP synthase complex, catalytic core F(1)",5,"['YBL099W', 'YBR039W', 'YDL004W', 'YJR121W', 'YPL271W']"
rDNA heterochromatin,11,"['YDR026C', 'YDR110W', 'YDR174W', 'YDR398W', 'YGR063C', 'YGR128C', 'YHR196W', 'YJL109C', 'YML010W', 'YMR093W', 'YPL126W']"
replication fork protection complex,25,"['YBL002W', 'YBL003C', 'YBL023C', 'YBR009C', 'YBR010W', 'YBR202W', 'YCL061C', 'YDR013W', 'YDR224C', 'YDR225W', 'YDR489W', 'YEL032W', 'YGL201C', 'YGL207W', 'YIL150C', 'YJL072C', 'YLR103C', 'YLR274W', 'YML069W', 'YMR048W', 'YNL273W', 'YOL006C', 'YOL146W', 'YPR019W', 'YPR135W']"
retromer complex,6,"['YHR012W', 'YJL053W', 'YJL154C', 'YML001W', 'YOR069W', 'YOR132W']"
"retromer, cargo-selective complex",4,"['YHR012W', 'YJL053W', 'YJL154C', 'YML001W']"
"retromer, tubulation complex",2,"['YOR069W', 'YOR132W']"
ribonuclease H2 complex,3,"['YDR279W', 'YLR154C', 'YNL072W']"
ribonuclease MRP complex,11,"['NME1', 'YAL033W', 'YBL018C', 'YBR167C', 'YBR257W', 'YDR478W', 'YGR030C', 'YHR062C', 'YLR145W', 'YNL221C', 'YNL282W']"
ribonuclease P complex,12,"['Q0285', 'RPR1', 'YAL033W', 'YBL018C', 'YBR167C', 'YBR257W', 'YGR030C', 'YHR062C', 'YIR015W', 'YML091C', 'YNL221C', 'YNL282W']"
ribonucleoside-diphosphate reductase complex,4,"['YER070W', 'YGR180C', 'YIL066C', 'YJL026W']"
ribose phosphate diphosphokinase complex,5,"['YBL068W', 'YER099C', 'YHL011C', 'YKL181W', 'YOL061W']"
ribosome,360,"['Q0020', 'Q0140', 'Q0158', 'RDN18-1', 'RDN18-2', 'RDN25-1', 'RDN25-2', 'RDN5-1', 'RDN5-2', 'RDN5-3', 'RDN5-4', 'RDN5-5', 'RDN5-6', 'RDN58-1', 'RDN58-2', 'YAL035W', 'YAL036C', 'YBL027W', 'YBL028C', 'YBL038W', 'YBL072C', 'YBL087C', 'YBL090W', 'YBL092W', 'YBR031W', 'YBR048W', 'YBR084C-A', 'YBR101C', 'YBR120C', 'YBR122C', 'YBR146W', 'YBR160W', 'YBR181C', 'YBR189W', 'YBR191W', 'YBR251W', 'YBR267W', 'YBR268W', 'YBR282W', 'YCR003W', 'YCR031C', 'YCR046C', 'YCR059C', 'YCR071C', 'YCR072C', 'YCR077C', 'YDL014W', 'YDL040C', 'YDL045W-A', 'YDL061C', 'YDL069C', 'YDL075W', 'YDL081C', 'YDL082W', 'YDL083C', 'YDL110C', 'YDL126C', 'YDL130W', 'YDL133C-A', 'YDL136W', 'YDL184C', 'YDL191W', 'YDL202W', 'YDR012W', 'YDR025W', 'YDR026C', 'YDR041W', 'YDR064W', 'YDR077W', 'YDR091C', 'YDR101C', 'YDR115W', 'YDR116C', 'YDR117C', 'YDR175C', 'YDR186C', 'YDR197W', 'YDR237W', 'YDR239C', 'YDR266C', 'YDR283C', 'YDR296W', 'YDR322W', 'YDR333C', 'YDR337W', 'YDR347W', 'YDR382W', 'YDR385W', 'YDR405W', 'YDR418W', 'YDR447C', 'YDR450W', 'YDR462W', 'YDR471W', 'YDR494W', 'YDR496C', 'YDR500C', 'YEL034W', 'YEL043W', 'YEL047C', 'YEL050C', 'YEL054C', 'YER007C-A', 'YER036C', 'YER050C', 'YER074W', 'YER102W', 'YER117W', 'YER131W', 'YER154W', 'YER165W', 'YFL023W', 'YFL034C-A', 'YFR009W', 'YFR031C-A', 'YFR032C-A', 'YFR044C', 'YFR049W', 'YGL030W', 'YGL031C', 'YGL064C', 'YGL068W', 'YGL076C', 'YGL099W', 'YGL103W', 'YGL123W', 'YGL129C', 'YGL135W', 'YGL147C', 'YGL160W', 'YGL189C', 'YGL195W', 'YGR027C', 'YGR034W', 'YGR054W', 'YGR076C', 'YGR084C', 'YGR085C', 'YGR118W', 'YGR148C', 'YGR165W', 'YGR198W', 'YGR214W', 'YGR215W', 'YGR220C', 'YGR242W', 'YGR271W', 'YGR283C', 'YGR285C', 'YGR287C', 'YHL001W', 'YHL004W', 'YHL013C', 'YHL015W', 'YHL033C', 'YHL035C', 'YHR010W', 'YHR013C', 'YHR020W', 'YHR021C', 'YHR075C', 'YHR080C', 'YHR113W', 'YHR121W', 'YHR141C', 'YHR147C', 'YHR170W', 'YHR203C', 'YIL016W', 'YIL018W', 'YIL052C', 'YIL069C', 'YIL093C', 'YIL133C', 'YIL137C', 'YIL148W', 'YIR003W', 'YIR012W', 'YJL028W', 'YJL063C', 'YJL096W', 'YJL118W', 'YJL122W', 'YJL123C', 'YJL136C', 'YJL138C', 'YJL177W', 'YJL189W', 'YJL190C', 'YJL191W', 'YJL207C', 'YJL213W', 'YJR007W', 'YJR014W', 'YJR047C', 'YJR094W-A', 'YJR101W', 'YJR113C', 'YJR123W', 'YJR145C', 'YKL003C', 'YKL006W', 'YKL056C', 'YKL065C', 'YKL081W', 'YKL082C', 'YKL138C', 'YKL155C', 'YKL156W', 'YKL167C', 'YKL170W', 'YKL180W', 'YKL222C', 'YKR006C', 'YKR057W', 'YKR085C', 'YKR094C', 'YKR096W', 'YLL023C', 'YLL032C', 'YLL045C', 'YLR029C', 'YLR048W', 'YLR061W', 'YLR075W', 'YLR167W', 'YLR185W', 'YLR244C', 'YLR249W', 'YLR264W', 'YLR287C-A', 'YLR289W', 'YLR312W-A', 'YLR325C', 'YLR327C', 'YLR333C', 'YLR340W', 'YLR344W', 'YLR367W', 'YLR387C', 'YLR388W', 'YLR406C', 'YLR439W', 'YLR441C', 'YLR448W', 'YML009C', 'YML024W', 'YML025C', 'YML026C', 'YML063W', 'YML073C', 'YML107C', 'YMR024W', 'YMR040W', 'YMR086W', 'YMR114C', 'YMR116C', 'YMR121C', 'YMR142C', 'YMR143W', 'YMR158W', 'YMR188C', 'YMR193W', 'YMR194W', 'YMR225C', 'YMR226C', 'YMR230W', 'YMR237W', 'YMR242C', 'YMR247C', 'YMR269W', 'YMR286W', 'YMR295C', 'YNL005C', 'YNL007C', 'YNL014W', 'YNL067W', 'YNL069C', 'YNL081C', 'YNL096C', 'YNL122C', 'YNL137C', 'YNL162W', 'YNL177C', 'YNL178W', 'YNL185C', 'YNL208W', 'YNL227C', 'YNL247W', 'YNL252C', 'YNL255C', 'YNL284C', 'YNL301C', 'YNL302C', 'YNL306W', 'YNL311C', 'YNR022C', 'YNR024W', 'YNR036C', 'YNR037C', 'YOL039W', 'YOL040C', 'YOL070C', 'YOL099C', 'YOL111C', 'YOL114C', 'YOL120C', 'YOL121C', 'YOL127W', 'YOL138C', 'YOL139C', 'YOR019W', 'YOR063W', 'YOR091W', 'YOR096W', 'YOR133W', 'YOR150W', 'YOR158W', 'YOR167C', 'YOR175C', 'YOR182C', 'YOR227W', 'YOR234C', 'YOR252W', 'YOR253W', 'YOR293W', 'YOR312C', 'YOR369C', 'YPL009C', 'YPL012W', 'YPL013C', 'YPL073C', 'YPL079W', 'YPL081W', 'YPL090C', 'YPL105C', 'YPL110C', 'YPL118W', 'YPL131W', 'YPL132W', 'YPL137C', 'YPL143W', 'YPL173W', 'YPL183W-A', 'YPL198W', 'YPL215W', 'YPL220W', 'YPL225W', 'YPL249C-A', 'YPR041W', 'YPR043W', 'YPR080W', 'YPR091C', 'YPR096C', 'YPR100W', 'YPR102C', 'YPR132W', 'YPR148C', 'YPR163C', 'YPR166C']"
septin complex,7,"['YBR148W', 'YCR002C', 'YDR218C', 'YGR059W', 'YHR107C', 'YJR076C', 'YLR314C']"
serine C-palmitoyltransferase complex,6,"['YBR058C-A', 'YDR062W', 'YGR038W', 'YKL212W', 'YLR350W', 'YMR296C']"
signal peptidase complex,4,"['YIR022W', 'YJR010C-A', 'YLR066W', 'YML055W']"
signal recognition particle receptor complex,2,"['YDR292C', 'YKL154W']"
"signal recognition particle, endoplasmic reticulum targeting",7,"['YDL092W', 'YKL122C', 'YML105C', 'YNCE0024W', 'YPL210C', 'YPL243W', 'YPR088C']"
small nuclear ribonucleoprotein complex,64,"['YBL026W', 'YBL074C', 'YBR055C', 'YBR119W', 'YBR152W', 'YCR063W', 'YDL087C', 'YDL098C', 'YDR235W', 'YDR240C', 'YDR243C', 'YDR378C', 'YDR473C', 'YEL026W', 'YER029C', 'YER112W', 'YER127W', 'YER146W', 'YER172C', 'YFL017W-A', 'YGR006W', 'YGR013W', 'YGR074W', 'YGR075C', 'YGR091W', 'YHR086W', 'YHR156C', 'YHR165C', 'YIL061C', 'YIR005W', 'YIR009W', 'YJL203W', 'YJR022W', 'YKL012W', 'YKL173W', 'YLR147C', 'YLR275W', 'YLR298C', 'YLR438C-A', 'YML046W', 'YML049C', 'YMR240C', 'YMR268C', 'YMR288W', 'YNCB0019C', 'YNL138W-A', 'YNL147W', 'YNL187W', 'YNL210W', 'YNL286W', 'YOR159C', 'YOR308C', 'YOR319W', 'YPL213W', 'YPR057W', 'YPR082C', 'YPR094W', 'YPR178W', 'YPR182W', 'snR14', 'snR19', 'snR6', 'snR7-L', 'snR7-S']"
small nucleolar ribonucleoprotein complex,105,"['NME1', 'YAL033W', 'YBL018C', 'YBL026W', 'YBR167C', 'YBR257W', 'YDL014W', 'YDL208W', 'YDR378C', 'YDR478W', 'YEL026W', 'YER112W', 'YER127W', 'YER146W', 'YGR030C', 'YHR034C', 'YHR062C', 'YHR072W-A', 'YHR089C', 'YLR145W', 'YLR175W', 'YLR197W', 'YLR438C-A', 'YMR290C', 'YNL147W', 'YNL221C', 'YNL282W', 'YOR310C', 'YPR137W', 'snR10', 'snR11', 'snR128', 'snR13', 'snR161', 'snR17a', 'snR17b', 'snR18', 'snR189', 'snR190', 'snR191', 'snR24', 'snR3', 'snR30', 'snR31', 'snR32', 'snR33', 'snR34', 'snR35', 'snR36', 'snR37', 'snR38', 'snR39', 'snR39B', 'snR4', 'snR40', 'snR41', 'snR42', 'snR43', 'snR44', 'snR45', 'snR46', 'snR47', 'snR48', 'snR49', 'snR5', 'snR50', 'snR51', 'snR52', 'snR53', 'snR54', 'snR55', 'snR56', 'snR57', 'snR58', 'snR59', 'snR60', 'snR61', 'snR62', 'snR63', 'snR64', 'snR65', 'snR66', 'snR67', 'snR68', 'snR69', 'snR70', 'snR71', 'snR72', 'snR73', 'snR74', 'snR75', 'snR76', 'snR77', 'snR78', 'snR79', 'snR8', 'snR80', 'snR81', 'snR82', 'snR83', 'snR84', 'snR85', 'snR86', 'snR87', 'snR9']"
small ribosomal subunit,100,"['Q0020', 'Q0140', 'RDN18-1', 'RDN18-2', 'YAL035W', 'YBL072C', 'YBL090W', 'YBR048W', 'YBR146W', 'YBR181C', 'YBR189W', 'YBR251W', 'YCR031C', 'YCR077C', 'YDL045W-A', 'YDL061C', 'YDL083C', 'YDR025W', 'YDR041W', 'YDR064W', 'YDR175C', 'YDR337W', 'YDR347W', 'YDR447C', 'YDR450W', 'YDR494W', 'YER050C', 'YER074W', 'YER102W', 'YER131W', 'YFR049W', 'YGL123W', 'YGL129C', 'YGL189C', 'YGR027C', 'YGR054W', 'YGR084C', 'YGR118W', 'YGR165W', 'YGR214W', 'YGR215W', 'YHL004W', 'YHL015W', 'YHR021C', 'YHR075C', 'YHR203C', 'YIL069C', 'YIL093C', 'YJL136C', 'YJL190C', 'YJL191W', 'YJR101W', 'YJR113C', 'YJR123W', 'YJR145C', 'YKL003C', 'YKL155C', 'YKL156W', 'YKR057W', 'YLR048W', 'YLR167W', 'YLR264W', 'YLR287C-A', 'YLR333C', 'YLR367W', 'YLR388W', 'YLR441C', 'YML024W', 'YML026C', 'YML063W', 'YMR116C', 'YMR143W', 'YMR158W', 'YMR188C', 'YMR230W', 'YNL007C', 'YNL081C', 'YNL096C', 'YNL137C', 'YNL178W', 'YNL302C', 'YNL306W', 'YNR036C', 'YNR037C', 'YOL040C', 'YOL121C', 'YOR096W', 'YOR158W', 'YOR167C', 'YOR182C', 'YOR293W', 'YOR369C', 'YPL013C', 'YPL081W', 'YPL090C', 'YPL118W', 'YPR041W', 'YPR132W', 'YPR163C', 'YPR166C']"
small-subunit processome,53,"['YBL004W', 'YBR181C', 'YBR189W', 'YCL059C', 'YCR031C', 'YCR057C', 'YDL014W', 'YDL148C', 'YDL153C', 'YDR174W', 'YDR299W', 'YDR324C', 'YDR339C', 'YDR398W', 'YDR449C', 'YEL026W', 'YER082C', 'YGL123W', 'YGR090W', 'YGR128C', 'YGR145W', 'YHR148W', 'YHR196W', 'YIL091C', 'YJL033W', 'YJL069C', 'YJL109C', 'YJL191W', 'YJR002W', 'YKL099C', 'YLL011W', 'YLR129W', 'YLR186W', 'YLR197W', 'YLR222C', 'YLR409C', 'YML093W', 'YMR093W', 'YMR128W', 'YMR229C', 'YNL075W', 'YNL096C', 'YOR004W', 'YOR078W', 'YOR096W', 'YOR310C', 'YPL081W', 'YPL090C', 'YPL126W', 'YPR137W', 'YPR144C', 'snR17a', 'snR17b']"
spindle microtubule,21,"['YBL031W', 'YBL063W', 'YBR156C', 'YBR160W', 'YCL029C', 'YCR002C', 'YDR130C', 'YDR218C', 'YEL061C', 'YFL037W', 'YHR129C', 'YJR076C', 'YKR054C', 'YLL049W', 'YLR045C', 'YML085C', 'YML124C', 'YMR294W', 'YOL069W', 'YPL174C', 'YPL209C']"
spindle midzone,7,"['YBR156C', 'YER016W', 'YGR140W', 'YJR089W', 'YOR058C', 'YOR195W', 'YPL209C']"
spindle pole body,71,"['YAL016W', 'YAL047C', 'YAR019C', 'YBL034C', 'YBL063W', 'YBR109C', 'YBR133C', 'YBR160W', 'YBR211C', 'YCL029C', 'YDL028C', 'YDL239C', 'YDR130C', 'YDR356W', 'YDR532C', 'YER016W', 'YER133W', 'YFL037W', 'YFR028C', 'YGL075C', 'YGL093W', 'YGL170C', 'YGR092W', 'YGR218W', 'YHR129C', 'YHR172W', 'YIL106W', 'YIL149C', 'YJL019W', 'YJR053W', 'YKL042W', 'YKR054C', 'YKR095W', 'YLL003W', 'YLL049W', 'YLR045C', 'YLR210W', 'YLR212C', 'YLR315W', 'YLR319C', 'YLR457C', 'YML031W', 'YML064C', 'YML085C', 'YML124C', 'YMR055C', 'YMR198W', 'YMR294W', 'YNL126W', 'YNL188W', 'YNL225C', 'YOL069W', 'YOL091W', 'YOR014W', 'YOR060C', 'YOR073W', 'YOR177C', 'YOR233W', 'YOR257W', 'YOR373W', 'YPL124W', 'YPL174C', 'YPL192C', 'YPL204W', 'YPL253C', 'YPL255W', 'YPL269W', 'YPR111W', 'YPR119W', 'YPR141C', 'YPR174C']"
spindle pole,7,"['YAL034W-A', 'YER016W', 'YIR010W', 'YML085C', 'YMR001C', 'YPL233W', 'YPR141C']"
spindle,38,"['YAL034W-A', 'YBL031W', 'YBL063W', 'YBR156C', 'YBR160W', 'YCL029C', 'YCR002C', 'YDR113C', 'YDR130C', 'YDR218C', 'YEL061C', 'YER016W', 'YFL037W', 'YGR098C', 'YGR140W', 'YHR014W', 'YHR129C', 'YIR010W', 'YJR076C', 'YJR089W', 'YKL222C', 'YKR041W', 'YKR054C', 'YLL049W', 'YLR045C', 'YML085C', 'YML124C', 'YMR001C', 'YMR198W', 'YMR294W', 'YOL069W', 'YOR058C', 'YOR195W', 'YPL174C', 'YPL209C', 'YPL233W', 'YPR119W', 'YPR141C']"
spliceosomal complex,61,"['YAL032C', 'YBR119W', 'YBR188C', 'YDL030W', 'YDL043C', 'YDL084W', 'YDL087C', 'YDL209C', 'YDR088C', 'YDR163W', 'YDR235W', 'YDR240C', 'YDR364C', 'YDR416W', 'YDR482C', 'YER013W', 'YER029C', 'YFL017W-A', 'YGL120C', 'YGL128C', 'YGR006W', 'YGR013W', 'YGR074W', 'YGR129W', 'YGR278W', 'YHR086W', 'YIL061C', 'YIR009W', 'YJL203W', 'YJR050W', 'YKL012W', 'YKL074C', 'YKL095W', 'YKR022C', 'YKR086W', 'YLL036C', 'YLR116W', 'YLR117C', 'YLR147C', 'YLR275W', 'YLR298C', 'YLR323C', 'YLR424W', 'YML046W', 'YML049C', 'YMR125W', 'YMR213W', 'YMR240C', 'YMR288W', 'YNL245C', 'YNR011C', 'YOR148C', 'YOR159C', 'YOR319W', 'YPL064C', 'YPL151C', 'YPL178W', 'YPL213W', 'YPR101W', 'snR14', 'snR19']"
sulfite reductase complex (NADPH),2,"['YFR030W', 'YJR137C']"
t-UTP complex,7,"['YDR324C', 'YDR398W', 'YGR128C', 'YHR196W', 'YJL109C', 'YMR093W', 'YPL126W']"
tRNA (m1A) methyltransferase complex,2,"['YJL125C', 'YNL062C']"
tRNA (m2G10) methyltransferase complex,2,"['YNR046W', 'YOL124C']"
tRNA methyltransferase complex,6,"['YDL201W', 'YDR165W', 'YJL125C', 'YNL062C', 'YNR046W', 'YOL124C']"
tRNA-intron endonuclease complex,4,"['YAR008W', 'YLR105C', 'YMR059W', 'YPL083C']"
telomerase catalytic core complex,2,"['TLC1', 'YLR318W']"
telomerase holoenzyme complex,41,"['TLC1', 'YBR167C', 'YDL208W', 'YGR030C', 'YHR072W-A', 'YHR089C', 'YIL009C-A', 'YLR175W', 'YLR233C', 'YLR318W', 'YMR290C', 'YNL221C', 'snR10', 'snR11', 'snR161', 'snR189', 'snR191', 'snR3', 'snR30', 'snR31', 'snR32', 'snR33', 'snR34', 'snR35', 'snR36', 'snR37', 'snR42', 'snR43', 'snR44', 'snR46', 'snR49', 'snR5', 'snR8', 'snR80', 'snR81', 'snR82', 'snR83', 'snR84', 'snR85', 'snR86', 'snR9']"
telosome,3,"['YBR275C', 'YLR453C', 'YNL216W']"
transcription elongation factor complex,20,"['YAL021C', 'YBR279W', 'YDR138W', 'YGL207W', 'YGL244W', 'YGR063C', 'YHR167W', 'YJL006C', 'YKL139W', 'YKL160W', 'YLR418C', 'YML010W', 'YML062C', 'YML069W', 'YML112W', 'YNL139C', 'YNL230C', 'YOL145C', 'YOR123C', 'YPL046C']"
transcription export complex 2,4,"['YBR111W-A', 'YDR159W', 'YOL072W', 'YOR257W']"
transcription export complex,7,"['YDL084W', 'YDR138W', 'YDR381W', 'YHR167W', 'YML062C', 'YNL139C', 'YNL253W']"
transcription factor TFIIA complex,2,"['YKL058W', 'YOR194C']"
transcription factor TFIID complex,15,"['YBR198C', 'YCR042C', 'YDR145W', 'YDR167W', 'YER148W', 'YGL112C', 'YGR274C', 'YML015C', 'YML098W', 'YML114C', 'YMR005W', 'YMR227C', 'YMR236W', 'YPL011C', 'YPL129W']"
transcription factor TFIIE complex,2,"['YKL028W', 'YKR062W']"
transcription factor TFIIF complex,3,"['YGR005C', 'YGR186W', 'YPL129W']"
transcription factor TFIIIB complex,3,"['YER148W', 'YGR246C', 'YNL039W']"
transcription factor TFIIIC complex,6,"['YAL001C', 'YBR123C', 'YDR362C', 'YGR047C', 'YOR110W', 'YPL007C']"
transcription factor complex,81,"['YAL001C', 'YAL051W', 'YBL014C', 'YBL021C', 'YBL025W', 'YBL093C', 'YBR123C', 'YBR193C', 'YBR198C', 'YBR253W', 'YCR042C', 'YDL005C', 'YDL056W', 'YDL108W', 'YDR079C-A', 'YDR123C', 'YDR145W', 'YDR167W', 'YDR308C', 'YDR311W', 'YDR362C', 'YDR460W', 'YER022W', 'YER111C', 'YER148W', 'YER171W', 'YGL025C', 'YGL112C', 'YGL127C', 'YGL237C', 'YGR005C', 'YGR047C', 'YGR104C', 'YGR186W', 'YGR246C', 'YGR274C', 'YHR041C', 'YHR058C', 'YIL143C', 'YJL025W', 'YKL028W', 'YKL058W', 'YKL109W', 'YKR062W', 'YLR005W', 'YLR071C', 'YLR141W', 'YLR182W', 'YML015C', 'YML043C', 'YML098W', 'YML114C', 'YMR005W', 'YMR112C', 'YMR227C', 'YMR236W', 'YMR270C', 'YNL039W', 'YNL236W', 'YNL309W', 'YNR009W', 'YNR010W', 'YOL051W', 'YOL108C', 'YOL135C', 'YOR083W', 'YOR110W', 'YOR174W', 'YOR194C', 'YOR295W', 'YOR352W', 'YOR358W', 'YOR363C', 'YPL007C', 'YPL011C', 'YPL122C', 'YPL129W', 'YPR025C', 'YPR056W', 'YPR070W', 'YPR168W']"
transcriptional preinitiation complex,4,"['YIL143C', 'YKL028W', 'YKR062W', 'YPR086W']"
transcriptional repressor complex,10,"['YBR112C', 'YCR084C', 'YDL042C', 'YDR227W', 'YDR397C', 'YER159C', 'YFR028C', 'YJL076W', 'YKR101W', 'YLR442C']"
transcriptionally active chromatin,8,"['YBR279W', 'YGL244W', 'YGL252C', 'YGR116W', 'YJR084W', 'YLR418C', 'YOL145C', 'YPR045C']"
translation release factor complex,2,"['YBR143C', 'YDR172W']"
tubulin complex,3,"['YFL037W', 'YML085C', 'YML124C']"
ubiquitin conjugating enzyme complex,2,"['YDR092W', 'YGL087C']"
ubiquitin ligase complex,72,"['YBL084C', 'YBR114W', 'YBR170C', 'YBR201W', 'YBR280C', 'YCR066W', 'YDL008W', 'YDL013W', 'YDL091C', 'YDL126C', 'YDL132W', 'YDR054C', 'YDR057W', 'YDR118W', 'YDR131C', 'YDR219C', 'YDR260C', 'YDR306C', 'YDR328C', 'YDR411C', 'YER116C', 'YER125W', 'YFL009W', 'YFR036W', 'YGL003C', 'YGL058W', 'YGL116W', 'YGL240W', 'YGR003W', 'YGR048W', 'YGR225W', 'YHR154W', 'YHR166C', 'YIL030C', 'YIL046W', 'YIR025W', 'YJL047C', 'YJL149W', 'YJR052W', 'YJR090C', 'YKL022C', 'YKL034W', 'YLR097C', 'YLR102C', 'YLR127C', 'YLR207W', 'YLR224W', 'YLR320W', 'YLR352W', 'YLR368W', 'YML013W', 'YML029W', 'YML088W', 'YML111W', 'YMR022W', 'YMR119W', 'YMR264W', 'YMR275C', 'YNL008C', 'YNL159C', 'YNL172W', 'YNL230C', 'YNL311C', 'YOL013C', 'YOL073C', 'YOL133W', 'YOR057W', 'YOR080W', 'YOR223W', 'YOR249C', 'YPL046C', 'YPR164W']"
vacuolar proton-transporting V-type ATPase complex,17,"['YBR127C', 'YCL005W-A', 'YDL185W', 'YEL027W', 'YEL051W', 'YGR020C', 'YGR240C', 'YHR026W', 'YHR039C-A', 'YKL080W', 'YLR447C', 'YMR054W', 'YMR205C', 'YOR270C', 'YOR332W', 'YPL234C', 'YPR036W']"
"vacuolar proton-transporting V-type ATPase, V0 domain",7,"['YCL005W-A', 'YEL027W', 'YHR026W', 'YLR447C', 'YMR054W', 'YOR270C', 'YPL234C']"
"vacuolar proton-transporting V-type ATPase, V1 domain",8,"['YBR127C', 'YDL185W', 'YEL051W', 'YGR020C', 'YHR039C-A', 'YKL080W', 'YOR332W', 'YPR036W']"
vacuolar transporter chaperone complex,5,"['YDR089W', 'YER072W', 'YFL004W', 'YJL012C', 'YPL019C']"
vesicle coat,30,"['YBL037W', 'YDL145C', 'YDL195W', 'YDR153C', 'YDR238C', 'YDR517W', 'YER122C', 'YFR051C', 'YGL137W', 'YGL206C', 'YGR167W', 'YHL019C', 'YHR098C', 'YIL076W', 'YIL109C', 'YJL207C', 'YJR005W', 'YJR058C', 'YJR125C', 'YKL135C', 'YLR170C', 'YLR208W', 'YNL049C', 'YNL287W', 'YOL062C', 'YPL010W', 'YPL218W', 'YPL259C', 'YPR029C', 'YPR181C']"
zeta DNA polymerase complex,2,"['YIL139C', 'YPL167C']"
